prefix,route,channel,serviceType,leadTime,days
AB10,3PLCO,Component Channel,One-person,3 Days,Wednesday
AB11,3PLCO,Component Channel,One-person,3 Days,Wednesday
AB12,3PLCO,Component Channel,One-person,3 Days,Wednesday
AB13,3PLCO,Component Channel,One-person,3 Days,Wednesday
AB14,3PLCO,Component Channel,One-person,3 Days,Wednesday
AB15,3PLCO,Component Channel,One-person,3 Days,Wednesday
AB16,3PLCO,Component Channel,One-person,3 Days,Wednesday
AB21,3PLCO,Component Channel,One-person,3 Days,Wednesday
AB22,3PLCO,Component Channel,One-person,3 Days,Wednesday
AB23,3PLCO,Component Channel,One-person,3 Days,Wednesday
AB24,3PLCO,Component Channel,One-person,3 Days,Wednesday
AB25,3PLCO,Component Channel,One-person,3 Days,Wednesday
AB30,3PLCO,Component Channel,One-person,3 Days,Wednesday
AB31,3PLCO,Component Channel,One-person,3 Days,Wednesday
AB32,3PLCO,Component Channel,One-person,3 Days,Wednesday
AB33,3PLCO,Component Channel,One-person,3 Days,Wednesday
AB34,3PLCO,Component Channel,One-person,3 Days,Wednesday
AB35,3PLCO,Component Channel,One-person,3 Days,Wednesday
AB36,3PLCO,Component Channel,One-person,3 Days,Wednesday
AB37,3PLCO,Component Channel,One-person,3 Days,Wednesday
AB38,3PLCO,Component Channel,One-person,3 Days,Wednesday
AB39,3PLCO,Component Channel,One-person,3 Days,Wednesday
AB41,3PLCO,Component Channel,One-person,3 Days,Wednesday
AB42,3PLCO,Component Channel,One-person,3 Days,Wednesday
AB43,3PLCO,Component Channel,One-person,3 Days,Wednesday
AB44,3PLCO,Component Channel,One-person,3 Days,Wednesday
AB45,3PLCO,Component Channel,One-person,3 Days,Wednesday
AB51,3PLCO,Component Channel,One-person,3 Days,Wednesday
AB52,3PLCO,Component Channel,One-person,3 Days,Wednesday
AB53,3PLCO,Component Channel,One-person,3 Days,Wednesday
AB54,3PLCO,Component Channel,One-person,3 Days,Wednesday
AB55,3PLCO,Component Channel,One-person,3 Days,Wednesday
AB56,3PLCO,Component Channel,One-person,3 Days,Wednesday
HS1,3PLCO,Component Channel,One-person,5 Days,Wednesday
HS2,3PLCO,Component Channel,One-person,5 Days,Wednesday
HS3,3PLCO,Component Channel,One-person,5 Days,Wednesday
HS4,3PLCO,Component Channel,One-person,5 Days,Wednesday
HS5,3PLCO,Component Channel,One-person,5 Days,Wednesday
HS6,3PLCO,Component Channel,One-person,5 Days,Wednesday
HS7,3PLCO,Component Channel,One-person,5 Days,Wednesday
HS8,3PLCO,Component Channel,One-person,5 Days,Wednesday
HS9,3PLCO,Component Channel,One-person,5 Days,Wednesday
KW1,3PLCO,Component Channel,One-person,4 Days,Wednesday
KW2,3PLCO,Component Channel,One-person,4 Days,Wednesday
KW3,3PLCO,Component Channel,One-person,4 Days,Wednesday
KW5,3PLCO,Component Channel,One-person,4 Days,Wednesday
KW6,3PLCO,Component Channel,One-person,4 Days,Wednesday
KW7,3PLCO,Component Channel,One-person,4 Days,Wednesday
KW8,3PLCO,Component Channel,One-person,4 Days,Wednesday
KW9,3PLCO,Component Channel,One-person,4 Days,Wednesday
KW10,3PLCO,Component Channel,One-person,4 Days,Wednesday
KW11,3PLCO,Component Channel,One-person,4 Days,Wednesday
KW12,3PLCO,Component Channel,One-person,4 Days,Wednesday
KW13,3PLCO,Component Channel,One-person,4 Days,Wednesday
KW14,3PLCO,Component Channel,One-person,4 Days,Wednesday
KW15,3PLCO,Component Channel,One-person,4 Days,Wednesday
KW16,3PLCO,Component Channel,One-person,4 Days,Wednesday
KW17,3PLCO,Component Channel,One-person,4 Days,Wednesday
PA20,3PLCO,Component Channel,One-person,3 Days,Wednesday
PA21,3PLCO,Component Channel,One-person,3 Days,Wednesday
PA22,3PLCO,Component Channel,One-person,3 Days,Wednesday
PA23,3PLCO,Component Channel,One-person,3 Days,Wednesday
PA24,3PLCO,Component Channel,One-person,3 Days,Wednesday
PA25,3PLCO,Component Channel,One-person,3 Days,Wednesday
PA26,3PLCO,Component Channel,One-person,3 Days,Wednesday
PA27,3PLCO,Component Channel,One-person,3 Days,Wednesday
PA28,3PLCO,Component Channel,One-person,3 Days,Wednesday
PA29,3PLCO,Component Channel,One-person,3 Days,Wednesday
PA30,3PLCO,Component Channel,One-person,3 Days,Wednesday
PA31,3PLCO,Component Channel,One-person,3 Days,Wednesday
PA32,3PLCO,Component Channel,One-person,3 Days,Wednesday
PA33,3PLCO,Component Channel,One-person,3 Days,Wednesday
PA34,3PLCO,Component Channel,One-person,3 Days,Wednesday
PA35,3PLCO,Component Channel,One-person,3 Days,Wednesday
PA36,3PLCO,Component Channel,One-person,3 Days,Wednesday
PA37,3PLCO,Component Channel,One-person,3 Days,Wednesday
PA38,3PLCO,Component Channel,One-person,3 Days,Wednesday
PA39,3PLCO,Component Channel,One-person,3 Days,Wednesday
PA40,3PLCO,Component Channel,One-person,3 Days,Wednesday
PA41,3PLCO,Component Channel,One-person,3 Days,Wednesday
PA42,3PLCO,Component Channel,One-person,3 Days,Wednesday
PA43,3PLCO,Component Channel,One-person,3 Days,Wednesday
PA44,3PLCO,Component Channel,One-person,3 Days,Wednesday
PA45,3PLCO,Component Channel,One-person,3 Days,Wednesday
PA46,3PLCO,Component Channel,One-person,3 Days,Wednesday
PA47,3PLCO,Component Channel,One-person,3 Days,Wednesday
PA48,3PLCO,Component Channel,One-person,3 Days,Wednesday
PA49,3PLCO,Component Channel,One-person,3 Days,Wednesday
PA60,3PLCO,Component Channel,One-person,3 Days,Wednesday
PA61,3PLCO,Component Channel,One-person,3 Days,Wednesday
PA62,3PLCO,Component Channel,One-person,3 Days,Wednesday
PA63,3PLCO,Component Channel,One-person,3 Days,Wednesday
PA64,3PLCO,Component Channel,One-person,3 Days,Wednesday
PA65,3PLCO,Component Channel,One-person,3 Days,Wednesday
PA66,3PLCO,Component Channel,One-person,3 Days,Wednesday
PA67,3PLCO,Component Channel,One-person,3 Days,Wednesday
PA68,3PLCO,Component Channel,One-person,3 Days,Wednesday
PA69,3PLCO,Component Channel,One-person,3 Days,Wednesday
PA70,3PLCO,Component Channel,One-person,3 Days,Wednesday
PA71,3PLCO,Component Channel,One-person,3 Days,Wednesday
PA72,3PLCO,Component Channel,One-person,3 Days,Wednesday
PA73,3PLCO,Component Channel,One-person,3 Days,Wednesday
PA74,3PLCO,Component Channel,One-person,3 Days,Wednesday
PA75,3PLCO,Component Channel,One-person,3 Days,Wednesday
PA76,3PLCO,Component Channel,One-person,3 Days,Wednesday
PA77,3PLCO,Component Channel,One-person,3 Days,Wednesday
PA78,3PLCO,Component Channel,One-person,3 Days,Wednesday
PA79,3PLCO,Component Channel,One-person,3 Days,Wednesday
PA80,3PLCO,Component Channel,One-person,3 Days,Wednesday
PH8,3PLCO,Component Channel,One-person,2 Days,Wednesday
PH9,3PLCO,Component Channel,One-person,2 Days,Wednesday
PH10,3PLCO,Component Channel,One-person,2 Days,Wednesday
PH15,3PLCO,Component Channel,One-person,2 Days,Wednesday
PH16,3PLCO,Component Channel,One-person,2 Days,Wednesday
PH17,3PLCO,Component Channel,One-person,2 Days,Wednesday
PH18,3PLCO,Component Channel,One-person,2 Days,Wednesday
PH19,3PLCO,Component Channel,One-person,2 Days,Wednesday
PH20,3PLCO,Component Channel,One-person,2 Days,Wednesday
PH21,3PLCO,Component Channel,One-person,2 Days,Wednesday
PH22,3PLCO,Component Channel,One-person,2 Days,Wednesday
PH23,3PLCO,Component Channel,One-person,2 Days,Wednesday
PH24,3PLCO,Component Channel,One-person,2 Days,Wednesday
PH25,3PLCO,Component Channel,One-person,2 Days,Wednesday
PH26,3PLCO,Component Channel,One-person,2 Days,Wednesday
PH27,3PLCO,Component Channel,One-person,2 Days,Wednesday
PH28,3PLCO,Component Channel,One-person,2 Days,Wednesday
PH29,3PLCO,Component Channel,One-person,2 Days,Wednesday
PH30,3PLCO,Component Channel,One-person,2 Days,Wednesday
PH31,3PLCO,Component Channel,One-person,2 Days,Wednesday
PH32,3PLCO,Component Channel,One-person,2 Days,Wednesday
PH33,3PLCO,Component Channel,One-person,2 Days,Wednesday
PH34,3PLCO,Component Channel,One-person,2 Days,Wednesday
PH35,3PLCO,Component Channel,One-person,2 Days,Wednesday
PH36,3PLCO,Component Channel,One-person,2 Days,Wednesday
PH37,3PLCO,Component Channel,One-person,2 Days,Wednesday
PH38,3PLCO,Component Channel,One-person,2 Days,Wednesday
PH39,3PLCO,Component Channel,One-person,2 Days,Wednesday
PH40,3PLCO,Component Channel,One-person,2 Days,Wednesday
PH41,3PLCO,Component Channel,One-person,2 Days,Wednesday
PH42,3PLCO,Component Channel,One-person,2 Days,Wednesday
PH43,3PLCO,Component Channel,One-person,2 Days,Wednesday
PH44,3PLCO,Component Channel,One-person,2 Days,Wednesday
PH49,3PLCO,Component Channel,One-person,2 Days,Wednesday
PH50,3PLCO,Component Channel,One-person,2 Days,Wednesday
PO30,3PLCO,Component Channel,One-person,3 Days,Monday|Tuesday|Wednesday|Thursday|Friday
PO31,3PLCO,Component Channel,One-person,3 Days,Monday|Tuesday|Wednesday|Thursday|Friday
PO32,3PLCO,Component Channel,One-person,3 Days,Monday|Tuesday|Wednesday|Thursday|Friday
PO33,3PLCO,Component Channel,One-person,3 Days,Monday|Tuesday|Wednesday|Thursday|Friday
PO34,3PLCO,Component Channel,One-person,3 Days,Monday|Tuesday|Wednesday|Thursday|Friday
PO35,3PLCO,Component Channel,One-person,3 Days,Monday|Tuesday|Wednesday|Thursday|Friday
PO36,3PLCO,Component Channel,One-person,3 Days,Monday|Tuesday|Wednesday|Thursday|Friday
PO37,3PLCO,Component Channel,One-person,3 Days,Monday|Tuesday|Wednesday|Thursday|Friday
PO38,3PLCO,Component Channel,One-person,3 Days,Monday|Tuesday|Wednesday|Thursday|Friday
PO39,3PLCO,Component Channel,One-person,3 Days,Monday|Tuesday|Wednesday|Thursday|Friday
PO40,3PLCO,Component Channel,One-person,3 Days,Monday|Tuesday|Wednesday|Thursday|Friday
PO41,3PLCO,Component Channel,One-person,3 Days,Monday|Tuesday|Wednesday|Thursday|Friday
ZE1,3PLCO,Component Channel,One-person,5 Days,Wednesday
ZE2,3PLCO,Component Channel,One-person,5 Days,Wednesday
ZE3,3PLCO,Component Channel,One-person,5 Days,Wednesday
AB10,3PLCO,Jigsaw Channel,Two-person,5 Days,Wednesday
AB11,3PLCO,Jigsaw Channel,Two-person,5 Days,Wednesday
AB12,3PLCO,Jigsaw Channel,Two-person,5 Days,Wednesday
AB13,3PLCO,Jigsaw Channel,Two-person,5 Days,Wednesday
AB14,3PLCO,Jigsaw Channel,Two-person,5 Days,Wednesday
AB15,3PLCO,Jigsaw Channel,Two-person,5 Days,Wednesday
AB16,3PLCO,Jigsaw Channel,Two-person,5 Days,Wednesday
AB21,3PLCO,Jigsaw Channel,Two-person,5 Days,Wednesday
AB22,3PLCO,Jigsaw Channel,Two-person,5 Days,Wednesday
AB23,3PLCO,Jigsaw Channel,Two-person,5 Days,Wednesday
AB24,3PLCO,Jigsaw Channel,Two-person,5 Days,Wednesday
AB25,3PLCO,Jigsaw Channel,Two-person,5 Days,Wednesday
AB30,3PLCO,Jigsaw Channel,Two-person,5 Days,Wednesday
AB31,3PLCO,Jigsaw Channel,Two-person,5 Days,Wednesday
AB32,3PLCO,Jigsaw Channel,Two-person,5 Days,Wednesday
AB33,3PLCO,Jigsaw Channel,Two-person,5 Days,Wednesday
AB34,3PLCO,Jigsaw Channel,Two-person,5 Days,Wednesday
AB35,3PLCO,Jigsaw Channel,Two-person,5 Days,Wednesday
AB36,3PLCO,Jigsaw Channel,Two-person,5 Days,Wednesday
AB37,3PLCO,Jigsaw Channel,Two-person,5 Days,Wednesday
AB38,3PLCO,Jigsaw Channel,Two-person,5 Days,Wednesday
AB39,3PLCO,Jigsaw Channel,Two-person,5 Days,Wednesday
AB41,3PLCO,Jigsaw Channel,Two-person,5 Days,Wednesday
AB42,3PLCO,Jigsaw Channel,Two-person,5 Days,Wednesday
AB43,3PLCO,Jigsaw Channel,Two-person,5 Days,Wednesday
AB44,3PLCO,Jigsaw Channel,Two-person,5 Days,Wednesday
AB45,3PLCO,Jigsaw Channel,Two-person,5 Days,Wednesday
AB51,3PLCO,Jigsaw Channel,Two-person,5 Days,Wednesday
AB52,3PLCO,Jigsaw Channel,Two-person,5 Days,Wednesday
AB53,3PLCO,Jigsaw Channel,Two-person,5 Days,Wednesday
AB54,3PLCO,Jigsaw Channel,Two-person,5 Days,Wednesday
AB55,3PLCO,Jigsaw Channel,Two-person,5 Days,Wednesday
AB56,3PLCO,Jigsaw Channel,Two-person,5 Days,Wednesday
HS1,3PLCO,Jigsaw Channel,One-person,5 Days,Wednesday
HS2,3PLCO,Jigsaw Channel,One-person,5 Days,Wednesday
HS3,3PLCO,Jigsaw Channel,One-person,5 Days,Wednesday
HS4,3PLCO,Jigsaw Channel,One-person,5 Days,Wednesday
HS5,3PLCO,Jigsaw Channel,One-person,5 Days,Wednesday
HS6,3PLCO,Jigsaw Channel,One-person,5 Days,Wednesday
HS7,3PLCO,Jigsaw Channel,One-person,5 Days,Wednesday
HS8,3PLCO,Jigsaw Channel,One-person,5 Days,Wednesday
HS9,3PLCO,Jigsaw Channel,One-person,5 Days,Wednesday
IV1,3PLCO,Jigsaw Channel,One-person,5 Days,Wednesday
IV2,3PLCO,Jigsaw Channel,One-person,5 Days,Wednesday
IV3,3PLCO,Jigsaw Channel,One-person,5 Days,Wednesday
IV4,3PLCO,Jigsaw Channel,One-person,5 Days,Wednesday
IV5,3PLCO,Jigsaw Channel,One-person,5 Days,Wednesday
IV6,3PLCO,Jigsaw Channel,One-person,5 Days,Wednesday
IV7,3PLCO,Jigsaw Channel,One-person,5 Days,Wednesday
IV8,3PLCO,Jigsaw Channel,One-person,5 Days,Wednesday
IV9,3PLCO,Jigsaw Channel,One-person,5 Days,Wednesday
IV10,3PLCO,Jigsaw Channel,One-person,5 Days,Wednesday
IV11,3PLCO,Jigsaw Channel,One-person,5 Days,Wednesday
IV12,3PLCO,Jigsaw Channel,One-person,5 Days,Wednesday
IV13,3PLCO,Jigsaw Channel,One-person,5 Days,Wednesday
IV14,3PLCO,Jigsaw Channel,One-person,5 Days,Wednesday
IV15,3PLCO,Jigsaw Channel,One-person,5 Days,Wednesday
IV16,3PLCO,Jigsaw Channel,One-person,5 Days,Wednesday
IV17,3PLCO,Jigsaw Channel,One-person,5 Days,Wednesday
IV18,3PLCO,Jigsaw Channel,One-person,5 Days,Wednesday
IV19,3PLCO,Jigsaw Channel,One-person,5 Days,Wednesday
IV20,3PLCO,Jigsaw Channel,One-person,5 Days,Wednesday
IV21,3PLCO,Jigsaw Channel,One-person,5 Days,Wednesday
IV22,3PLCO,Jigsaw Channel,One-person,5 Days,Wednesday
IV23,3PLCO,Jigsaw Channel,One-person,5 Days,Wednesday
IV24,3PLCO,Jigsaw Channel,One-person,5 Days,Wednesday
IV25,3PLCO,Jigsaw Channel,One-person,5 Days,Wednesday
IV26,3PLCO,Jigsaw Channel,One-person,5 Days,Wednesday
IV27,3PLCO,Jigsaw Channel,One-person,5 Days,Wednesday
IV28,3PLCO,Jigsaw Channel,One-person,5 Days,Wednesday
IV30,3PLCO,Jigsaw Channel,One-person,5 Days,Wednesday
IV31,3PLCO,Jigsaw Channel,One-person,5 Days,Wednesday
IV32,3PLCO,Jigsaw Channel,One-person,5 Days,Wednesday
IV36,3PLCO,Jigsaw Channel,One-person,5 Days,Wednesday
IV40,3PLCO,Jigsaw Channel,One-person,5 Days,Wednesday
IV41,3PLCO,Jigsaw Channel,One-person,5 Days,Wednesday
IV42,3PLCO,Jigsaw Channel,One-person,5 Days,Wednesday
IV43,3PLCO,Jigsaw Channel,One-person,5 Days,Wednesday
IV44,3PLCO,Jigsaw Channel,One-person,5 Days,Wednesday
IV45,3PLCO,Jigsaw Channel,One-person,5 Days,Wednesday
IV46,3PLCO,Jigsaw Channel,One-person,5 Days,Wednesday
IV47,3PLCO,Jigsaw Channel,One-person,5 Days,Wednesday
IV48,3PLCO,Jigsaw Channel,One-person,5 Days,Wednesday
IV49,3PLCO,Jigsaw Channel,One-person,5 Days,Wednesday
IV50,3PLCO,Jigsaw Channel,One-person,5 Days,Wednesday
IV51,3PLCO,Jigsaw Channel,One-person,5 Days,Wednesday
IV52,3PLCO,Jigsaw Channel,One-person,5 Days,Wednesday
IV53,3PLCO,Jigsaw Channel,One-person,5 Days,Wednesday
IV54,3PLCO,Jigsaw Channel,One-person,5 Days,Wednesday
IV55,3PLCO,Jigsaw Channel,One-person,5 Days,Wednesday
IV56,3PLCO,Jigsaw Channel,One-person,5 Days,Wednesday
IV63,3PLCO,Jigsaw Channel,One-person,5 Days,Wednesday
KW1,3PLCO,Jigsaw Channel,One-person,5 Days,Wednesday
KW2,3PLCO,Jigsaw Channel,One-person,5 Days,Wednesday
KW3,3PLCO,Jigsaw Channel,One-person,5 Days,Wednesday
KW5,3PLCO,Jigsaw Channel,One-person,5 Days,Wednesday
KW6,3PLCO,Jigsaw Channel,One-person,5 Days,Wednesday
KW7,3PLCO,Jigsaw Channel,One-person,5 Days,Wednesday
KW8,3PLCO,Jigsaw Channel,One-person,5 Days,Wednesday
KW9,3PLCO,Jigsaw Channel,One-person,5 Days,Wednesday
KW10,3PLCO,Jigsaw Channel,One-person,5 Days,Wednesday
KW11,3PLCO,Jigsaw Channel,One-person,5 Days,Wednesday
KW12,3PLCO,Jigsaw Channel,One-person,5 Days,Wednesday
KW13,3PLCO,Jigsaw Channel,One-person,5 Days,Wednesday
KW14,3PLCO,Jigsaw Channel,One-person,5 Days,Wednesday
KW15,3PLCO,Jigsaw Channel,One-person,5 Days,Wednesday
KW16,3PLCO,Jigsaw Channel,One-person,5 Days,Wednesday
KW17,3PLCO,Jigsaw Channel,One-person,5 Days,Wednesday
PA20,3PLCO,Jigsaw Channel,One-person,5 Days,Wednesday
PA21,3PLCO,Jigsaw Channel,One-person,5 Days,Wednesday
PA22,3PLCO,Jigsaw Channel,One-person,5 Days,Wednesday
PA23,3PLCO,Jigsaw Channel,One-person,5 Days,Wednesday
PA24,3PLCO,Jigsaw Channel,One-person,5 Days,Wednesday
PA25,3PLCO,Jigsaw Channel,One-person,5 Days,Wednesday
PA26,3PLCO,Jigsaw Channel,One-person,5 Days,Wednesday
PA27,3PLCO,Jigsaw Channel,One-person,5 Days,Wednesday
PA28,3PLCO,Jigsaw Channel,One-person,5 Days,Wednesday
PA29,3PLCO,Jigsaw Channel,One-person,5 Days,Wednesday
PA30,3PLCO,Jigsaw Channel,One-person,5 Days,Wednesday
PA31,3PLCO,Jigsaw Channel,One-person,5 Days,Wednesday
PA32,3PLCO,Jigsaw Channel,One-person,5 Days,Wednesday
PA33,3PLCO,Jigsaw Channel,One-person,5 Days,Wednesday
PA34,3PLCO,Jigsaw Channel,One-person,5 Days,Wednesday
PA35,3PLCO,Jigsaw Channel,One-person,5 Days,Wednesday
PA36,3PLCO,Jigsaw Channel,One-person,5 Days,Wednesday
PA37,3PLCO,Jigsaw Channel,One-person,5 Days,Wednesday
PA38,3PLCO,Jigsaw Channel,One-person,5 Days,Wednesday
PA39,3PLCO,Jigsaw Channel,One-person,5 Days,Wednesday
PA40,3PLCO,Jigsaw Channel,One-person,5 Days,Wednesday
PA41,3PLCO,Jigsaw Channel,One-person,5 Days,Wednesday
PA42,3PLCO,Jigsaw Channel,One-person,5 Days,Wednesday
PA43,3PLCO,Jigsaw Channel,One-person,5 Days,Wednesday
PA44,3PLCO,Jigsaw Channel,One-person,5 Days,Wednesday
PA45,3PLCO,Jigsaw Channel,One-person,5 Days,Wednesday
PA46,3PLCO,Jigsaw Channel,One-person,5 Days,Wednesday
PA47,3PLCO,Jigsaw Channel,One-person,5 Days,Wednesday
PA48,3PLCO,Jigsaw Channel,One-person,5 Days,Wednesday
PA49,3PLCO,Jigsaw Channel,One-person,5 Days,Wednesday
PA60,3PLCO,Jigsaw Channel,One-person,5 Days,Wednesday
PA61,3PLCO,Jigsaw Channel,One-person,5 Days,Wednesday
PA62,3PLCO,Jigsaw Channel,One-person,5 Days,Wednesday
PA63,3PLCO,Jigsaw Channel,One-person,5 Days,Wednesday
PA64,3PLCO,Jigsaw Channel,One-person,5 Days,Wednesday
PA65,3PLCO,Jigsaw Channel,One-person,5 Days,Wednesday
PA66,3PLCO,Jigsaw Channel,One-person,5 Days,Wednesday
PA67,3PLCO,Jigsaw Channel,One-person,5 Days,Wednesday
PA68,3PLCO,Jigsaw Channel,One-person,5 Days,Wednesday
PA69,3PLCO,Jigsaw Channel,One-person,5 Days,Wednesday
PA70,3PLCO,Jigsaw Channel,One-person,5 Days,Wednesday
PA71,3PLCO,Jigsaw Channel,One-person,5 Days,Wednesday
PA72,3PLCO,Jigsaw Channel,One-person,5 Days,Wednesday
PA73,3PLCO,Jigsaw Channel,One-person,5 Days,Wednesday
PA74,3PLCO,Jigsaw Channel,One-person,5 Days,Wednesday
PA75,3PLCO,Jigsaw Channel,One-person,5 Days,Wednesday
PA76,3PLCO,Jigsaw Channel,One-person,5 Days,Wednesday
PA77,3PLCO,Jigsaw Channel,One-person,5 Days,Wednesday
PA78,3PLCO,Jigsaw Channel,One-person,5 Days,Wednesday
PA79,3PLCO,Jigsaw Channel,One-person,5 Days,Wednesday
PA80,3PLCO,Jigsaw Channel,One-person,5 Days,Wednesday
PH8,3PLCO,Jigsaw Channel,One-person,5 Days,Wednesday
PH9,3PLCO,Jigsaw Channel,One-person,5 Days,Wednesday
PH10,3PLCO,Jigsaw Channel,One-person,5 Days,Wednesday
PH15,3PLCO,Jigsaw Channel,One-person,5 Days,Wednesday
PH16,3PLCO,Jigsaw Channel,One-person,5 Days,Wednesday
PH17,3PLCO,Jigsaw Channel,One-person,5 Days,Wednesday
PH18,3PLCO,Jigsaw Channel,One-person,5 Days,Wednesday
PH19,3PLCO,Jigsaw Channel,One-person,5 Days,Wednesday
PH20,3PLCO,Jigsaw Channel,One-person,5 Days,Wednesday
PH21,3PLCO,Jigsaw Channel,One-person,5 Days,Wednesday
PH22,3PLCO,Jigsaw Channel,One-person,5 Days,Wednesday
PH23,3PLCO,Jigsaw Channel,One-person,5 Days,Wednesday
PH24,3PLCO,Jigsaw Channel,One-person,5 Days,Wednesday
PH25,3PLCO,Jigsaw Channel,One-person,5 Days,Wednesday
PH26,3PLCO,Jigsaw Channel,One-person,5 Days,Wednesday
PH27,3PLCO,Jigsaw Channel,One-person,5 Days,Wednesday
PH28,3PLCO,Jigsaw Channel,One-person,5 Days,Wednesday
PH29,3PLCO,Jigsaw Channel,One-person,5 Days,Wednesday
PH30,3PLCO,Jigsaw Channel,One-person,5 Days,Wednesday
PH31,3PLCO,Jigsaw Channel,One-person,5 Days,Wednesday
PH32,3PLCO,Jigsaw Channel,One-person,5 Days,Wednesday
PH33,3PLCO,Jigsaw Channel,One-person,5 Days,Wednesday
PH34,3PLCO,Jigsaw Channel,One-person,5 Days,Wednesday
PH35,3PLCO,Jigsaw Channel,One-person,5 Days,Wednesday
PH36,3PLCO,Jigsaw Channel,One-person,5 Days,Wednesday
PH37,3PLCO,Jigsaw Channel,One-person,5 Days,Wednesday
PH38,3PLCO,Jigsaw Channel,One-person,5 Days,Wednesday
PH39,3PLCO,Jigsaw Channel,One-person,5 Days,Wednesday
PH40,3PLCO,Jigsaw Channel,One-person,5 Days,Wednesday
PH41,3PLCO,Jigsaw Channel,One-person,5 Days,Wednesday
PH42,3PLCO,Jigsaw Channel,One-person,5 Days,Wednesday
PH43,3PLCO,Jigsaw Channel,One-person,5 Days,Wednesday
PH44,3PLCO,Jigsaw Channel,One-person,5 Days,Wednesday
PH49,3PLCO,Jigsaw Channel,One-person,5 Days,Wednesday
PH50,3PLCO,Jigsaw Channel,One-person,5 Days,Wednesday
PO30,3PLCO,Jigsaw Channel,One-person,5 Days,Monday|Tuesday|Wednesday|Thursday|Friday
PO31,3PLCO,Jigsaw Channel,One-person,5 Days,Monday|Tuesday|Wednesday|Thursday|Friday
PO32,3PLCO,Jigsaw Channel,One-person,5 Days,Monday|Tuesday|Wednesday|Thursday|Friday
PO33,3PLCO,Jigsaw Channel,One-person,5 Days,Monday|Tuesday|Wednesday|Thursday|Friday
PO34,3PLCO,Jigsaw Channel,One-person,5 Days,Monday|Tuesday|Wednesday|Thursday|Friday
PO35,3PLCO,Jigsaw Channel,One-person,5 Days,Monday|Tuesday|Wednesday|Thursday|Friday
PO36,3PLCO,Jigsaw Channel,One-person,5 Days,Monday|Tuesday|Wednesday|Thursday|Friday
PO37,3PLCO,Jigsaw Channel,One-person,5 Days,Monday|Tuesday|Wednesday|Thursday|Friday
PO38,3PLCO,Jigsaw Channel,One-person,5 Days,Monday|Tuesday|Wednesday|Thursday|Friday
PO39,3PLCO,Jigsaw Channel,One-person,5 Days,Monday|Tuesday|Wednesday|Thursday|Friday
PO40,3PLCO,Jigsaw Channel,One-person,5 Days,Monday|Tuesday|Wednesday|Thursday|Friday
PO41,3PLCO,Jigsaw Channel,One-person,5 Days,Monday|Tuesday|Wednesday|Thursday|Friday
ZE1,3PLCO,Jigsaw Channel,One-person,5 Days,Wednesday
ZE2,3PLCO,Jigsaw Channel,One-person,5 Days,Wednesday
ZE3,3PLCO,Jigsaw Channel,One-person,5 Days,Wednesday
AB10,3PLCO,Merchant Channel,Two-person,5 Days,Wednesday
AB11,3PLCO,Merchant Channel,Two-person,5 Days,Wednesday
AB12,3PLCO,Merchant Channel,Two-person,5 Days,Wednesday
AB13,3PLCO,Merchant Channel,Two-person,5 Days,Wednesday
AB14,3PLCO,Merchant Channel,Two-person,5 Days,Wednesday
AB15,3PLCO,Merchant Channel,Two-person,5 Days,Wednesday
AB16,3PLCO,Merchant Channel,Two-person,5 Days,Wednesday
AB21,3PLCO,Merchant Channel,Two-person,5 Days,Wednesday
AB22,3PLCO,Merchant Channel,Two-person,5 Days,Wednesday
AB23,3PLCO,Merchant Channel,Two-person,5 Days,Wednesday
AB24,3PLCO,Merchant Channel,Two-person,5 Days,Wednesday
AB25,3PLCO,Merchant Channel,Two-person,5 Days,Wednesday
AB30,3PLCO,Merchant Channel,Two-person,5 Days,Wednesday
AB31,3PLCO,Merchant Channel,Two-person,5 Days,Wednesday
AB32,3PLCO,Merchant Channel,Two-person,5 Days,Wednesday
AB33,3PLCO,Merchant Channel,Two-person,5 Days,Wednesday
AB34,3PLCO,Merchant Channel,Two-person,5 Days,Wednesday
AB35,3PLCO,Merchant Channel,Two-person,5 Days,Wednesday
AB36,3PLCO,Merchant Channel,Two-person,5 Days,Wednesday
AB37,3PLCO,Merchant Channel,Two-person,5 Days,Wednesday
AB38,3PLCO,Merchant Channel,Two-person,5 Days,Wednesday
AB39,3PLCO,Merchant Channel,Two-person,5 Days,Wednesday
AB41,3PLCO,Merchant Channel,Two-person,5 Days,Wednesday
AB42,3PLCO,Merchant Channel,Two-person,5 Days,Wednesday
AB43,3PLCO,Merchant Channel,Two-person,5 Days,Wednesday
AB44,3PLCO,Merchant Channel,Two-person,5 Days,Wednesday
AB45,3PLCO,Merchant Channel,Two-person,5 Days,Wednesday
AB51,3PLCO,Merchant Channel,Two-person,5 Days,Wednesday
AB52,3PLCO,Merchant Channel,Two-person,5 Days,Wednesday
AB53,3PLCO,Merchant Channel,Two-person,5 Days,Wednesday
AB54,3PLCO,Merchant Channel,Two-person,5 Days,Wednesday
AB55,3PLCO,Merchant Channel,Two-person,5 Days,Wednesday
AB56,3PLCO,Merchant Channel,Two-person,5 Days,Wednesday
HS1,3PLCO,Merchant Channel,One-person,5 Days,Wednesday
HS2,3PLCO,Merchant Channel,One-person,5 Days,Wednesday
HS3,3PLCO,Merchant Channel,One-person,5 Days,Wednesday
HS4,3PLCO,Merchant Channel,One-person,5 Days,Wednesday
HS5,3PLCO,Merchant Channel,One-person,5 Days,Wednesday
HS6,3PLCO,Merchant Channel,One-person,5 Days,Wednesday
HS7,3PLCO,Merchant Channel,One-person,5 Days,Wednesday
HS8,3PLCO,Merchant Channel,One-person,5 Days,Wednesday
HS9,3PLCO,Merchant Channel,One-person,5 Days,Wednesday
IV1,3PLCO,Merchant Channel,One-person,5 Days,Wednesday
IV2,3PLCO,Merchant Channel,One-person,5 Days,Wednesday
IV3,3PLCO,Merchant Channel,One-person,5 Days,Wednesday
IV4,3PLCO,Merchant Channel,One-person,5 Days,Wednesday
IV5,3PLCO,Merchant Channel,One-person,5 Days,Wednesday
IV6,3PLCO,Merchant Channel,One-person,5 Days,Wednesday
IV7,3PLCO,Merchant Channel,One-person,5 Days,Wednesday
IV8,3PLCO,Merchant Channel,One-person,5 Days,Wednesday
IV9,3PLCO,Merchant Channel,One-person,5 Days,Wednesday
IV10,3PLCO,Merchant Channel,One-person,5 Days,Wednesday
IV11,3PLCO,Merchant Channel,One-person,5 Days,Wednesday
IV12,3PLCO,Merchant Channel,One-person,5 Days,Wednesday
IV13,3PLCO,Merchant Channel,One-person,5 Days,Wednesday
IV14,3PLCO,Merchant Channel,One-person,5 Days,Wednesday
IV15,3PLCO,Merchant Channel,One-person,5 Days,Wednesday
IV16,3PLCO,Merchant Channel,One-person,5 Days,Wednesday
IV17,3PLCO,Merchant Channel,One-person,5 Days,Wednesday
IV18,3PLCO,Merchant Channel,One-person,5 Days,Wednesday
IV19,3PLCO,Merchant Channel,One-person,5 Days,Wednesday
IV20,3PLCO,Merchant Channel,One-person,5 Days,Wednesday
IV21,3PLCO,Merchant Channel,One-person,5 Days,Wednesday
IV22,3PLCO,Merchant Channel,One-person,5 Days,Wednesday
IV23,3PLCO,Merchant Channel,One-person,5 Days,Wednesday
IV24,3PLCO,Merchant Channel,One-person,5 Days,Wednesday
IV25,3PLCO,Merchant Channel,One-person,5 Days,Wednesday
IV26,3PLCO,Merchant Channel,One-person,5 Days,Wednesday
IV27,3PLCO,Merchant Channel,One-person,5 Days,Wednesday
IV28,3PLCO,Merchant Channel,One-person,5 Days,Wednesday
IV30,3PLCO,Merchant Channel,One-person,5 Days,Wednesday
IV31,3PLCO,Merchant Channel,One-person,5 Days,Wednesday
IV32,3PLCO,Merchant Channel,One-person,5 Days,Wednesday
IV36,3PLCO,Merchant Channel,One-person,5 Days,Wednesday
IV40,3PLCO,Merchant Channel,One-person,5 Days,Wednesday
IV41,3PLCO,Merchant Channel,One-person,5 Days,Wednesday
IV42,3PLCO,Merchant Channel,One-person,5 Days,Wednesday
IV43,3PLCO,Merchant Channel,One-person,5 Days,Wednesday
IV44,3PLCO,Merchant Channel,One-person,5 Days,Wednesday
IV45,3PLCO,Merchant Channel,One-person,5 Days,Wednesday
IV46,3PLCO,Merchant Channel,One-person,5 Days,Wednesday
IV47,3PLCO,Merchant Channel,One-person,5 Days,Wednesday
IV48,3PLCO,Merchant Channel,One-person,5 Days,Wednesday
IV49,3PLCO,Merchant Channel,One-person,5 Days,Wednesday
IV50,3PLCO,Merchant Channel,One-person,5 Days,Wednesday
IV51,3PLCO,Merchant Channel,One-person,5 Days,Wednesday
IV52,3PLCO,Merchant Channel,One-person,5 Days,Wednesday
IV53,3PLCO,Merchant Channel,One-person,5 Days,Wednesday
IV54,3PLCO,Merchant Channel,One-person,5 Days,Wednesday
IV55,3PLCO,Merchant Channel,One-person,5 Days,Wednesday
IV56,3PLCO,Merchant Channel,One-person,5 Days,Wednesday
IV63,3PLCO,Merchant Channel,One-person,5 Days,Wednesday
KW1,3PLCO,Merchant Channel,One-person,5 Days,Wednesday
KW2,3PLCO,Merchant Channel,One-person,5 Days,Wednesday
KW3,3PLCO,Merchant Channel,One-person,5 Days,Wednesday
KW5,3PLCO,Merchant Channel,One-person,5 Days,Wednesday
KW6,3PLCO,Merchant Channel,One-person,5 Days,Wednesday
KW7,3PLCO,Merchant Channel,One-person,5 Days,Wednesday
KW8,3PLCO,Merchant Channel,One-person,5 Days,Wednesday
KW9,3PLCO,Merchant Channel,One-person,5 Days,Wednesday
KW10,3PLCO,Merchant Channel,One-person,5 Days,Wednesday
KW11,3PLCO,Merchant Channel,One-person,5 Days,Wednesday
KW12,3PLCO,Merchant Channel,One-person,5 Days,Wednesday
KW13,3PLCO,Merchant Channel,One-person,5 Days,Wednesday
KW14,3PLCO,Merchant Channel,One-person,5 Days,Wednesday
KW15,3PLCO,Merchant Channel,One-person,5 Days,Wednesday
KW16,3PLCO,Merchant Channel,One-person,5 Days,Wednesday
KW17,3PLCO,Merchant Channel,One-person,5 Days,Wednesday
PA20,3PLCO,Merchant Channel,One-person,5 Days,Wednesday
PA21,3PLCO,Merchant Channel,One-person,5 Days,Wednesday
PA22,3PLCO,Merchant Channel,One-person,5 Days,Wednesday
PA23,3PLCO,Merchant Channel,One-person,5 Days,Wednesday
PA24,3PLCO,Merchant Channel,One-person,5 Days,Wednesday
PA25,3PLCO,Merchant Channel,One-person,5 Days,Wednesday
PA26,3PLCO,Merchant Channel,One-person,5 Days,Wednesday
PA27,3PLCO,Merchant Channel,One-person,5 Days,Wednesday
PA28,3PLCO,Merchant Channel,One-person,5 Days,Wednesday
PA29,3PLCO,Merchant Channel,One-person,5 Days,Wednesday
PA30,3PLCO,Merchant Channel,One-person,5 Days,Wednesday
PA31,3PLCO,Merchant Channel,One-person,5 Days,Wednesday
PA32,3PLCO,Merchant Channel,One-person,5 Days,Wednesday
PA33,3PLCO,Merchant Channel,One-person,5 Days,Wednesday
PA34,3PLCO,Merchant Channel,One-person,5 Days,Wednesday
PA35,3PLCO,Merchant Channel,One-person,5 Days,Wednesday
PA36,3PLCO,Merchant Channel,One-person,5 Days,Wednesday
PA37,3PLCO,Merchant Channel,One-person,5 Days,Wednesday
PA38,3PLCO,Merchant Channel,One-person,5 Days,Wednesday
PA39,3PLCO,Merchant Channel,One-person,5 Days,Wednesday
PA40,3PLCO,Merchant Channel,One-person,5 Days,Wednesday
PA41,3PLCO,Merchant Channel,One-person,5 Days,Wednesday
PA42,3PLCO,Merchant Channel,One-person,5 Days,Wednesday
PA43,3PLCO,Merchant Channel,One-person,5 Days,Wednesday
PA44,3PLCO,Merchant Channel,One-person,5 Days,Wednesday
PA45,3PLCO,Merchant Channel,One-person,5 Days,Wednesday
PA46,3PLCO,Merchant Channel,One-person,5 Days,Wednesday
PA47,3PLCO,Merchant Channel,One-person,5 Days,Wednesday
PA48,3PLCO,Merchant Channel,One-person,5 Days,Wednesday
PA49,3PLCO,Merchant Channel,One-person,5 Days,Wednesday
PA60,3PLCO,Merchant Channel,One-person,5 Days,Wednesday
PA61,3PLCO,Merchant Channel,One-person,5 Days,Wednesday
PA62,3PLCO,Merchant Channel,One-person,5 Days,Wednesday
PA63,3PLCO,Merchant Channel,One-person,5 Days,Wednesday
PA64,3PLCO,Merchant Channel,One-person,5 Days,Wednesday
PA65,3PLCO,Merchant Channel,One-person,5 Days,Wednesday
PA66,3PLCO,Merchant Channel,One-person,5 Days,Wednesday
PA67,3PLCO,Merchant Channel,One-person,5 Days,Wednesday
PA68,3PLCO,Merchant Channel,One-person,5 Days,Wednesday
PA69,3PLCO,Merchant Channel,One-person,5 Days,Wednesday
PA70,3PLCO,Merchant Channel,One-person,5 Days,Wednesday
PA71,3PLCO,Merchant Channel,One-person,5 Days,Wednesday
PA72,3PLCO,Merchant Channel,One-person,5 Days,Wednesday
PA73,3PLCO,Merchant Channel,One-person,5 Days,Wednesday
PA74,3PLCO,Merchant Channel,One-person,5 Days,Wednesday
PA75,3PLCO,Merchant Channel,One-person,5 Days,Wednesday
PA76,3PLCO,Merchant Channel,One-person,5 Days,Wednesday
PA77,3PLCO,Merchant Channel,One-person,5 Days,Wednesday
PA78,3PLCO,Merchant Channel,One-person,5 Days,Wednesday
PA79,3PLCO,Merchant Channel,One-person,5 Days,Wednesday
PA80,3PLCO,Merchant Channel,One-person,5 Days,Wednesday
PH8,3PLCO,Merchant Channel,One-person,5 Days,Wednesday
PH9,3PLCO,Merchant Channel,One-person,5 Days,Wednesday
PH10,3PLCO,Merchant Channel,One-person,5 Days,Wednesday
PH15,3PLCO,Merchant Channel,One-person,5 Days,Wednesday
PH16,3PLCO,Merchant Channel,One-person,5 Days,Wednesday
PH17,3PLCO,Merchant Channel,One-person,5 Days,Wednesday
PH18,3PLCO,Merchant Channel,One-person,5 Days,Wednesday
PH19,3PLCO,Merchant Channel,One-person,5 Days,Wednesday
PH20,3PLCO,Merchant Channel,One-person,5 Days,Wednesday
PH21,3PLCO,Merchant Channel,One-person,5 Days,Wednesday
PH22,3PLCO,Merchant Channel,One-person,5 Days,Wednesday
PH23,3PLCO,Merchant Channel,One-person,5 Days,Wednesday
PH24,3PLCO,Merchant Channel,One-person,5 Days,Wednesday
PH25,3PLCO,Merchant Channel,One-person,5 Days,Wednesday
PH26,3PLCO,Merchant Channel,One-person,5 Days,Wednesday
PH27,3PLCO,Merchant Channel,One-person,5 Days,Wednesday
PH28,3PLCO,Merchant Channel,One-person,5 Days,Wednesday
PH29,3PLCO,Merchant Channel,One-person,5 Days,Wednesday
PH30,3PLCO,Merchant Channel,One-person,5 Days,Wednesday
PH31,3PLCO,Merchant Channel,One-person,5 Days,Wednesday
PH32,3PLCO,Merchant Channel,One-person,5 Days,Wednesday
PH33,3PLCO,Merchant Channel,One-person,5 Days,Wednesday
PH34,3PLCO,Merchant Channel,One-person,5 Days,Wednesday
PH35,3PLCO,Merchant Channel,One-person,5 Days,Wednesday
PH36,3PLCO,Merchant Channel,One-person,5 Days,Wednesday
PH37,3PLCO,Merchant Channel,One-person,5 Days,Wednesday
PH38,3PLCO,Merchant Channel,One-person,5 Days,Wednesday
PH39,3PLCO,Merchant Channel,One-person,5 Days,Wednesday
PH40,3PLCO,Merchant Channel,One-person,5 Days,Wednesday
PH41,3PLCO,Merchant Channel,One-person,5 Days,Wednesday
PH42,3PLCO,Merchant Channel,One-person,5 Days,Wednesday
PH43,3PLCO,Merchant Channel,One-person,5 Days,Wednesday
PH44,3PLCO,Merchant Channel,One-person,5 Days,Wednesday
PH49,3PLCO,Merchant Channel,One-person,5 Days,Wednesday
PH50,3PLCO,Merchant Channel,One-person,5 Days,Wednesday
PO30,3PLCO,Merchant Channel,One-person,5 Days,Monday|Tuesday|Wednesday|Thursday|Friday
PO31,3PLCO,Merchant Channel,One-person,5 Days,Monday|Tuesday|Wednesday|Thursday|Friday
PO32,3PLCO,Merchant Channel,One-person,5 Days,Monday|Tuesday|Wednesday|Thursday|Friday
PO33,3PLCO,Merchant Channel,One-person,5 Days,Monday|Tuesday|Wednesday|Thursday|Friday
PO34,3PLCO,Merchant Channel,One-person,5 Days,Monday|Tuesday|Wednesday|Thursday|Friday
PO35,3PLCO,Merchant Channel,One-person,5 Days,Monday|Tuesday|Wednesday|Thursday|Friday
PO36,3PLCO,Merchant Channel,One-person,5 Days,Monday|Tuesday|Wednesday|Thursday|Friday
PO37,3PLCO,Merchant Channel,One-person,5 Days,Monday|Tuesday|Wednesday|Thursday|Friday
PO38,3PLCO,Merchant Channel,One-person,5 Days,Monday|Tuesday|Wednesday|Thursday|Friday
PO39,3PLCO,Merchant Channel,One-person,5 Days,Monday|Tuesday|Wednesday|Thursday|Friday
PO40,3PLCO,Merchant Channel,One-person,5 Days,Monday|Tuesday|Wednesday|Thursday|Friday
PO41,3PLCO,Merchant Channel,One-person,5 Days,Monday|Tuesday|Wednesday|Thursday|Friday
ZE1,3PLCO,Merchant Channel,One-person,5 Days,Wednesday
ZE2,3PLCO,Merchant Channel,One-person,5 Days,Wednesday
ZE3,3PLCO,Merchant Channel,One-person,5 Days,Wednesday
HS1,TKC01,Retail Channel,Two-person,21 Days,Wednesday
HS2,TKC01,Retail Channel,Two-person,21 Days,Wednesday
HS3,TKC01,Retail Channel,Two-person,21 Days,Wednesday
HS4,TKC01,Retail Channel,Two-person,21 Days,Wednesday
HS5,TKC01,Retail Channel,Two-person,21 Days,Wednesday
HS6,TKC01,Retail Channel,Two-person,21 Days,Wednesday
HS7,TKC01,Retail Channel,Two-person,21 Days,Wednesday
HS8,TKC01,Retail Channel,Two-person,21 Days,Wednesday
HS9,TKC01,Retail Channel,Two-person,21 Days,Wednesday
KW1,TKC01,Retail Channel,Two-person,21 Days,Wednesday
KW2,TKC01,Retail Channel,Two-person,21 Days,Wednesday
KW3,TKC01,Retail Channel,Two-person,21 Days,Wednesday
KW5,TKC01,Retail Channel,Two-person,21 Days,Wednesday
KW6,TKC01,Retail Channel,Two-person,21 Days,Wednesday
KW7,TKC01,Retail Channel,Two-person,21 Days,Wednesday
KW8,TKC01,Retail Channel,Two-person,21 Days,Wednesday
KW9,TKC01,Retail Channel,Two-person,21 Days,Wednesday
KW10,TKC01,Retail Channel,Two-person,21 Days,Wednesday
KW11,TKC01,Retail Channel,Two-person,21 Days,Wednesday
KW12,TKC01,Retail Channel,Two-person,21 Days,Wednesday
KW13,TKC01,Retail Channel,Two-person,21 Days,Wednesday
KW14,TKC01,Retail Channel,Two-person,21 Days,Wednesday
KW15,TKC01,Retail Channel,Two-person,21 Days,Wednesday
KW16,TKC01,Retail Channel,Two-person,21 Days,Wednesday
KW17,TKC01,Retail Channel,Two-person,21 Days,Wednesday
PA20,TKC01,Retail Channel,Two-person,21 Days,Wednesday
PA21,TKC01,Retail Channel,Two-person,21 Days,Wednesday
PA22,TKC01,Retail Channel,Two-person,21 Days,Wednesday
PA23,TKC01,Retail Channel,Two-person,21 Days,Wednesday
PA24,TKC01,Retail Channel,Two-person,21 Days,Wednesday
PA25,TKC01,Retail Channel,Two-person,21 Days,Wednesday
PA26,TKC01,Retail Channel,Two-person,21 Days,Wednesday
PA27,TKC01,Retail Channel,Two-person,21 Days,Wednesday
PA28,TKC01,Retail Channel,Two-person,21 Days,Wednesday
PA29,TKC01,Retail Channel,Two-person,21 Days,Wednesday
PA30,TKC01,Retail Channel,Two-person,21 Days,Wednesday
PA31,TKC01,Retail Channel,Two-person,21 Days,Wednesday
PA32,TKC01,Retail Channel,Two-person,21 Days,Wednesday
PA33,TKC01,Retail Channel,Two-person,21 Days,Wednesday
PA34,TKC01,Retail Channel,Two-person,21 Days,Wednesday
PA35,TKC01,Retail Channel,Two-person,21 Days,Wednesday
PA36,TKC01,Retail Channel,Two-person,21 Days,Wednesday
PA37,TKC01,Retail Channel,Two-person,21 Days,Wednesday
PA38,TKC01,Retail Channel,Two-person,21 Days,Wednesday
PA39,TKC01,Retail Channel,Two-person,21 Days,Wednesday
PA40,TKC01,Retail Channel,Two-person,21 Days,Wednesday
PA41,TKC01,Retail Channel,Two-person,21 Days,Wednesday
PA42,TKC01,Retail Channel,Two-person,21 Days,Wednesday
PA43,TKC01,Retail Channel,Two-person,21 Days,Wednesday
PA44,TKC01,Retail Channel,Two-person,21 Days,Wednesday
PA45,TKC01,Retail Channel,Two-person,21 Days,Wednesday
PA46,TKC01,Retail Channel,Two-person,21 Days,Wednesday
PA47,TKC01,Retail Channel,Two-person,21 Days,Wednesday
PA48,TKC01,Retail Channel,Two-person,21 Days,Wednesday
PA49,TKC01,Retail Channel,Two-person,21 Days,Wednesday
PA60,TKC01,Retail Channel,Two-person,21 Days,Wednesday
PA61,TKC01,Retail Channel,Two-person,21 Days,Wednesday
PA62,TKC01,Retail Channel,Two-person,21 Days,Wednesday
PA63,TKC01,Retail Channel,Two-person,21 Days,Wednesday
PA64,TKC01,Retail Channel,Two-person,21 Days,Wednesday
PA65,TKC01,Retail Channel,Two-person,21 Days,Wednesday
PA66,TKC01,Retail Channel,Two-person,21 Days,Wednesday
PA67,TKC01,Retail Channel,Two-person,21 Days,Wednesday
PA68,TKC01,Retail Channel,Two-person,21 Days,Wednesday
PA69,TKC01,Retail Channel,Two-person,21 Days,Wednesday
PA70,TKC01,Retail Channel,Two-person,21 Days,Wednesday
PA71,TKC01,Retail Channel,Two-person,21 Days,Wednesday
PA72,TKC01,Retail Channel,Two-person,21 Days,Wednesday
PA73,TKC01,Retail Channel,Two-person,21 Days,Wednesday
PA74,TKC01,Retail Channel,Two-person,21 Days,Wednesday
PA75,TKC01,Retail Channel,Two-person,21 Days,Wednesday
PA76,TKC01,Retail Channel,Two-person,21 Days,Wednesday
PA77,TKC01,Retail Channel,Two-person,21 Days,Wednesday
PA78,TKC01,Retail Channel,Two-person,21 Days,Wednesday
PA79,TKC01,Retail Channel,Two-person,21 Days,Wednesday
PA80,TKC01,Retail Channel,Two-person,21 Days,Wednesday
PH15,TKC01,Retail Channel,Two-person,21 Days,Wednesday
PH16,TKC01,Retail Channel,Two-person,21 Days,Wednesday
PH17,TKC01,Retail Channel,Two-person,21 Days,Wednesday
PH18,TKC01,Retail Channel,Two-person,21 Days,Wednesday
PH19,TKC01,Retail Channel,Two-person,21 Days,Wednesday
PH20,TKC01,Retail Channel,Two-person,21 Days,Wednesday
PH21,TKC01,Retail Channel,Two-person,21 Days,Wednesday
PH22,TKC01,Retail Channel,Two-person,21 Days,Wednesday
PH23,TKC01,Retail Channel,Two-person,21 Days,Wednesday
PH24,TKC01,Retail Channel,Two-person,21 Days,Wednesday
PH25,TKC01,Retail Channel,Two-person,21 Days,Wednesday
PH26,TKC01,Retail Channel,Two-person,21 Days,Wednesday
PH27,TKC01,Retail Channel,Two-person,21 Days,Wednesday
PH28,TKC01,Retail Channel,Two-person,21 Days,Wednesday
PH29,TKC01,Retail Channel,Two-person,21 Days,Wednesday
PH30,TKC01,Retail Channel,Two-person,21 Days,Wednesday
PH31,TKC01,Retail Channel,Two-person,21 Days,Wednesday
PH32,TKC01,Retail Channel,Two-person,21 Days,Wednesday
PH33,TKC01,Retail Channel,Two-person,21 Days,Wednesday
PH34,TKC01,Retail Channel,Two-person,21 Days,Wednesday
PH35,TKC01,Retail Channel,Two-person,21 Days,Wednesday
PH36,TKC01,Retail Channel,Two-person,21 Days,Wednesday
PH37,TKC01,Retail Channel,Two-person,21 Days,Wednesday
PH38,TKC01,Retail Channel,Two-person,21 Days,Wednesday
PH39,TKC01,Retail Channel,Two-person,21 Days,Wednesday
PH40,TKC01,Retail Channel,Two-person,21 Days,Wednesday
PH41,TKC01,Retail Channel,Two-person,21 Days,Wednesday
PH42,TKC01,Retail Channel,Two-person,21 Days,Wednesday
PH43,TKC01,Retail Channel,Two-person,21 Days,Wednesday
PH44,TKC01,Retail Channel,Two-person,21 Days,Wednesday
PH49,TKC01,Retail Channel,Two-person,21 Days,Wednesday
PH50,TKC01,Retail Channel,Two-person,21 Days,Wednesday
PO30,TKC01,Retail Channel,Two-person,21 Days,Monday|Tuesday|Wednesday|Thursday|Friday
PO31,TKC01,Retail Channel,Two-person,21 Days,Monday|Tuesday|Wednesday|Thursday|Friday
PO32,TKC01,Retail Channel,Two-person,21 Days,Monday|Tuesday|Wednesday|Thursday|Friday
PO33,TKC01,Retail Channel,Two-person,21 Days,Monday|Tuesday|Wednesday|Thursday|Friday
PO34,TKC01,Retail Channel,Two-person,21 Days,Monday|Tuesday|Wednesday|Thursday|Friday
PO35,TKC01,Retail Channel,Two-person,21 Days,Monday|Tuesday|Wednesday|Thursday|Friday
PO36,TKC01,Retail Channel,Two-person,21 Days,Monday|Tuesday|Wednesday|Thursday|Friday
PO37,TKC01,Retail Channel,Two-person,21 Days,Monday|Tuesday|Wednesday|Thursday|Friday
PO38,TKC01,Retail Channel,Two-person,21 Days,Monday|Tuesday|Wednesday|Thursday|Friday
PO39,TKC01,Retail Channel,Two-person,21 Days,Monday|Tuesday|Wednesday|Thursday|Friday
PO40,TKC01,Retail Channel,Two-person,21 Days,Monday|Tuesday|Wednesday|Thursday|Friday
PO41,TKC01,Retail Channel,Two-person,21 Days,Monday|Tuesday|Wednesday|Thursday|Friday
ZE1,TKC01,Retail Channel,Two-person,21 Days,Wednesday
ZE2,TKC01,Retail Channel,Two-person,21 Days,Wednesday
ZE3,TKC01,Retail Channel,Two-person,21 Days,Wednesday
IV1,TKC01 Aberdeen O/N,Component Channel,One-person,3 Days,Wednesday
IV2,TKC01 Aberdeen O/N,Component Channel,One-person,3 Days,Wednesday
IV3,TKC01 Aberdeen O/N,Component Channel,One-person,3 Days,Wednesday
IV4,TKC01 Aberdeen O/N,Component Channel,One-person,3 Days,Wednesday
IV5,TKC01 Aberdeen O/N,Component Channel,One-person,3 Days,Wednesday
IV6,TKC01 Aberdeen O/N,Component Channel,One-person,3 Days,Wednesday
IV7,TKC01 Aberdeen O/N,Component Channel,One-person,3 Days,Wednesday
IV8,TKC01 Aberdeen O/N,Component Channel,One-person,3 Days,Wednesday
IV9,TKC01 Aberdeen O/N,Component Channel,One-person,3 Days,Wednesday
IV10,TKC01 Aberdeen O/N,Component Channel,One-person,3 Days,Wednesday
IV11,TKC01 Aberdeen O/N,Component Channel,One-person,3 Days,Wednesday
IV12,TKC01 Aberdeen O/N,Component Channel,One-person,3 Days,Wednesday
IV13,TKC01 Aberdeen O/N,Component Channel,One-person,3 Days,Wednesday
IV14,TKC01 Aberdeen O/N,Component Channel,One-person,3 Days,Wednesday
IV15,TKC01 Aberdeen O/N,Component Channel,One-person,3 Days,Wednesday
IV16,TKC01 Aberdeen O/N,Component Channel,One-person,3 Days,Wednesday
IV17,TKC01 Aberdeen O/N,Component Channel,One-person,3 Days,Wednesday
IV18,TKC01 Aberdeen O/N,Component Channel,One-person,3 Days,Wednesday
IV19,TKC01 Aberdeen O/N,Component Channel,One-person,3 Days,Wednesday
IV20,TKC01 Aberdeen O/N,Component Channel,One-person,3 Days,Wednesday
IV21,TKC01 Aberdeen O/N,Component Channel,One-person,3 Days,Wednesday
IV22,TKC01 Aberdeen O/N,Component Channel,One-person,3 Days,Wednesday
IV23,TKC01 Aberdeen O/N,Component Channel,One-person,3 Days,Wednesday
IV24,TKC01 Aberdeen O/N,Component Channel,One-person,3 Days,Wednesday
IV25,TKC01 Aberdeen O/N,Component Channel,One-person,3 Days,Wednesday
IV26,TKC01 Aberdeen O/N,Component Channel,One-person,3 Days,Wednesday
IV27,TKC01 Aberdeen O/N,Component Channel,One-person,3 Days,Wednesday
IV28,TKC01 Aberdeen O/N,Component Channel,One-person,3 Days,Wednesday
IV30,TKC01 Aberdeen O/N,Component Channel,One-person,3 Days,Wednesday
IV31,TKC01 Aberdeen O/N,Component Channel,One-person,3 Days,Wednesday
IV32,TKC01 Aberdeen O/N,Component Channel,One-person,3 Days,Wednesday
IV36,TKC01 Aberdeen O/N,Component Channel,One-person,3 Days,Wednesday
IV40,TKC01 Aberdeen O/N,Component Channel,One-person,3 Days,Wednesday
IV41,TKC01 Aberdeen O/N,Component Channel,One-person,3 Days,Wednesday
IV42,TKC01 Aberdeen O/N,Component Channel,One-person,3 Days,Wednesday
IV43,TKC01 Aberdeen O/N,Component Channel,One-person,3 Days,Wednesday
IV44,TKC01 Aberdeen O/N,Component Channel,One-person,3 Days,Wednesday
IV45,TKC01 Aberdeen O/N,Component Channel,One-person,3 Days,Wednesday
IV46,TKC01 Aberdeen O/N,Component Channel,One-person,3 Days,Wednesday
IV47,TKC01 Aberdeen O/N,Component Channel,One-person,3 Days,Wednesday
IV48,TKC01 Aberdeen O/N,Component Channel,One-person,3 Days,Wednesday
IV49,TKC01 Aberdeen O/N,Component Channel,One-person,3 Days,Wednesday
IV50,TKC01 Aberdeen O/N,Component Channel,One-person,3 Days,Wednesday
IV51,TKC01 Aberdeen O/N,Component Channel,One-person,3 Days,Wednesday
IV52,TKC01 Aberdeen O/N,Component Channel,One-person,3 Days,Wednesday
IV53,TKC01 Aberdeen O/N,Component Channel,One-person,3 Days,Wednesday
IV54,TKC01 Aberdeen O/N,Component Channel,One-person,3 Days,Wednesday
IV55,TKC01 Aberdeen O/N,Component Channel,One-person,3 Days,Wednesday
IV56,TKC01 Aberdeen O/N,Component Channel,One-person,3 Days,Wednesday
IV63,TKC01 Aberdeen O/N,Component Channel,One-person,3 Days,Wednesday
AB10,TKC01 Aberdeen O/N,Retail Channel,Two-person,21 Days,Wednesday
AB11,TKC01 Aberdeen O/N,Retail Channel,Two-person,21 Days,Wednesday
AB12,TKC01 Aberdeen O/N,Retail Channel,Two-person,21 Days,Wednesday
AB13,TKC01 Aberdeen O/N,Retail Channel,Two-person,21 Days,Wednesday
AB14,TKC01 Aberdeen O/N,Retail Channel,Two-person,21 Days,Wednesday
AB15,TKC01 Aberdeen O/N,Retail Channel,Two-person,21 Days,Wednesday
AB16,TKC01 Aberdeen O/N,Retail Channel,Two-person,21 Days,Wednesday
AB21,TKC01 Aberdeen O/N,Retail Channel,Two-person,21 Days,Wednesday
AB22,TKC01 Aberdeen O/N,Retail Channel,Two-person,21 Days,Wednesday
AB23,TKC01 Aberdeen O/N,Retail Channel,Two-person,21 Days,Wednesday
AB24,TKC01 Aberdeen O/N,Retail Channel,Two-person,21 Days,Wednesday
AB25,TKC01 Aberdeen O/N,Retail Channel,Two-person,21 Days,Wednesday
AB30,TKC01 Aberdeen O/N,Retail Channel,Two-person,21 Days,Wednesday
AB31,TKC01 Aberdeen O/N,Retail Channel,Two-person,21 Days,Wednesday
AB32,TKC01 Aberdeen O/N,Retail Channel,Two-person,21 Days,Wednesday
AB33,TKC01 Aberdeen O/N,Retail Channel,Two-person,21 Days,Wednesday
AB34,TKC01 Aberdeen O/N,Retail Channel,Two-person,21 Days,Wednesday
AB35,TKC01 Aberdeen O/N,Retail Channel,Two-person,21 Days,Wednesday
AB36,TKC01 Aberdeen O/N,Retail Channel,Two-person,21 Days,Wednesday
AB37,TKC01 Aberdeen O/N,Retail Channel,Two-person,21 Days,Wednesday
AB38,TKC01 Aberdeen O/N,Retail Channel,Two-person,21 Days,Wednesday
AB39,TKC01 Aberdeen O/N,Retail Channel,Two-person,21 Days,Wednesday
AB41,TKC01 Aberdeen O/N,Retail Channel,Two-person,21 Days,Wednesday
AB42,TKC01 Aberdeen O/N,Retail Channel,Two-person,21 Days,Wednesday
AB43,TKC01 Aberdeen O/N,Retail Channel,Two-person,21 Days,Wednesday
AB44,TKC01 Aberdeen O/N,Retail Channel,Two-person,21 Days,Wednesday
AB45,TKC01 Aberdeen O/N,Retail Channel,Two-person,21 Days,Wednesday
AB51,TKC01 Aberdeen O/N,Retail Channel,Two-person,21 Days,Wednesday
AB52,TKC01 Aberdeen O/N,Retail Channel,Two-person,21 Days,Wednesday
AB53,TKC01 Aberdeen O/N,Retail Channel,Two-person,21 Days,Wednesday
AB54,TKC01 Aberdeen O/N,Retail Channel,Two-person,21 Days,Wednesday
AB55,TKC01 Aberdeen O/N,Retail Channel,Two-person,21 Days,Wednesday
AB56,TKC01 Aberdeen O/N,Retail Channel,Two-person,21 Days,Wednesday
IV1,TKC01 Aberdeen O/N,Retail Channel,Two-person,21 Days,Wednesday
IV2,TKC01 Aberdeen O/N,Retail Channel,Two-person,21 Days,Wednesday
IV3,TKC01 Aberdeen O/N,Retail Channel,Two-person,21 Days,Wednesday
IV4,TKC01 Aberdeen O/N,Retail Channel,Two-person,21 Days,Wednesday
IV5,TKC01 Aberdeen O/N,Retail Channel,Two-person,21 Days,Wednesday
IV6,TKC01 Aberdeen O/N,Retail Channel,Two-person,21 Days,Wednesday
IV7,TKC01 Aberdeen O/N,Retail Channel,Two-person,21 Days,Wednesday
IV8,TKC01 Aberdeen O/N,Retail Channel,Two-person,21 Days,Wednesday
IV9,TKC01 Aberdeen O/N,Retail Channel,Two-person,21 Days,Wednesday
IV10,TKC01 Aberdeen O/N,Retail Channel,Two-person,21 Days,Wednesday
IV11,TKC01 Aberdeen O/N,Retail Channel,Two-person,21 Days,Wednesday
IV12,TKC01 Aberdeen O/N,Retail Channel,Two-person,21 Days,Wednesday
IV13,TKC01 Aberdeen O/N,Retail Channel,Two-person,21 Days,Wednesday
IV14,TKC01 Aberdeen O/N,Retail Channel,Two-person,21 Days,Wednesday
IV15,TKC01 Aberdeen O/N,Retail Channel,Two-person,21 Days,Wednesday
IV16,TKC01 Aberdeen O/N,Retail Channel,Two-person,21 Days,Wednesday
IV17,TKC01 Aberdeen O/N,Retail Channel,Two-person,21 Days,Wednesday
IV18,TKC01 Aberdeen O/N,Retail Channel,Two-person,21 Days,Wednesday
IV19,TKC01 Aberdeen O/N,Retail Channel,Two-person,21 Days,Wednesday
IV20,TKC01 Aberdeen O/N,Retail Channel,Two-person,21 Days,Wednesday
IV21,TKC01 Aberdeen O/N,Retail Channel,Two-person,21 Days,Wednesday
IV22,TKC01 Aberdeen O/N,Retail Channel,Two-person,21 Days,Wednesday
IV23,TKC01 Aberdeen O/N,Retail Channel,Two-person,21 Days,Wednesday
IV24,TKC01 Aberdeen O/N,Retail Channel,Two-person,21 Days,Wednesday
IV25,TKC01 Aberdeen O/N,Retail Channel,Two-person,21 Days,Wednesday
IV26,TKC01 Aberdeen O/N,Retail Channel,Two-person,21 Days,Wednesday
IV27,TKC01 Aberdeen O/N,Retail Channel,Two-person,21 Days,Wednesday
IV28,TKC01 Aberdeen O/N,Retail Channel,Two-person,21 Days,Wednesday
IV30,TKC01 Aberdeen O/N,Retail Channel,Two-person,21 Days,Wednesday
IV31,TKC01 Aberdeen O/N,Retail Channel,Two-person,21 Days,Wednesday
IV32,TKC01 Aberdeen O/N,Retail Channel,Two-person,21 Days,Wednesday
IV36,TKC01 Aberdeen O/N,Retail Channel,Two-person,21 Days,Wednesday
IV40,TKC01 Aberdeen O/N,Retail Channel,Two-person,21 Days,Wednesday
IV41,TKC01 Aberdeen O/N,Retail Channel,Two-person,21 Days,Wednesday
IV42,TKC01 Aberdeen O/N,Retail Channel,Two-person,21 Days,Wednesday
IV43,TKC01 Aberdeen O/N,Retail Channel,Two-person,21 Days,Wednesday
IV44,TKC01 Aberdeen O/N,Retail Channel,Two-person,21 Days,Wednesday
IV45,TKC01 Aberdeen O/N,Retail Channel,Two-person,21 Days,Wednesday
IV46,TKC01 Aberdeen O/N,Retail Channel,Two-person,21 Days,Wednesday
IV47,TKC01 Aberdeen O/N,Retail Channel,Two-person,21 Days,Wednesday
IV48,TKC01 Aberdeen O/N,Retail Channel,Two-person,21 Days,Wednesday
IV49,TKC01 Aberdeen O/N,Retail Channel,Two-person,21 Days,Wednesday
IV50,TKC01 Aberdeen O/N,Retail Channel,Two-person,21 Days,Wednesday
IV51,TKC01 Aberdeen O/N,Retail Channel,Two-person,21 Days,Wednesday
IV52,TKC01 Aberdeen O/N,Retail Channel,Two-person,21 Days,Wednesday
IV53,TKC01 Aberdeen O/N,Retail Channel,Two-person,21 Days,Wednesday
IV54,TKC01 Aberdeen O/N,Retail Channel,Two-person,21 Days,Wednesday
IV55,TKC01 Aberdeen O/N,Retail Channel,Two-person,21 Days,Wednesday
IV56,TKC01 Aberdeen O/N,Retail Channel,Two-person,21 Days,Wednesday
IV63,TKC01 Aberdeen O/N,Retail Channel,Two-person,21 Days,Wednesday
CH1,TKC01 Birkenhead,Component Channel,One-person,1 Day,Tuesday|Wednesday|Friday
CH2,TKC01 Birkenhead,Component Channel,One-person,1 Day,Tuesday|Wednesday|Friday
CH25,TKC01 Birkenhead,Component Channel,One-person,1 Day,Tuesday|Wednesday|Friday
CH26,TKC01 Birkenhead,Component Channel,One-person,1 Day,Tuesday|Wednesday|Friday
CH27,TKC01 Birkenhead,Component Channel,One-person,1 Day,Tuesday|Wednesday|Friday
CH28,TKC01 Birkenhead,Component Channel,One-person,1 Day,Tuesday|Wednesday|Friday
CH29,TKC01 Birkenhead,Component Channel,One-person,1 Day,Tuesday|Wednesday|Friday
CH3,TKC01 Birkenhead,Component Channel,One-person,1 Day,Tuesday|Wednesday|Friday
CH30,TKC01 Birkenhead,Component Channel,One-person,1 Day,Tuesday|Wednesday|Friday
CH31,TKC01 Birkenhead,Component Channel,One-person,1 Day,Tuesday|Wednesday|Friday
CH32,TKC01 Birkenhead,Component Channel,One-person,1 Day,Tuesday|Wednesday|Friday
CH33,TKC01 Birkenhead,Component Channel,One-person,1 Day,Tuesday|Wednesday|Friday
CH34,TKC01 Birkenhead,Component Channel,One-person,1 Day,Tuesday|Wednesday|Friday
CH4,TKC01 Birkenhead,Component Channel,One-person,1 Day,Tuesday|Wednesday|Friday
CH41,TKC01 Birkenhead,Component Channel,One-person,1 Day,Tuesday|Wednesday|Friday
CH42,TKC01 Birkenhead,Component Channel,One-person,1 Day,Tuesday|Wednesday|Friday
CH43,TKC01 Birkenhead,Component Channel,One-person,1 Day,Tuesday|Wednesday|Friday
CH44,TKC01 Birkenhead,Component Channel,One-person,1 Day,Tuesday|Wednesday|Friday
CH45,TKC01 Birkenhead,Component Channel,One-person,1 Day,Tuesday|Wednesday|Friday
CH46,TKC01 Birkenhead,Component Channel,One-person,1 Day,Tuesday|Wednesday|Friday
CH47,TKC01 Birkenhead,Component Channel,One-person,1 Day,Tuesday|Wednesday|Friday
CH48,TKC01 Birkenhead,Component Channel,One-person,1 Day,Tuesday|Wednesday|Friday
CH49,TKC01 Birkenhead,Component Channel,One-person,1 Day,Tuesday|Wednesday|Friday
CH5,TKC01 Birkenhead,Component Channel,One-person,1 Day,Tuesday|Wednesday|Friday
CH6,TKC01 Birkenhead,Component Channel,One-person,1 Day,Tuesday|Wednesday|Friday
CH60,TKC01 Birkenhead,Component Channel,One-person,1 Day,Tuesday|Wednesday|Friday
CH61,TKC01 Birkenhead,Component Channel,One-person,1 Day,Tuesday|Wednesday|Friday
CH62,TKC01 Birkenhead,Component Channel,One-person,1 Day,Tuesday|Wednesday|Friday
CH63,TKC01 Birkenhead,Component Channel,One-person,1 Day,Tuesday|Wednesday|Friday
CH64,TKC01 Birkenhead,Component Channel,One-person,1 Day,Tuesday|Wednesday|Friday
CH65,TKC01 Birkenhead,Component Channel,One-person,1 Day,Tuesday|Wednesday|Friday
CH66,TKC01 Birkenhead,Component Channel,One-person,1 Day,Tuesday|Wednesday|Friday
CH7,TKC01 Birkenhead,Component Channel,One-person,1 Day,Tuesday|Wednesday|Friday
CH70,TKC01 Birkenhead,Component Channel,One-person,1 Day,Tuesday|Wednesday|Friday
CH8,TKC01 Birkenhead,Component Channel,One-person,1 Day,Tuesday|Wednesday|Friday
CH88,TKC01 Birkenhead,Component Channel,One-person,1 Day,Tuesday|Wednesday|Friday
CH99,TKC01 Birkenhead,Component Channel,One-person,1 Day,Tuesday|Wednesday|Friday
CW8,TKC01 Birkenhead,Component Channel,One-person,1 Day,Tuesday|Wednesday|Friday
CW9,TKC01 Birkenhead,Component Channel,One-person,1 Day,Tuesday|Wednesday|Friday
CH1,TKC01 Birkenhead,Jigsaw Channel,Two-person,5 Days,Tuesday|Wednesday|Friday
CH2,TKC01 Birkenhead,Jigsaw Channel,Two-person,5 Days,Tuesday|Wednesday|Friday
CH25,TKC01 Birkenhead,Jigsaw Channel,Two-person,5 Days,Tuesday|Wednesday|Friday
CH26,TKC01 Birkenhead,Jigsaw Channel,Two-person,5 Days,Tuesday|Wednesday|Friday
CH27,TKC01 Birkenhead,Jigsaw Channel,Two-person,5 Days,Tuesday|Wednesday|Friday
CH28,TKC01 Birkenhead,Jigsaw Channel,Two-person,5 Days,Tuesday|Wednesday|Friday
CH29,TKC01 Birkenhead,Jigsaw Channel,Two-person,5 Days,Tuesday|Wednesday|Friday
CH3,TKC01 Birkenhead,Jigsaw Channel,Two-person,5 Days,Tuesday|Wednesday|Friday
CH30,TKC01 Birkenhead,Jigsaw Channel,Two-person,5 Days,Tuesday|Wednesday|Friday
CH31,TKC01 Birkenhead,Jigsaw Channel,Two-person,5 Days,Tuesday|Wednesday|Friday
CH32,TKC01 Birkenhead,Jigsaw Channel,Two-person,5 Days,Tuesday|Wednesday|Friday
CH33,TKC01 Birkenhead,Jigsaw Channel,Two-person,5 Days,Tuesday|Wednesday|Friday
CH34,TKC01 Birkenhead,Jigsaw Channel,Two-person,5 Days,Tuesday|Wednesday|Friday
CH4,TKC01 Birkenhead,Jigsaw Channel,Two-person,5 Days,Tuesday|Wednesday|Friday
CH41,TKC01 Birkenhead,Jigsaw Channel,Two-person,5 Days,Tuesday|Wednesday|Friday
CH42,TKC01 Birkenhead,Jigsaw Channel,Two-person,5 Days,Tuesday|Wednesday|Friday
CH43,TKC01 Birkenhead,Jigsaw Channel,Two-person,5 Days,Tuesday|Wednesday|Friday
CH44,TKC01 Birkenhead,Jigsaw Channel,Two-person,5 Days,Tuesday|Wednesday|Friday
CH45,TKC01 Birkenhead,Jigsaw Channel,Two-person,5 Days,Tuesday|Wednesday|Friday
CH46,TKC01 Birkenhead,Jigsaw Channel,Two-person,5 Days,Tuesday|Wednesday|Friday
CH47,TKC01 Birkenhead,Jigsaw Channel,Two-person,5 Days,Tuesday|Wednesday|Friday
CH48,TKC01 Birkenhead,Jigsaw Channel,Two-person,5 Days,Tuesday|Wednesday|Friday
CH49,TKC01 Birkenhead,Jigsaw Channel,Two-person,5 Days,Tuesday|Wednesday|Friday
CH5,TKC01 Birkenhead,Jigsaw Channel,Two-person,5 Days,Tuesday|Wednesday|Friday
CH6,TKC01 Birkenhead,Jigsaw Channel,Two-person,5 Days,Tuesday|Wednesday|Friday
CH60,TKC01 Birkenhead,Jigsaw Channel,Two-person,5 Days,Tuesday|Wednesday|Friday
CH61,TKC01 Birkenhead,Jigsaw Channel,Two-person,5 Days,Tuesday|Wednesday|Friday
CH62,TKC01 Birkenhead,Jigsaw Channel,Two-person,5 Days,Tuesday|Wednesday|Friday
CH63,TKC01 Birkenhead,Jigsaw Channel,Two-person,5 Days,Tuesday|Wednesday|Friday
CH64,TKC01 Birkenhead,Jigsaw Channel,Two-person,5 Days,Tuesday|Wednesday|Friday
CH65,TKC01 Birkenhead,Jigsaw Channel,Two-person,5 Days,Tuesday|Wednesday|Friday
CH66,TKC01 Birkenhead,Jigsaw Channel,Two-person,5 Days,Tuesday|Wednesday|Friday
CH7,TKC01 Birkenhead,Jigsaw Channel,Two-person,5 Days,Tuesday|Wednesday|Friday
CH70,TKC01 Birkenhead,Jigsaw Channel,Two-person,5 Days,Tuesday|Wednesday|Friday
CH8,TKC01 Birkenhead,Jigsaw Channel,Two-person,5 Days,Tuesday|Wednesday|Friday
CH88,TKC01 Birkenhead,Jigsaw Channel,Two-person,5 Days,Tuesday|Wednesday|Friday
CH99,TKC01 Birkenhead,Jigsaw Channel,Two-person,5 Days,Tuesday|Wednesday|Friday
CW8,TKC01 Birkenhead,Jigsaw Channel,Two-person,5 Days,Tuesday|Wednesday|Friday
CW9,TKC01 Birkenhead,Jigsaw Channel,Two-person,5 Days,Tuesday|Wednesday|Friday
CH1,TKC01 Birkenhead,Merchant Channel,Two-person,5 Days,Tuesday|Wednesday|Friday
CH2,TKC01 Birkenhead,Merchant Channel,Two-person,5 Days,Tuesday|Wednesday|Friday
CH25,TKC01 Birkenhead,Merchant Channel,Two-person,5 Days,Tuesday|Wednesday|Friday
CH26,TKC01 Birkenhead,Merchant Channel,Two-person,5 Days,Tuesday|Wednesday|Friday
CH27,TKC01 Birkenhead,Merchant Channel,Two-person,5 Days,Tuesday|Wednesday|Friday
CH28,TKC01 Birkenhead,Merchant Channel,Two-person,5 Days,Tuesday|Wednesday|Friday
CH29,TKC01 Birkenhead,Merchant Channel,Two-person,5 Days,Tuesday|Wednesday|Friday
CH3,TKC01 Birkenhead,Merchant Channel,Two-person,5 Days,Tuesday|Wednesday|Friday
CH30,TKC01 Birkenhead,Merchant Channel,Two-person,5 Days,Tuesday|Wednesday|Friday
CH31,TKC01 Birkenhead,Merchant Channel,Two-person,5 Days,Tuesday|Wednesday|Friday
CH32,TKC01 Birkenhead,Merchant Channel,Two-person,5 Days,Tuesday|Wednesday|Friday
CH33,TKC01 Birkenhead,Merchant Channel,Two-person,5 Days,Tuesday|Wednesday|Friday
CH34,TKC01 Birkenhead,Merchant Channel,Two-person,5 Days,Tuesday|Wednesday|Friday
CH4,TKC01 Birkenhead,Merchant Channel,Two-person,5 Days,Tuesday|Wednesday|Friday
CH41,TKC01 Birkenhead,Merchant Channel,Two-person,5 Days,Tuesday|Wednesday|Friday
CH42,TKC01 Birkenhead,Merchant Channel,Two-person,5 Days,Tuesday|Wednesday|Friday
CH43,TKC01 Birkenhead,Merchant Channel,Two-person,5 Days,Tuesday|Wednesday|Friday
CH44,TKC01 Birkenhead,Merchant Channel,Two-person,5 Days,Tuesday|Wednesday|Friday
CH45,TKC01 Birkenhead,Merchant Channel,Two-person,5 Days,Tuesday|Wednesday|Friday
CH46,TKC01 Birkenhead,Merchant Channel,Two-person,5 Days,Tuesday|Wednesday|Friday
CH47,TKC01 Birkenhead,Merchant Channel,Two-person,5 Days,Tuesday|Wednesday|Friday
CH48,TKC01 Birkenhead,Merchant Channel,Two-person,5 Days,Tuesday|Wednesday|Friday
CH49,TKC01 Birkenhead,Merchant Channel,Two-person,5 Days,Tuesday|Wednesday|Friday
CH5,TKC01 Birkenhead,Merchant Channel,Two-person,5 Days,Tuesday|Wednesday|Friday
CH6,TKC01 Birkenhead,Merchant Channel,Two-person,5 Days,Tuesday|Wednesday|Friday
CH60,TKC01 Birkenhead,Merchant Channel,Two-person,5 Days,Tuesday|Wednesday|Friday
CH61,TKC01 Birkenhead,Merchant Channel,Two-person,5 Days,Tuesday|Wednesday|Friday
CH62,TKC01 Birkenhead,Merchant Channel,Two-person,5 Days,Tuesday|Wednesday|Friday
CH63,TKC01 Birkenhead,Merchant Channel,Two-person,5 Days,Tuesday|Wednesday|Friday
CH64,TKC01 Birkenhead,Merchant Channel,Two-person,5 Days,Tuesday|Wednesday|Friday
CH65,TKC01 Birkenhead,Merchant Channel,Two-person,5 Days,Tuesday|Wednesday|Friday
CH66,TKC01 Birkenhead,Merchant Channel,Two-person,5 Days,Tuesday|Wednesday|Friday
CH7,TKC01 Birkenhead,Merchant Channel,Two-person,5 Days,Tuesday|Wednesday|Friday
CH70,TKC01 Birkenhead,Merchant Channel,Two-person,5 Days,Tuesday|Wednesday|Friday
CH8,TKC01 Birkenhead,Merchant Channel,Two-person,5 Days,Tuesday|Wednesday|Friday
CH88,TKC01 Birkenhead,Merchant Channel,Two-person,5 Days,Tuesday|Wednesday|Friday
CH99,TKC01 Birkenhead,Merchant Channel,Two-person,5 Days,Tuesday|Wednesday|Friday
CW8,TKC01 Birkenhead,Merchant Channel,Two-person,5 Days,Tuesday|Wednesday|Friday
CW9,TKC01 Birkenhead,Merchant Channel,Two-person,5 Days,Tuesday|Wednesday|Friday
CH1,TKC01 Birkenhead,Retail Channel,Two-person,21 Days,Tuesday|Wednesday|Friday
CH2,TKC01 Birkenhead,Retail Channel,Two-person,21 Days,Tuesday|Wednesday|Friday
CH25,TKC01 Birkenhead,Retail Channel,Two-person,21 Days,Tuesday|Wednesday|Friday
CH26,TKC01 Birkenhead,Retail Channel,Two-person,21 Days,Tuesday|Wednesday|Friday
CH27,TKC01 Birkenhead,Retail Channel,Two-person,21 Days,Tuesday|Wednesday|Friday
CH28,TKC01 Birkenhead,Retail Channel,Two-person,21 Days,Tuesday|Wednesday|Friday
CH29,TKC01 Birkenhead,Retail Channel,Two-person,21 Days,Tuesday|Wednesday|Friday
CH3,TKC01 Birkenhead,Retail Channel,Two-person,21 Days,Tuesday|Wednesday|Friday
CH30,TKC01 Birkenhead,Retail Channel,Two-person,21 Days,Tuesday|Wednesday|Friday
CH31,TKC01 Birkenhead,Retail Channel,Two-person,21 Days,Tuesday|Wednesday|Friday
CH32,TKC01 Birkenhead,Retail Channel,Two-person,21 Days,Tuesday|Wednesday|Friday
CH33,TKC01 Birkenhead,Retail Channel,Two-person,21 Days,Tuesday|Wednesday|Friday
CH34,TKC01 Birkenhead,Retail Channel,Two-person,21 Days,Tuesday|Wednesday|Friday
CH4,TKC01 Birkenhead,Retail Channel,Two-person,21 Days,Tuesday|Wednesday|Friday
CH41,TKC01 Birkenhead,Retail Channel,Two-person,21 Days,Tuesday|Wednesday|Friday
CH42,TKC01 Birkenhead,Retail Channel,Two-person,21 Days,Tuesday|Wednesday|Friday
CH43,TKC01 Birkenhead,Retail Channel,Two-person,21 Days,Tuesday|Wednesday|Friday
CH44,TKC01 Birkenhead,Retail Channel,Two-person,21 Days,Tuesday|Wednesday|Friday
CH45,TKC01 Birkenhead,Retail Channel,Two-person,21 Days,Tuesday|Wednesday|Friday
CH46,TKC01 Birkenhead,Retail Channel,Two-person,21 Days,Tuesday|Wednesday|Friday
CH47,TKC01 Birkenhead,Retail Channel,Two-person,21 Days,Tuesday|Wednesday|Friday
CH48,TKC01 Birkenhead,Retail Channel,Two-person,21 Days,Tuesday|Wednesday|Friday
CH49,TKC01 Birkenhead,Retail Channel,Two-person,21 Days,Tuesday|Wednesday|Friday
CH5,TKC01 Birkenhead,Retail Channel,Two-person,21 Days,Tuesday|Wednesday|Friday
CH6,TKC01 Birkenhead,Retail Channel,Two-person,21 Days,Tuesday|Wednesday|Friday
CH60,TKC01 Birkenhead,Retail Channel,Two-person,21 Days,Tuesday|Wednesday|Friday
CH61,TKC01 Birkenhead,Retail Channel,Two-person,21 Days,Tuesday|Wednesday|Friday
CH62,TKC01 Birkenhead,Retail Channel,Two-person,21 Days,Tuesday|Wednesday|Friday
CH63,TKC01 Birkenhead,Retail Channel,Two-person,21 Days,Tuesday|Wednesday|Friday
CH64,TKC01 Birkenhead,Retail Channel,Two-person,21 Days,Tuesday|Wednesday|Friday
CH65,TKC01 Birkenhead,Retail Channel,Two-person,21 Days,Tuesday|Wednesday|Friday
CH66,TKC01 Birkenhead,Retail Channel,Two-person,21 Days,Tuesday|Wednesday|Friday
CH7,TKC01 Birkenhead,Retail Channel,Two-person,21 Days,Tuesday|Wednesday|Friday
CH70,TKC01 Birkenhead,Retail Channel,Two-person,21 Days,Tuesday|Wednesday|Friday
CH8,TKC01 Birkenhead,Retail Channel,Two-person,21 Days,Tuesday|Wednesday|Friday
CH88,TKC01 Birkenhead,Retail Channel,Two-person,21 Days,Tuesday|Wednesday|Friday
CH99,TKC01 Birkenhead,Retail Channel,Two-person,21 Days,Tuesday|Wednesday|Friday
CW8,TKC01 Birkenhead,Retail Channel,Two-person,21 Days,Tuesday|Wednesday|Friday
CW9,TKC01 Birkenhead,Retail Channel,Two-person,21 Days,Tuesday|Wednesday|Friday
B1,TKC01 Birmingham East,Component Channel,One-person,1 Day,Tuesday|Wednesday|Thursday|Friday
B10,TKC01 Birmingham East,Component Channel,One-person,1 Day,Tuesday|Wednesday|Thursday|Friday
B11,TKC01 Birmingham East,Component Channel,One-person,1 Day,Tuesday|Wednesday|Thursday|Friday
B12,TKC01 Birmingham East,Component Channel,One-person,1 Day,Tuesday|Wednesday|Thursday|Friday
B13,TKC01 Birmingham East,Component Channel,One-person,1 Day,Tuesday|Wednesday|Thursday|Friday
B14,TKC01 Birmingham East,Component Channel,One-person,1 Day,Tuesday|Wednesday|Thursday|Friday
B15,TKC01 Birmingham East,Component Channel,One-person,1 Day,Tuesday|Wednesday|Thursday|Friday
B16,TKC01 Birmingham East,Component Channel,One-person,1 Day,Tuesday|Wednesday|Thursday|Friday
B17,TKC01 Birmingham East,Component Channel,One-person,1 Day,Tuesday|Wednesday|Thursday|Friday
B18,TKC01 Birmingham East,Component Channel,One-person,1 Day,Tuesday|Wednesday|Thursday|Friday
B19,TKC01 Birmingham East,Component Channel,One-person,1 Day,Tuesday|Wednesday|Thursday|Friday
B2,TKC01 Birmingham East,Component Channel,One-person,1 Day,Tuesday|Wednesday|Thursday|Friday
B22,TKC01 Birmingham East,Component Channel,One-person,1 Day,Tuesday|Wednesday|Thursday|Friday
B23,TKC01 Birmingham East,Component Channel,One-person,1 Day,Tuesday|Wednesday|Thursday|Friday
B24,TKC01 Birmingham East,Component Channel,One-person,1 Day,Tuesday|Wednesday|Thursday|Friday
B25,TKC01 Birmingham East,Component Channel,One-person,1 Day,Tuesday|Wednesday|Thursday|Friday
B26,TKC01 Birmingham East,Component Channel,One-person,1 Day,Tuesday|Wednesday|Thursday|Friday
B27,TKC01 Birmingham East,Component Channel,One-person,1 Day,Tuesday|Wednesday|Thursday|Friday
B28,TKC01 Birmingham East,Component Channel,One-person,1 Day,Tuesday|Wednesday|Thursday|Friday
B29,TKC01 Birmingham East,Component Channel,One-person,1 Day,Tuesday|Wednesday|Thursday|Friday
B3,TKC01 Birmingham East,Component Channel,One-person,1 Day,Tuesday|Wednesday|Thursday|Friday
B30,TKC01 Birmingham East,Component Channel,One-person,1 Day,Tuesday|Wednesday|Thursday|Friday
B31,TKC01 Birmingham East,Component Channel,One-person,1 Day,Tuesday|Wednesday|Thursday|Friday
B32,TKC01 Birmingham East,Component Channel,One-person,1 Day,Tuesday|Wednesday|Thursday|Friday
B33,TKC01 Birmingham East,Component Channel,One-person,1 Day,Tuesday|Wednesday|Thursday|Friday
B34,TKC01 Birmingham East,Component Channel,One-person,1 Day,Tuesday|Wednesday|Thursday|Friday
B35,TKC01 Birmingham East,Component Channel,One-person,1 Day,Tuesday|Wednesday|Thursday|Friday
B36,TKC01 Birmingham East,Component Channel,One-person,1 Day,Tuesday|Wednesday|Thursday|Friday
B37,TKC01 Birmingham East,Component Channel,One-person,1 Day,Tuesday|Wednesday|Thursday|Friday
B38,TKC01 Birmingham East,Component Channel,One-person,1 Day,Tuesday|Wednesday|Thursday|Friday
B4,TKC01 Birmingham East,Component Channel,One-person,1 Day,Tuesday|Wednesday|Thursday|Friday
B40,TKC01 Birmingham East,Component Channel,One-person,1 Day,Tuesday|Wednesday|Thursday|Friday
B42,TKC01 Birmingham East,Component Channel,One-person,1 Day,Tuesday|Wednesday|Thursday|Friday
B44,TKC01 Birmingham East,Component Channel,One-person,1 Day,Tuesday|Wednesday|Thursday|Friday
B45,TKC01 Birmingham East,Component Channel,One-person,1 Day,Tuesday|Wednesday|Thursday|Friday
B46,TKC01 Birmingham East,Component Channel,One-person,1 Day,Tuesday|Wednesday|Thursday|Friday
B47,TKC01 Birmingham East,Component Channel,One-person,1 Day,Tuesday|Wednesday|Thursday|Friday
B48,TKC01 Birmingham East,Component Channel,One-person,1 Day,Tuesday|Wednesday|Thursday|Friday
B5,TKC01 Birmingham East,Component Channel,One-person,1 Day,Tuesday|Wednesday|Thursday|Friday
B6,TKC01 Birmingham East,Component Channel,One-person,1 Day,Tuesday|Wednesday|Thursday|Friday
B7,TKC01 Birmingham East,Component Channel,One-person,1 Day,Tuesday|Wednesday|Thursday|Friday
B72,TKC01 Birmingham East,Component Channel,One-person,1 Day,Tuesday|Wednesday|Thursday|Friday
B73,TKC01 Birmingham East,Component Channel,One-person,1 Day,Tuesday|Wednesday|Thursday|Friday
B74,TKC01 Birmingham East,Component Channel,One-person,1 Day,Tuesday|Wednesday|Thursday|Friday
B75,TKC01 Birmingham East,Component Channel,One-person,1 Day,Tuesday|Wednesday|Thursday|Friday
B76,TKC01 Birmingham East,Component Channel,One-person,1 Day,Tuesday|Wednesday|Thursday|Friday
B8,TKC01 Birmingham East,Component Channel,One-person,1 Day,Tuesday|Wednesday|Thursday|Friday
B9,TKC01 Birmingham East,Component Channel,One-person,1 Day,Tuesday|Wednesday|Thursday|Friday
B90,TKC01 Birmingham East,Component Channel,One-person,1 Day,Tuesday|Wednesday|Thursday|Friday
B91,TKC01 Birmingham East,Component Channel,One-person,1 Day,Tuesday|Wednesday|Thursday|Friday
B92,TKC01 Birmingham East,Component Channel,One-person,1 Day,Tuesday|Wednesday|Thursday|Friday
B93,TKC01 Birmingham East,Component Channel,One-person,1 Day,Tuesday|Wednesday|Thursday|Friday
B94,TKC01 Birmingham East,Component Channel,One-person,1 Day,Tuesday|Wednesday|Thursday|Friday
B99,TKC01 Birmingham East,Component Channel,One-person,1 Day,Tuesday|Wednesday|Thursday|Friday
B1,TKC01 Birmingham East,Jigsaw Channel,Two-person,5 Days,Tuesday|Wednesday|Thursday|Friday
B10,TKC01 Birmingham East,Jigsaw Channel,Two-person,5 Days,Tuesday|Wednesday|Thursday|Friday
B11,TKC01 Birmingham East,Jigsaw Channel,Two-person,5 Days,Tuesday|Wednesday|Thursday|Friday
B12,TKC01 Birmingham East,Jigsaw Channel,Two-person,5 Days,Tuesday|Wednesday|Thursday|Friday
B13,TKC01 Birmingham East,Jigsaw Channel,Two-person,5 Days,Tuesday|Wednesday|Thursday|Friday
B14,TKC01 Birmingham East,Jigsaw Channel,Two-person,5 Days,Tuesday|Wednesday|Thursday|Friday
B15,TKC01 Birmingham East,Jigsaw Channel,Two-person,5 Days,Tuesday|Wednesday|Thursday|Friday
B16,TKC01 Birmingham East,Jigsaw Channel,Two-person,5 Days,Tuesday|Wednesday|Thursday|Friday
B17,TKC01 Birmingham East,Jigsaw Channel,Two-person,5 Days,Tuesday|Wednesday|Thursday|Friday
B18,TKC01 Birmingham East,Jigsaw Channel,Two-person,5 Days,Tuesday|Wednesday|Thursday|Friday
B19,TKC01 Birmingham East,Jigsaw Channel,Two-person,5 Days,Tuesday|Wednesday|Thursday|Friday
B2,TKC01 Birmingham East,Jigsaw Channel,Two-person,5 Days,Tuesday|Wednesday|Thursday|Friday
B22,TKC01 Birmingham East,Jigsaw Channel,Two-person,5 Days,Tuesday|Wednesday|Thursday|Friday
B23,TKC01 Birmingham East,Jigsaw Channel,Two-person,5 Days,Tuesday|Wednesday|Thursday|Friday
B24,TKC01 Birmingham East,Jigsaw Channel,Two-person,5 Days,Tuesday|Wednesday|Thursday|Friday
B25,TKC01 Birmingham East,Jigsaw Channel,Two-person,5 Days,Tuesday|Wednesday|Thursday|Friday
B26,TKC01 Birmingham East,Jigsaw Channel,Two-person,5 Days,Tuesday|Wednesday|Thursday|Friday
B27,TKC01 Birmingham East,Jigsaw Channel,Two-person,5 Days,Tuesday|Wednesday|Thursday|Friday
B28,TKC01 Birmingham East,Jigsaw Channel,Two-person,5 Days,Tuesday|Wednesday|Thursday|Friday
B29,TKC01 Birmingham East,Jigsaw Channel,Two-person,5 Days,Tuesday|Wednesday|Thursday|Friday
B3,TKC01 Birmingham East,Jigsaw Channel,Two-person,5 Days,Tuesday|Wednesday|Thursday|Friday
B30,TKC01 Birmingham East,Jigsaw Channel,Two-person,5 Days,Tuesday|Wednesday|Thursday|Friday
B31,TKC01 Birmingham East,Jigsaw Channel,Two-person,5 Days,Tuesday|Wednesday|Thursday|Friday
B32,TKC01 Birmingham East,Jigsaw Channel,Two-person,5 Days,Tuesday|Wednesday|Thursday|Friday
B33,TKC01 Birmingham East,Jigsaw Channel,Two-person,5 Days,Tuesday|Wednesday|Thursday|Friday
B34,TKC01 Birmingham East,Jigsaw Channel,Two-person,5 Days,Tuesday|Wednesday|Thursday|Friday
B35,TKC01 Birmingham East,Jigsaw Channel,Two-person,5 Days,Tuesday|Wednesday|Thursday|Friday
B36,TKC01 Birmingham East,Jigsaw Channel,Two-person,5 Days,Tuesday|Wednesday|Thursday|Friday
B37,TKC01 Birmingham East,Jigsaw Channel,Two-person,5 Days,Tuesday|Wednesday|Thursday|Friday
B38,TKC01 Birmingham East,Jigsaw Channel,Two-person,5 Days,Tuesday|Wednesday|Thursday|Friday
B4,TKC01 Birmingham East,Jigsaw Channel,Two-person,5 Days,Tuesday|Wednesday|Thursday|Friday
B40,TKC01 Birmingham East,Jigsaw Channel,Two-person,5 Days,Tuesday|Wednesday|Thursday|Friday
B42,TKC01 Birmingham East,Jigsaw Channel,Two-person,5 Days,Tuesday|Wednesday|Thursday|Friday
B44,TKC01 Birmingham East,Jigsaw Channel,Two-person,5 Days,Tuesday|Wednesday|Thursday|Friday
B45,TKC01 Birmingham East,Jigsaw Channel,Two-person,5 Days,Tuesday|Wednesday|Thursday|Friday
B46,TKC01 Birmingham East,Jigsaw Channel,Two-person,5 Days,Tuesday|Wednesday|Thursday|Friday
B47,TKC01 Birmingham East,Jigsaw Channel,Two-person,5 Days,Tuesday|Wednesday|Thursday|Friday
B48,TKC01 Birmingham East,Jigsaw Channel,Two-person,5 Days,Tuesday|Wednesday|Thursday|Friday
B5,TKC01 Birmingham East,Jigsaw Channel,Two-person,5 Days,Tuesday|Wednesday|Thursday|Friday
B6,TKC01 Birmingham East,Jigsaw Channel,Two-person,5 Days,Tuesday|Wednesday|Thursday|Friday
B7,TKC01 Birmingham East,Jigsaw Channel,Two-person,5 Days,Tuesday|Wednesday|Thursday|Friday
B72,TKC01 Birmingham East,Jigsaw Channel,Two-person,5 Days,Tuesday|Wednesday|Thursday|Friday
B73,TKC01 Birmingham East,Jigsaw Channel,Two-person,5 Days,Tuesday|Wednesday|Thursday|Friday
B74,TKC01 Birmingham East,Jigsaw Channel,Two-person,5 Days,Tuesday|Wednesday|Thursday|Friday
B75,TKC01 Birmingham East,Jigsaw Channel,Two-person,5 Days,Tuesday|Wednesday|Thursday|Friday
B76,TKC01 Birmingham East,Jigsaw Channel,Two-person,5 Days,Tuesday|Wednesday|Thursday|Friday
B8,TKC01 Birmingham East,Jigsaw Channel,Two-person,5 Days,Tuesday|Wednesday|Thursday|Friday
B9,TKC01 Birmingham East,Jigsaw Channel,Two-person,5 Days,Tuesday|Wednesday|Thursday|Friday
B90,TKC01 Birmingham East,Jigsaw Channel,Two-person,5 Days,Tuesday|Wednesday|Thursday|Friday
B91,TKC01 Birmingham East,Jigsaw Channel,Two-person,5 Days,Tuesday|Wednesday|Thursday|Friday
B92,TKC01 Birmingham East,Jigsaw Channel,Two-person,5 Days,Tuesday|Wednesday|Thursday|Friday
B93,TKC01 Birmingham East,Jigsaw Channel,Two-person,5 Days,Tuesday|Wednesday|Thursday|Friday
B94,TKC01 Birmingham East,Jigsaw Channel,Two-person,5 Days,Tuesday|Wednesday|Thursday|Friday
B99,TKC01 Birmingham East,Jigsaw Channel,Two-person,5 Days,Tuesday|Wednesday|Thursday|Friday
B1,TKC01 Birmingham East,Merchant Channel,Two-person,5 Days,Tuesday|Wednesday|Thursday|Friday
B10,TKC01 Birmingham East,Merchant Channel,Two-person,5 Days,Tuesday|Wednesday|Thursday|Friday
B11,TKC01 Birmingham East,Merchant Channel,Two-person,5 Days,Tuesday|Wednesday|Thursday|Friday
B12,TKC01 Birmingham East,Merchant Channel,Two-person,5 Days,Tuesday|Wednesday|Thursday|Friday
B13,TKC01 Birmingham East,Merchant Channel,Two-person,5 Days,Tuesday|Wednesday|Thursday|Friday
B14,TKC01 Birmingham East,Merchant Channel,Two-person,5 Days,Tuesday|Wednesday|Thursday|Friday
B15,TKC01 Birmingham East,Merchant Channel,Two-person,5 Days,Tuesday|Wednesday|Thursday|Friday
B16,TKC01 Birmingham East,Merchant Channel,Two-person,5 Days,Tuesday|Wednesday|Thursday|Friday
B17,TKC01 Birmingham East,Merchant Channel,Two-person,5 Days,Tuesday|Wednesday|Thursday|Friday
B18,TKC01 Birmingham East,Merchant Channel,Two-person,5 Days,Tuesday|Wednesday|Thursday|Friday
B19,TKC01 Birmingham East,Merchant Channel,Two-person,5 Days,Tuesday|Wednesday|Thursday|Friday
B2,TKC01 Birmingham East,Merchant Channel,Two-person,5 Days,Tuesday|Wednesday|Thursday|Friday
B22,TKC01 Birmingham East,Merchant Channel,Two-person,5 Days,Tuesday|Wednesday|Thursday|Friday
B23,TKC01 Birmingham East,Merchant Channel,Two-person,5 Days,Tuesday|Wednesday|Thursday|Friday
B24,TKC01 Birmingham East,Merchant Channel,Two-person,5 Days,Tuesday|Wednesday|Thursday|Friday
B25,TKC01 Birmingham East,Merchant Channel,Two-person,5 Days,Tuesday|Wednesday|Thursday|Friday
B26,TKC01 Birmingham East,Merchant Channel,Two-person,5 Days,Tuesday|Wednesday|Thursday|Friday
B27,TKC01 Birmingham East,Merchant Channel,Two-person,5 Days,Tuesday|Wednesday|Thursday|Friday
B28,TKC01 Birmingham East,Merchant Channel,Two-person,5 Days,Tuesday|Wednesday|Thursday|Friday
B29,TKC01 Birmingham East,Merchant Channel,Two-person,5 Days,Tuesday|Wednesday|Thursday|Friday
B3,TKC01 Birmingham East,Merchant Channel,Two-person,5 Days,Tuesday|Wednesday|Thursday|Friday
B30,TKC01 Birmingham East,Merchant Channel,Two-person,5 Days,Tuesday|Wednesday|Thursday|Friday
B31,TKC01 Birmingham East,Merchant Channel,Two-person,5 Days,Tuesday|Wednesday|Thursday|Friday
B32,TKC01 Birmingham East,Merchant Channel,Two-person,5 Days,Tuesday|Wednesday|Thursday|Friday
B33,TKC01 Birmingham East,Merchant Channel,Two-person,5 Days,Tuesday|Wednesday|Thursday|Friday
B34,TKC01 Birmingham East,Merchant Channel,Two-person,5 Days,Tuesday|Wednesday|Thursday|Friday
B35,TKC01 Birmingham East,Merchant Channel,Two-person,5 Days,Tuesday|Wednesday|Thursday|Friday
B36,TKC01 Birmingham East,Merchant Channel,Two-person,5 Days,Tuesday|Wednesday|Thursday|Friday
B37,TKC01 Birmingham East,Merchant Channel,Two-person,5 Days,Tuesday|Wednesday|Thursday|Friday
B38,TKC01 Birmingham East,Merchant Channel,Two-person,5 Days,Tuesday|Wednesday|Thursday|Friday
B4,TKC01 Birmingham East,Merchant Channel,Two-person,5 Days,Tuesday|Wednesday|Thursday|Friday
B40,TKC01 Birmingham East,Merchant Channel,Two-person,5 Days,Tuesday|Wednesday|Thursday|Friday
B42,TKC01 Birmingham East,Merchant Channel,Two-person,5 Days,Tuesday|Wednesday|Thursday|Friday
B44,TKC01 Birmingham East,Merchant Channel,Two-person,5 Days,Tuesday|Wednesday|Thursday|Friday
B45,TKC01 Birmingham East,Merchant Channel,Two-person,5 Days,Tuesday|Wednesday|Thursday|Friday
B46,TKC01 Birmingham East,Merchant Channel,Two-person,5 Days,Tuesday|Wednesday|Thursday|Friday
B47,TKC01 Birmingham East,Merchant Channel,Two-person,5 Days,Tuesday|Wednesday|Thursday|Friday
B48,TKC01 Birmingham East,Merchant Channel,Two-person,5 Days,Tuesday|Wednesday|Thursday|Friday
B5,TKC01 Birmingham East,Merchant Channel,Two-person,5 Days,Tuesday|Wednesday|Thursday|Friday
B6,TKC01 Birmingham East,Merchant Channel,Two-person,5 Days,Tuesday|Wednesday|Thursday|Friday
B7,TKC01 Birmingham East,Merchant Channel,Two-person,5 Days,Tuesday|Wednesday|Thursday|Friday
B72,TKC01 Birmingham East,Merchant Channel,Two-person,5 Days,Tuesday|Wednesday|Thursday|Friday
B73,TKC01 Birmingham East,Merchant Channel,Two-person,5 Days,Tuesday|Wednesday|Thursday|Friday
B74,TKC01 Birmingham East,Merchant Channel,Two-person,5 Days,Tuesday|Wednesday|Thursday|Friday
B75,TKC01 Birmingham East,Merchant Channel,Two-person,5 Days,Tuesday|Wednesday|Thursday|Friday
B76,TKC01 Birmingham East,Merchant Channel,Two-person,5 Days,Tuesday|Wednesday|Thursday|Friday
B8,TKC01 Birmingham East,Merchant Channel,Two-person,5 Days,Tuesday|Wednesday|Thursday|Friday
B9,TKC01 Birmingham East,Merchant Channel,Two-person,5 Days,Tuesday|Wednesday|Thursday|Friday
B90,TKC01 Birmingham East,Merchant Channel,Two-person,5 Days,Tuesday|Wednesday|Thursday|Friday
B91,TKC01 Birmingham East,Merchant Channel,Two-person,5 Days,Tuesday|Wednesday|Thursday|Friday
B92,TKC01 Birmingham East,Merchant Channel,Two-person,5 Days,Tuesday|Wednesday|Thursday|Friday
B93,TKC01 Birmingham East,Merchant Channel,Two-person,5 Days,Tuesday|Wednesday|Thursday|Friday
B94,TKC01 Birmingham East,Merchant Channel,Two-person,5 Days,Tuesday|Wednesday|Thursday|Friday
B99,TKC01 Birmingham East,Merchant Channel,Two-person,5 Days,Tuesday|Wednesday|Thursday|Friday
B1,TKC01 Birmingham East,Retail Channel,Two-person,21 Days,Tuesday|Wednesday|Thursday|Friday
B10,TKC01 Birmingham East,Retail Channel,Two-person,21 Days,Tuesday|Wednesday|Thursday|Friday
B11,TKC01 Birmingham East,Retail Channel,Two-person,21 Days,Tuesday|Wednesday|Thursday|Friday
B12,TKC01 Birmingham East,Retail Channel,Two-person,21 Days,Tuesday|Wednesday|Thursday|Friday
B13,TKC01 Birmingham East,Retail Channel,Two-person,21 Days,Tuesday|Wednesday|Thursday|Friday
B14,TKC01 Birmingham East,Retail Channel,Two-person,21 Days,Tuesday|Wednesday|Thursday|Friday
B15,TKC01 Birmingham East,Retail Channel,Two-person,21 Days,Tuesday|Wednesday|Thursday|Friday
B16,TKC01 Birmingham East,Retail Channel,Two-person,21 Days,Tuesday|Wednesday|Thursday|Friday
B17,TKC01 Birmingham East,Retail Channel,Two-person,21 Days,Tuesday|Wednesday|Thursday|Friday
B18,TKC01 Birmingham East,Retail Channel,Two-person,21 Days,Tuesday|Wednesday|Thursday|Friday
B19,TKC01 Birmingham East,Retail Channel,Two-person,21 Days,Tuesday|Wednesday|Thursday|Friday
B2,TKC01 Birmingham East,Retail Channel,Two-person,21 Days,Tuesday|Wednesday|Thursday|Friday
B22,TKC01 Birmingham East,Retail Channel,Two-person,21 Days,Tuesday|Wednesday|Thursday|Friday
B23,TKC01 Birmingham East,Retail Channel,Two-person,21 Days,Tuesday|Wednesday|Thursday|Friday
B24,TKC01 Birmingham East,Retail Channel,Two-person,21 Days,Tuesday|Wednesday|Thursday|Friday
B25,TKC01 Birmingham East,Retail Channel,Two-person,21 Days,Tuesday|Wednesday|Thursday|Friday
B26,TKC01 Birmingham East,Retail Channel,Two-person,21 Days,Tuesday|Wednesday|Thursday|Friday
B27,TKC01 Birmingham East,Retail Channel,Two-person,21 Days,Tuesday|Wednesday|Thursday|Friday
B28,TKC01 Birmingham East,Retail Channel,Two-person,21 Days,Tuesday|Wednesday|Thursday|Friday
B29,TKC01 Birmingham East,Retail Channel,Two-person,21 Days,Tuesday|Wednesday|Thursday|Friday
B3,TKC01 Birmingham East,Retail Channel,Two-person,21 Days,Tuesday|Wednesday|Thursday|Friday
B30,TKC01 Birmingham East,Retail Channel,Two-person,21 Days,Tuesday|Wednesday|Thursday|Friday
B31,TKC01 Birmingham East,Retail Channel,Two-person,21 Days,Tuesday|Wednesday|Thursday|Friday
B32,TKC01 Birmingham East,Retail Channel,Two-person,21 Days,Tuesday|Wednesday|Thursday|Friday
B33,TKC01 Birmingham East,Retail Channel,Two-person,21 Days,Tuesday|Wednesday|Thursday|Friday
B34,TKC01 Birmingham East,Retail Channel,Two-person,21 Days,Tuesday|Wednesday|Thursday|Friday
B35,TKC01 Birmingham East,Retail Channel,Two-person,21 Days,Tuesday|Wednesday|Thursday|Friday
B36,TKC01 Birmingham East,Retail Channel,Two-person,21 Days,Tuesday|Wednesday|Thursday|Friday
B37,TKC01 Birmingham East,Retail Channel,Two-person,21 Days,Tuesday|Wednesday|Thursday|Friday
B38,TKC01 Birmingham East,Retail Channel,Two-person,21 Days,Tuesday|Wednesday|Thursday|Friday
B4,TKC01 Birmingham East,Retail Channel,Two-person,21 Days,Tuesday|Wednesday|Thursday|Friday
B40,TKC01 Birmingham East,Retail Channel,Two-person,21 Days,Tuesday|Wednesday|Thursday|Friday
B42,TKC01 Birmingham East,Retail Channel,Two-person,21 Days,Tuesday|Wednesday|Thursday|Friday
B44,TKC01 Birmingham East,Retail Channel,Two-person,21 Days,Tuesday|Wednesday|Thursday|Friday
B45,TKC01 Birmingham East,Retail Channel,Two-person,21 Days,Tuesday|Wednesday|Thursday|Friday
B46,TKC01 Birmingham East,Retail Channel,Two-person,21 Days,Tuesday|Wednesday|Thursday|Friday
B47,TKC01 Birmingham East,Retail Channel,Two-person,21 Days,Tuesday|Wednesday|Thursday|Friday
B48,TKC01 Birmingham East,Retail Channel,Two-person,21 Days,Tuesday|Wednesday|Thursday|Friday
B5,TKC01 Birmingham East,Retail Channel,Two-person,21 Days,Tuesday|Wednesday|Thursday|Friday
B6,TKC01 Birmingham East,Retail Channel,Two-person,21 Days,Tuesday|Wednesday|Thursday|Friday
B7,TKC01 Birmingham East,Retail Channel,Two-person,21 Days,Tuesday|Wednesday|Thursday|Friday
B72,TKC01 Birmingham East,Retail Channel,Two-person,21 Days,Tuesday|Wednesday|Thursday|Friday
B73,TKC01 Birmingham East,Retail Channel,Two-person,21 Days,Tuesday|Wednesday|Thursday|Friday
B74,TKC01 Birmingham East,Retail Channel,Two-person,21 Days,Tuesday|Wednesday|Thursday|Friday
B75,TKC01 Birmingham East,Retail Channel,Two-person,21 Days,Tuesday|Wednesday|Thursday|Friday
B76,TKC01 Birmingham East,Retail Channel,Two-person,21 Days,Tuesday|Wednesday|Thursday|Friday
B8,TKC01 Birmingham East,Retail Channel,Two-person,21 Days,Tuesday|Wednesday|Thursday|Friday
B9,TKC01 Birmingham East,Retail Channel,Two-person,21 Days,Tuesday|Wednesday|Thursday|Friday
B90,TKC01 Birmingham East,Retail Channel,Two-person,21 Days,Tuesday|Wednesday|Thursday|Friday
B91,TKC01 Birmingham East,Retail Channel,Two-person,21 Days,Tuesday|Wednesday|Thursday|Friday
B92,TKC01 Birmingham East,Retail Channel,Two-person,21 Days,Tuesday|Wednesday|Thursday|Friday
B93,TKC01 Birmingham East,Retail Channel,Two-person,21 Days,Tuesday|Wednesday|Thursday|Friday
B94,TKC01 Birmingham East,Retail Channel,Two-person,21 Days,Tuesday|Wednesday|Thursday|Friday
B99,TKC01 Birmingham East,Retail Channel,Two-person,21 Days,Tuesday|Wednesday|Thursday|Friday
B77,TKC01 Birmingham North (A),Component Channel,One-person,1 Day,Tuesday|Thursday|Friday
B78,TKC01 Birmingham North (A),Component Channel,One-person,1 Day,Tuesday|Thursday|Friday
B79,TKC01 Birmingham North (A),Component Channel,One-person,1 Day,Tuesday|Thursday|Friday
ST15,TKC01 Birmingham North (A),Component Channel,One-person,1 Day,Tuesday|Thursday|Friday
ST16,TKC01 Birmingham North (A),Component Channel,One-person,1 Day,Tuesday|Thursday|Friday
ST17,TKC01 Birmingham North (A),Component Channel,One-person,1 Day,Tuesday|Thursday|Friday
ST18,TKC01 Birmingham North (A),Component Channel,One-person,1 Day,Tuesday|Thursday|Friday
ST19,TKC01 Birmingham North (A),Component Channel,One-person,1 Day,Tuesday|Thursday|Friday
ST20,TKC01 Birmingham North (A),Component Channel,One-person,1 Day,Tuesday|Thursday|Friday
ST21,TKC01 Birmingham North (A),Component Channel,One-person,1 Day,Tuesday|Thursday|Friday
WS11,TKC01 Birmingham North (A),Component Channel,One-person,1 Day,Tuesday|Thursday|Friday
WS12,TKC01 Birmingham North (A),Component Channel,One-person,1 Day,Tuesday|Thursday|Friday
WS13,TKC01 Birmingham North (A),Component Channel,One-person,1 Day,Tuesday|Thursday|Friday
WS14,TKC01 Birmingham North (A),Component Channel,One-person,1 Day,Tuesday|Thursday|Friday
WS15,TKC01 Birmingham North (A),Component Channel,One-person,1 Day,Tuesday|Thursday|Friday
WS3,TKC01 Birmingham North (A),Component Channel,One-person,1 Day,Tuesday|Thursday|Friday
WS4,TKC01 Birmingham North (A),Component Channel,One-person,1 Day,Tuesday|Thursday|Friday
WS6,TKC01 Birmingham North (A),Component Channel,One-person,1 Day,Tuesday|Thursday|Friday
WS7,TKC01 Birmingham North (A),Component Channel,One-person,1 Day,Tuesday|Thursday|Friday
WS8,TKC01 Birmingham North (A),Component Channel,One-person,1 Day,Tuesday|Thursday|Friday
WS9,TKC01 Birmingham North (A),Component Channel,One-person,1 Day,Tuesday|Thursday|Friday
B77,TKC01 Birmingham North (A),Jigsaw Channel,Two-person,5 Days,Tuesday|Thursday|Friday
B78,TKC01 Birmingham North (A),Jigsaw Channel,Two-person,5 Days,Tuesday|Thursday|Friday
B79,TKC01 Birmingham North (A),Jigsaw Channel,Two-person,5 Days,Tuesday|Thursday|Friday
ST15,TKC01 Birmingham North (A),Jigsaw Channel,Two-person,5 Days,Tuesday|Thursday|Friday
ST16,TKC01 Birmingham North (A),Jigsaw Channel,Two-person,5 Days,Tuesday|Thursday|Friday
ST17,TKC01 Birmingham North (A),Jigsaw Channel,Two-person,5 Days,Tuesday|Thursday|Friday
ST18,TKC01 Birmingham North (A),Jigsaw Channel,Two-person,5 Days,Tuesday|Thursday|Friday
ST19,TKC01 Birmingham North (A),Jigsaw Channel,Two-person,5 Days,Tuesday|Thursday|Friday
ST20,TKC01 Birmingham North (A),Jigsaw Channel,Two-person,5 Days,Tuesday|Thursday|Friday
ST21,TKC01 Birmingham North (A),Jigsaw Channel,Two-person,5 Days,Tuesday|Thursday|Friday
WS11,TKC01 Birmingham North (A),Jigsaw Channel,Two-person,5 Days,Tuesday|Thursday|Friday
WS12,TKC01 Birmingham North (A),Jigsaw Channel,Two-person,5 Days,Tuesday|Thursday|Friday
WS13,TKC01 Birmingham North (A),Jigsaw Channel,Two-person,5 Days,Tuesday|Thursday|Friday
WS14,TKC01 Birmingham North (A),Jigsaw Channel,Two-person,5 Days,Tuesday|Thursday|Friday
WS15,TKC01 Birmingham North (A),Jigsaw Channel,Two-person,5 Days,Tuesday|Thursday|Friday
WS3,TKC01 Birmingham North (A),Jigsaw Channel,Two-person,5 Days,Tuesday|Thursday|Friday
WS4,TKC01 Birmingham North (A),Jigsaw Channel,Two-person,5 Days,Tuesday|Thursday|Friday
WS6,TKC01 Birmingham North (A),Jigsaw Channel,Two-person,5 Days,Tuesday|Thursday|Friday
WS7,TKC01 Birmingham North (A),Jigsaw Channel,Two-person,5 Days,Tuesday|Thursday|Friday
WS8,TKC01 Birmingham North (A),Jigsaw Channel,Two-person,5 Days,Tuesday|Thursday|Friday
WS9,TKC01 Birmingham North (A),Jigsaw Channel,Two-person,5 Days,Tuesday|Thursday|Friday
B77,TKC01 Birmingham North (A),Merchant Channel,Two-person,5 Days,Tuesday|Thursday|Friday
B78,TKC01 Birmingham North (A),Merchant Channel,Two-person,5 Days,Tuesday|Thursday|Friday
B79,TKC01 Birmingham North (A),Merchant Channel,Two-person,5 Days,Tuesday|Thursday|Friday
ST15,TKC01 Birmingham North (A),Merchant Channel,Two-person,5 Days,Tuesday|Thursday|Friday
ST16,TKC01 Birmingham North (A),Merchant Channel,Two-person,5 Days,Tuesday|Thursday|Friday
ST17,TKC01 Birmingham North (A),Merchant Channel,Two-person,5 Days,Tuesday|Thursday|Friday
ST18,TKC01 Birmingham North (A),Merchant Channel,Two-person,5 Days,Tuesday|Thursday|Friday
ST19,TKC01 Birmingham North (A),Merchant Channel,Two-person,5 Days,Tuesday|Thursday|Friday
ST20,TKC01 Birmingham North (A),Merchant Channel,Two-person,5 Days,Tuesday|Thursday|Friday
ST21,TKC01 Birmingham North (A),Merchant Channel,Two-person,5 Days,Tuesday|Thursday|Friday
WS11,TKC01 Birmingham North (A),Merchant Channel,Two-person,5 Days,Tuesday|Thursday|Friday
WS12,TKC01 Birmingham North (A),Merchant Channel,Two-person,5 Days,Tuesday|Thursday|Friday
WS13,TKC01 Birmingham North (A),Merchant Channel,Two-person,5 Days,Tuesday|Thursday|Friday
WS14,TKC01 Birmingham North (A),Merchant Channel,Two-person,5 Days,Tuesday|Thursday|Friday
WS15,TKC01 Birmingham North (A),Merchant Channel,Two-person,5 Days,Tuesday|Thursday|Friday
WS3,TKC01 Birmingham North (A),Merchant Channel,Two-person,5 Days,Tuesday|Thursday|Friday
WS4,TKC01 Birmingham North (A),Merchant Channel,Two-person,5 Days,Tuesday|Thursday|Friday
WS6,TKC01 Birmingham North (A),Merchant Channel,Two-person,5 Days,Tuesday|Thursday|Friday
WS7,TKC01 Birmingham North (A),Merchant Channel,Two-person,5 Days,Tuesday|Thursday|Friday
WS8,TKC01 Birmingham North (A),Merchant Channel,Two-person,5 Days,Tuesday|Thursday|Friday
WS9,TKC01 Birmingham North (A),Merchant Channel,Two-person,5 Days,Tuesday|Thursday|Friday
B77,TKC01 Birmingham North (A),Retail Channel,Two-person,21 Days,Tuesday|Thursday|Friday
B78,TKC01 Birmingham North (A),Retail Channel,Two-person,21 Days,Tuesday|Thursday|Friday
B79,TKC01 Birmingham North (A),Retail Channel,Two-person,21 Days,Tuesday|Thursday|Friday
ST15,TKC01 Birmingham North (A),Retail Channel,Two-person,21 Days,Tuesday|Thursday|Friday
ST16,TKC01 Birmingham North (A),Retail Channel,Two-person,21 Days,Tuesday|Thursday|Friday
ST17,TKC01 Birmingham North (A),Retail Channel,Two-person,21 Days,Tuesday|Thursday|Friday
ST18,TKC01 Birmingham North (A),Retail Channel,Two-person,21 Days,Tuesday|Thursday|Friday
ST19,TKC01 Birmingham North (A),Retail Channel,Two-person,21 Days,Tuesday|Thursday|Friday
ST20,TKC01 Birmingham North (A),Retail Channel,Two-person,21 Days,Tuesday|Thursday|Friday
ST21,TKC01 Birmingham North (A),Retail Channel,Two-person,21 Days,Tuesday|Thursday|Friday
WS11,TKC01 Birmingham North (A),Retail Channel,Two-person,21 Days,Tuesday|Thursday|Friday
WS12,TKC01 Birmingham North (A),Retail Channel,Two-person,21 Days,Tuesday|Thursday|Friday
WS13,TKC01 Birmingham North (A),Retail Channel,Two-person,21 Days,Tuesday|Thursday|Friday
WS14,TKC01 Birmingham North (A),Retail Channel,Two-person,21 Days,Tuesday|Thursday|Friday
WS15,TKC01 Birmingham North (A),Retail Channel,Two-person,21 Days,Tuesday|Thursday|Friday
WS3,TKC01 Birmingham North (A),Retail Channel,Two-person,21 Days,Tuesday|Thursday|Friday
WS4,TKC01 Birmingham North (A),Retail Channel,Two-person,21 Days,Tuesday|Thursday|Friday
WS6,TKC01 Birmingham North (A),Retail Channel,Two-person,21 Days,Tuesday|Thursday|Friday
WS7,TKC01 Birmingham North (A),Retail Channel,Two-person,21 Days,Tuesday|Thursday|Friday
WS8,TKC01 Birmingham North (A),Retail Channel,Two-person,21 Days,Tuesday|Thursday|Friday
WS9,TKC01 Birmingham North (A),Retail Channel,Two-person,21 Days,Tuesday|Thursday|Friday
TF1,TKC01 Birmingham North (B),Component Channel,One-person,1 Day,Wednesday|Thursday
TF10,TKC01 Birmingham North (B),Component Channel,One-person,1 Day,Wednesday|Thursday
TF11,TKC01 Birmingham North (B),Component Channel,One-person,1 Day,Wednesday|Thursday
TF12,TKC01 Birmingham North (B),Component Channel,One-person,1 Day,Wednesday|Thursday
TF13,TKC01 Birmingham North (B),Component Channel,One-person,1 Day,Wednesday|Thursday
TF2,TKC01 Birmingham North (B),Component Channel,One-person,1 Day,Wednesday|Thursday
TF3,TKC01 Birmingham North (B),Component Channel,One-person,1 Day,Wednesday|Thursday
TF4,TKC01 Birmingham North (B),Component Channel,One-person,1 Day,Wednesday|Thursday
TF5,TKC01 Birmingham North (B),Component Channel,One-person,1 Day,Wednesday|Thursday
TF6,TKC01 Birmingham North (B),Component Channel,One-person,1 Day,Wednesday|Thursday
TF7,TKC01 Birmingham North (B),Component Channel,One-person,1 Day,Wednesday|Thursday
TF8,TKC01 Birmingham North (B),Component Channel,One-person,1 Day,Wednesday|Thursday
TF9,TKC01 Birmingham North (B),Component Channel,One-person,1 Day,Wednesday|Thursday
WV10,TKC01 Birmingham North (B),Component Channel,One-person,1 Day,Wednesday|Thursday
WV11,TKC01 Birmingham North (B),Component Channel,One-person,1 Day,Wednesday|Thursday
WV12,TKC01 Birmingham North (B),Component Channel,One-person,1 Day,Wednesday|Thursday
WV7,TKC01 Birmingham North (B),Component Channel,One-person,1 Day,Wednesday|Thursday
WV8,TKC01 Birmingham North (B),Component Channel,One-person,1 Day,Wednesday|Thursday
WV9,TKC01 Birmingham North (B),Component Channel,One-person,1 Day,Wednesday|Thursday
TF1,TKC01 Birmingham North (B),Jigsaw Channel,Two-person,5 Days,Wednesday|Thursday
TF10,TKC01 Birmingham North (B),Jigsaw Channel,Two-person,5 Days,Wednesday|Thursday
TF11,TKC01 Birmingham North (B),Jigsaw Channel,Two-person,5 Days,Wednesday|Thursday
TF12,TKC01 Birmingham North (B),Jigsaw Channel,Two-person,5 Days,Wednesday|Thursday
TF13,TKC01 Birmingham North (B),Jigsaw Channel,Two-person,5 Days,Wednesday|Thursday
TF2,TKC01 Birmingham North (B),Jigsaw Channel,Two-person,5 Days,Wednesday|Thursday
TF3,TKC01 Birmingham North (B),Jigsaw Channel,Two-person,5 Days,Wednesday|Thursday
TF4,TKC01 Birmingham North (B),Jigsaw Channel,Two-person,5 Days,Wednesday|Thursday
TF5,TKC01 Birmingham North (B),Jigsaw Channel,Two-person,5 Days,Wednesday|Thursday
TF6,TKC01 Birmingham North (B),Jigsaw Channel,Two-person,5 Days,Wednesday|Thursday
TF7,TKC01 Birmingham North (B),Jigsaw Channel,Two-person,5 Days,Wednesday|Thursday
TF8,TKC01 Birmingham North (B),Jigsaw Channel,Two-person,5 Days,Wednesday|Thursday
TF9,TKC01 Birmingham North (B),Jigsaw Channel,Two-person,5 Days,Wednesday|Thursday
WV10,TKC01 Birmingham North (B),Jigsaw Channel,Two-person,5 Days,Wednesday|Thursday
WV11,TKC01 Birmingham North (B),Jigsaw Channel,Two-person,5 Days,Wednesday|Thursday
WV12,TKC01 Birmingham North (B),Jigsaw Channel,Two-person,5 Days,Wednesday|Thursday
WV7,TKC01 Birmingham North (B),Jigsaw Channel,Two-person,5 Days,Wednesday|Thursday
WV8,TKC01 Birmingham North (B),Jigsaw Channel,Two-person,5 Days,Wednesday|Thursday
WV9,TKC01 Birmingham North (B),Jigsaw Channel,Two-person,5 Days,Wednesday|Thursday
TF1,TKC01 Birmingham North (B),Merchant Channel,Two-person,5 Days,Wednesday|Thursday
TF10,TKC01 Birmingham North (B),Merchant Channel,Two-person,5 Days,Wednesday|Thursday
TF11,TKC01 Birmingham North (B),Merchant Channel,Two-person,5 Days,Wednesday|Thursday
TF12,TKC01 Birmingham North (B),Merchant Channel,Two-person,5 Days,Wednesday|Thursday
TF13,TKC01 Birmingham North (B),Merchant Channel,Two-person,5 Days,Wednesday|Thursday
TF2,TKC01 Birmingham North (B),Merchant Channel,Two-person,5 Days,Wednesday|Thursday
TF3,TKC01 Birmingham North (B),Merchant Channel,Two-person,5 Days,Wednesday|Thursday
TF4,TKC01 Birmingham North (B),Merchant Channel,Two-person,5 Days,Wednesday|Thursday
TF5,TKC01 Birmingham North (B),Merchant Channel,Two-person,5 Days,Wednesday|Thursday
TF6,TKC01 Birmingham North (B),Merchant Channel,Two-person,5 Days,Wednesday|Thursday
TF7,TKC01 Birmingham North (B),Merchant Channel,Two-person,5 Days,Wednesday|Thursday
TF8,TKC01 Birmingham North (B),Merchant Channel,Two-person,5 Days,Wednesday|Thursday
TF9,TKC01 Birmingham North (B),Merchant Channel,Two-person,5 Days,Wednesday|Thursday
WV10,TKC01 Birmingham North (B),Merchant Channel,Two-person,5 Days,Wednesday|Thursday
WV11,TKC01 Birmingham North (B),Merchant Channel,Two-person,5 Days,Wednesday|Thursday
WV12,TKC01 Birmingham North (B),Merchant Channel,Two-person,5 Days,Wednesday|Thursday
WV7,TKC01 Birmingham North (B),Merchant Channel,Two-person,5 Days,Wednesday|Thursday
WV8,TKC01 Birmingham North (B),Merchant Channel,Two-person,5 Days,Wednesday|Thursday
WV9,TKC01 Birmingham North (B),Merchant Channel,Two-person,5 Days,Wednesday|Thursday
TF1,TKC01 Birmingham North (B),Retail Channel,Two-person,21 Days,Wednesday|Thursday
TF10,TKC01 Birmingham North (B),Retail Channel,Two-person,21 Days,Wednesday|Thursday
TF11,TKC01 Birmingham North (B),Retail Channel,Two-person,21 Days,Wednesday|Thursday
TF12,TKC01 Birmingham North (B),Retail Channel,Two-person,21 Days,Wednesday|Thursday
TF13,TKC01 Birmingham North (B),Retail Channel,Two-person,21 Days,Wednesday|Thursday
TF2,TKC01 Birmingham North (B),Retail Channel,Two-person,21 Days,Wednesday|Thursday
TF3,TKC01 Birmingham North (B),Retail Channel,Two-person,21 Days,Wednesday|Thursday
TF4,TKC01 Birmingham North (B),Retail Channel,Two-person,21 Days,Wednesday|Thursday
TF5,TKC01 Birmingham North (B),Retail Channel,Two-person,21 Days,Wednesday|Thursday
TF6,TKC01 Birmingham North (B),Retail Channel,Two-person,21 Days,Wednesday|Thursday
TF7,TKC01 Birmingham North (B),Retail Channel,Two-person,21 Days,Wednesday|Thursday
TF8,TKC01 Birmingham North (B),Retail Channel,Two-person,21 Days,Wednesday|Thursday
TF9,TKC01 Birmingham North (B),Retail Channel,Two-person,21 Days,Wednesday|Thursday
WV10,TKC01 Birmingham North (B),Retail Channel,Two-person,21 Days,Wednesday|Thursday
WV11,TKC01 Birmingham North (B),Retail Channel,Two-person,21 Days,Wednesday|Thursday
WV12,TKC01 Birmingham North (B),Retail Channel,Two-person,21 Days,Wednesday|Thursday
WV7,TKC01 Birmingham North (B),Retail Channel,Two-person,21 Days,Wednesday|Thursday
WV8,TKC01 Birmingham North (B),Retail Channel,Two-person,21 Days,Wednesday|Thursday
WV9,TKC01 Birmingham North (B),Retail Channel,Two-person,21 Days,Wednesday|Thursday
B20,TKC01 Birmingham West (A),Component Channel,One-person,1 Day,Wednesday|Thursday
B21,TKC01 Birmingham West (A),Component Channel,One-person,1 Day,Wednesday|Thursday
B62,TKC01 Birmingham West (A),Component Channel,One-person,1 Day,Wednesday|Thursday
B63,TKC01 Birmingham West (A),Component Channel,One-person,1 Day,Wednesday|Thursday
B64,TKC01 Birmingham West (A),Component Channel,One-person,1 Day,Wednesday|Thursday
B65,TKC01 Birmingham West (A),Component Channel,One-person,1 Day,Wednesday|Thursday
B66,TKC01 Birmingham West (A),Component Channel,One-person,1 Day,Wednesday|Thursday
B67,TKC01 Birmingham West (A),Component Channel,One-person,1 Day,Wednesday|Thursday
B68,TKC01 Birmingham West (A),Component Channel,One-person,1 Day,Wednesday|Thursday
B69,TKC01 Birmingham West (A),Component Channel,One-person,1 Day,Wednesday|Thursday
B70,TKC01 Birmingham West (A),Component Channel,One-person,1 Day,Wednesday|Thursday
B71,TKC01 Birmingham West (A),Component Channel,One-person,1 Day,Wednesday|Thursday
DY1,TKC01 Birmingham West (A),Component Channel,One-person,1 Day,Wednesday|Thursday
DY10,TKC01 Birmingham West (A),Component Channel,One-person,1 Day,Wednesday|Thursday
DY11,TKC01 Birmingham West (A),Component Channel,One-person,1 Day,Wednesday|Thursday
DY12,TKC01 Birmingham West (A),Component Channel,One-person,1 Day,Wednesday|Thursday
DY13,TKC01 Birmingham West (A),Component Channel,One-person,1 Day,Wednesday|Thursday
DY14,TKC01 Birmingham West (A),Component Channel,One-person,1 Day,Wednesday|Thursday
DY2,TKC01 Birmingham West (A),Component Channel,One-person,1 Day,Wednesday|Thursday
DY3,TKC01 Birmingham West (A),Component Channel,One-person,1 Day,Wednesday|Thursday
DY4,TKC01 Birmingham West (A),Component Channel,One-person,1 Day,Wednesday|Thursday
DY5,TKC01 Birmingham West (A),Component Channel,One-person,1 Day,Wednesday|Thursday
DY6,TKC01 Birmingham West (A),Component Channel,One-person,1 Day,Wednesday|Thursday
DY7,TKC01 Birmingham West (A),Component Channel,One-person,1 Day,Wednesday|Thursday
DY8,TKC01 Birmingham West (A),Component Channel,One-person,1 Day,Wednesday|Thursday
DY9,TKC01 Birmingham West (A),Component Channel,One-person,1 Day,Wednesday|Thursday
WS10,TKC01 Birmingham West (A),Component Channel,One-person,1 Day,Wednesday|Thursday
WV1,TKC01 Birmingham West (A),Component Channel,One-person,1 Day,Wednesday|Thursday
WV13,TKC01 Birmingham West (A),Component Channel,One-person,1 Day,Wednesday|Thursday
WV14,TKC01 Birmingham West (A),Component Channel,One-person,1 Day,Wednesday|Thursday
WV15,TKC01 Birmingham West (A),Component Channel,One-person,1 Day,Wednesday|Thursday
WV16,TKC01 Birmingham West (A),Component Channel,One-person,1 Day,Wednesday|Thursday
WV2,TKC01 Birmingham West (A),Component Channel,One-person,1 Day,Wednesday|Thursday
WV3,TKC01 Birmingham West (A),Component Channel,One-person,1 Day,Wednesday|Thursday
WV4,TKC01 Birmingham West (A),Component Channel,One-person,1 Day,Wednesday|Thursday
WV5,TKC01 Birmingham West (A),Component Channel,One-person,1 Day,Wednesday|Thursday
WV6,TKC01 Birmingham West (A),Component Channel,One-person,1 Day,Wednesday|Thursday
B20,TKC01 Birmingham West (A),Jigsaw Channel,Two-person,5 Days,Wednesday|Thursday
B21,TKC01 Birmingham West (A),Jigsaw Channel,Two-person,5 Days,Wednesday|Thursday
B62,TKC01 Birmingham West (A),Jigsaw Channel,Two-person,5 Days,Wednesday|Thursday
B63,TKC01 Birmingham West (A),Jigsaw Channel,Two-person,5 Days,Wednesday|Thursday
B64,TKC01 Birmingham West (A),Jigsaw Channel,Two-person,5 Days,Wednesday|Thursday
B65,TKC01 Birmingham West (A),Jigsaw Channel,Two-person,5 Days,Wednesday|Thursday
B66,TKC01 Birmingham West (A),Jigsaw Channel,Two-person,5 Days,Wednesday|Thursday
B67,TKC01 Birmingham West (A),Jigsaw Channel,Two-person,5 Days,Wednesday|Thursday
B68,TKC01 Birmingham West (A),Jigsaw Channel,Two-person,5 Days,Wednesday|Thursday
B69,TKC01 Birmingham West (A),Jigsaw Channel,Two-person,5 Days,Wednesday|Thursday
B70,TKC01 Birmingham West (A),Jigsaw Channel,Two-person,5 Days,Wednesday|Thursday
B71,TKC01 Birmingham West (A),Jigsaw Channel,Two-person,5 Days,Wednesday|Thursday
DY1,TKC01 Birmingham West (A),Jigsaw Channel,Two-person,5 Days,Wednesday|Thursday
DY10,TKC01 Birmingham West (A),Jigsaw Channel,Two-person,5 Days,Wednesday|Thursday
DY11,TKC01 Birmingham West (A),Jigsaw Channel,Two-person,5 Days,Wednesday|Thursday
DY12,TKC01 Birmingham West (A),Jigsaw Channel,Two-person,5 Days,Wednesday|Thursday
DY13,TKC01 Birmingham West (A),Jigsaw Channel,Two-person,5 Days,Wednesday|Thursday
DY14,TKC01 Birmingham West (A),Jigsaw Channel,Two-person,5 Days,Wednesday|Thursday
DY2,TKC01 Birmingham West (A),Jigsaw Channel,Two-person,5 Days,Wednesday|Thursday
DY3,TKC01 Birmingham West (A),Jigsaw Channel,Two-person,5 Days,Wednesday|Thursday
DY4,TKC01 Birmingham West (A),Jigsaw Channel,Two-person,5 Days,Wednesday|Thursday
DY5,TKC01 Birmingham West (A),Jigsaw Channel,Two-person,5 Days,Wednesday|Thursday
DY6,TKC01 Birmingham West (A),Jigsaw Channel,Two-person,5 Days,Wednesday|Thursday
DY7,TKC01 Birmingham West (A),Jigsaw Channel,Two-person,5 Days,Wednesday|Thursday
DY8,TKC01 Birmingham West (A),Jigsaw Channel,Two-person,5 Days,Wednesday|Thursday
DY9,TKC01 Birmingham West (A),Jigsaw Channel,Two-person,5 Days,Wednesday|Thursday
WS10,TKC01 Birmingham West (A),Jigsaw Channel,Two-person,5 Days,Wednesday|Thursday
WV1,TKC01 Birmingham West (A),Jigsaw Channel,Two-person,5 Days,Wednesday|Thursday
WV13,TKC01 Birmingham West (A),Jigsaw Channel,Two-person,5 Days,Wednesday|Thursday
WV14,TKC01 Birmingham West (A),Jigsaw Channel,Two-person,5 Days,Wednesday|Thursday
WV15,TKC01 Birmingham West (A),Jigsaw Channel,Two-person,5 Days,Wednesday|Thursday
WV16,TKC01 Birmingham West (A),Jigsaw Channel,Two-person,5 Days,Wednesday|Thursday
WV2,TKC01 Birmingham West (A),Jigsaw Channel,Two-person,5 Days,Wednesday|Thursday
WV3,TKC01 Birmingham West (A),Jigsaw Channel,Two-person,5 Days,Wednesday|Thursday
WV4,TKC01 Birmingham West (A),Jigsaw Channel,Two-person,5 Days,Wednesday|Thursday
WV5,TKC01 Birmingham West (A),Jigsaw Channel,Two-person,5 Days,Wednesday|Thursday
WV6,TKC01 Birmingham West (A),Jigsaw Channel,Two-person,5 Days,Wednesday|Thursday
B20,TKC01 Birmingham West (A),Merchant Channel,Two-person,5 Days,Wednesday|Thursday
B21,TKC01 Birmingham West (A),Merchant Channel,Two-person,5 Days,Wednesday|Thursday
B62,TKC01 Birmingham West (A),Merchant Channel,Two-person,5 Days,Wednesday|Thursday
B63,TKC01 Birmingham West (A),Merchant Channel,Two-person,5 Days,Wednesday|Thursday
B64,TKC01 Birmingham West (A),Merchant Channel,Two-person,5 Days,Wednesday|Thursday
B65,TKC01 Birmingham West (A),Merchant Channel,Two-person,5 Days,Wednesday|Thursday
B66,TKC01 Birmingham West (A),Merchant Channel,Two-person,5 Days,Wednesday|Thursday
B67,TKC01 Birmingham West (A),Merchant Channel,Two-person,5 Days,Wednesday|Thursday
B68,TKC01 Birmingham West (A),Merchant Channel,Two-person,5 Days,Wednesday|Thursday
B69,TKC01 Birmingham West (A),Merchant Channel,Two-person,5 Days,Wednesday|Thursday
B70,TKC01 Birmingham West (A),Merchant Channel,Two-person,5 Days,Wednesday|Thursday
B71,TKC01 Birmingham West (A),Merchant Channel,Two-person,5 Days,Wednesday|Thursday
DY1,TKC01 Birmingham West (A),Merchant Channel,Two-person,5 Days,Wednesday|Thursday
DY10,TKC01 Birmingham West (A),Merchant Channel,Two-person,5 Days,Wednesday|Thursday
DY11,TKC01 Birmingham West (A),Merchant Channel,Two-person,5 Days,Wednesday|Thursday
DY12,TKC01 Birmingham West (A),Merchant Channel,Two-person,5 Days,Wednesday|Thursday
DY13,TKC01 Birmingham West (A),Merchant Channel,Two-person,5 Days,Wednesday|Thursday
DY14,TKC01 Birmingham West (A),Merchant Channel,Two-person,5 Days,Wednesday|Thursday
DY2,TKC01 Birmingham West (A),Merchant Channel,Two-person,5 Days,Wednesday|Thursday
DY3,TKC01 Birmingham West (A),Merchant Channel,Two-person,5 Days,Wednesday|Thursday
DY4,TKC01 Birmingham West (A),Merchant Channel,Two-person,5 Days,Wednesday|Thursday
DY5,TKC01 Birmingham West (A),Merchant Channel,Two-person,5 Days,Wednesday|Thursday
DY6,TKC01 Birmingham West (A),Merchant Channel,Two-person,5 Days,Wednesday|Thursday
DY7,TKC01 Birmingham West (A),Merchant Channel,Two-person,5 Days,Wednesday|Thursday
DY8,TKC01 Birmingham West (A),Merchant Channel,Two-person,5 Days,Wednesday|Thursday
DY9,TKC01 Birmingham West (A),Merchant Channel,Two-person,5 Days,Wednesday|Thursday
WS10,TKC01 Birmingham West (A),Merchant Channel,Two-person,5 Days,Wednesday|Thursday
WV1,TKC01 Birmingham West (A),Merchant Channel,Two-person,5 Days,Wednesday|Thursday
WV13,TKC01 Birmingham West (A),Merchant Channel,Two-person,5 Days,Wednesday|Thursday
WV14,TKC01 Birmingham West (A),Merchant Channel,Two-person,5 Days,Wednesday|Thursday
WV15,TKC01 Birmingham West (A),Merchant Channel,Two-person,5 Days,Wednesday|Thursday
WV16,TKC01 Birmingham West (A),Merchant Channel,Two-person,5 Days,Wednesday|Thursday
WV2,TKC01 Birmingham West (A),Merchant Channel,Two-person,5 Days,Wednesday|Thursday
WV3,TKC01 Birmingham West (A),Merchant Channel,Two-person,5 Days,Wednesday|Thursday
WV4,TKC01 Birmingham West (A),Merchant Channel,Two-person,5 Days,Wednesday|Thursday
WV5,TKC01 Birmingham West (A),Merchant Channel,Two-person,5 Days,Wednesday|Thursday
WV6,TKC01 Birmingham West (A),Merchant Channel,Two-person,5 Days,Wednesday|Thursday
B20,TKC01 Birmingham West (A),Retail Channel,Two-person,21 Days,Wednesday|Thursday
B21,TKC01 Birmingham West (A),Retail Channel,Two-person,21 Days,Wednesday|Thursday
B62,TKC01 Birmingham West (A),Retail Channel,Two-person,21 Days,Wednesday|Thursday
B63,TKC01 Birmingham West (A),Retail Channel,Two-person,21 Days,Wednesday|Thursday
B64,TKC01 Birmingham West (A),Retail Channel,Two-person,21 Days,Wednesday|Thursday
B65,TKC01 Birmingham West (A),Retail Channel,Two-person,21 Days,Wednesday|Thursday
B66,TKC01 Birmingham West (A),Retail Channel,Two-person,21 Days,Wednesday|Thursday
B67,TKC01 Birmingham West (A),Retail Channel,Two-person,21 Days,Wednesday|Thursday
B68,TKC01 Birmingham West (A),Retail Channel,Two-person,21 Days,Wednesday|Thursday
B69,TKC01 Birmingham West (A),Retail Channel,Two-person,21 Days,Wednesday|Thursday
B70,TKC01 Birmingham West (A),Retail Channel,Two-person,21 Days,Wednesday|Thursday
B71,TKC01 Birmingham West (A),Retail Channel,Two-person,21 Days,Wednesday|Thursday
DY1,TKC01 Birmingham West (A),Retail Channel,Two-person,21 Days,Wednesday|Thursday
DY10,TKC01 Birmingham West (A),Retail Channel,Two-person,21 Days,Wednesday|Thursday
DY11,TKC01 Birmingham West (A),Retail Channel,Two-person,21 Days,Wednesday|Thursday
DY12,TKC01 Birmingham West (A),Retail Channel,Two-person,21 Days,Wednesday|Thursday
DY13,TKC01 Birmingham West (A),Retail Channel,Two-person,21 Days,Wednesday|Thursday
DY14,TKC01 Birmingham West (A),Retail Channel,Two-person,21 Days,Wednesday|Thursday
DY2,TKC01 Birmingham West (A),Retail Channel,Two-person,21 Days,Wednesday|Thursday
DY3,TKC01 Birmingham West (A),Retail Channel,Two-person,21 Days,Wednesday|Thursday
DY4,TKC01 Birmingham West (A),Retail Channel,Two-person,21 Days,Wednesday|Thursday
DY5,TKC01 Birmingham West (A),Retail Channel,Two-person,21 Days,Wednesday|Thursday
DY6,TKC01 Birmingham West (A),Retail Channel,Two-person,21 Days,Wednesday|Thursday
DY7,TKC01 Birmingham West (A),Retail Channel,Two-person,21 Days,Wednesday|Thursday
DY8,TKC01 Birmingham West (A),Retail Channel,Two-person,21 Days,Wednesday|Thursday
DY9,TKC01 Birmingham West (A),Retail Channel,Two-person,21 Days,Wednesday|Thursday
WS10,TKC01 Birmingham West (A),Retail Channel,Two-person,21 Days,Wednesday|Thursday
WV1,TKC01 Birmingham West (A),Retail Channel,Two-person,21 Days,Wednesday|Thursday
WV13,TKC01 Birmingham West (A),Retail Channel,Two-person,21 Days,Wednesday|Thursday
WV14,TKC01 Birmingham West (A),Retail Channel,Two-person,21 Days,Wednesday|Thursday
WV15,TKC01 Birmingham West (A),Retail Channel,Two-person,21 Days,Wednesday|Thursday
WV16,TKC01 Birmingham West (A),Retail Channel,Two-person,21 Days,Wednesday|Thursday
WV2,TKC01 Birmingham West (A),Retail Channel,Two-person,21 Days,Wednesday|Thursday
WV3,TKC01 Birmingham West (A),Retail Channel,Two-person,21 Days,Wednesday|Thursday
WV4,TKC01 Birmingham West (A),Retail Channel,Two-person,21 Days,Wednesday|Thursday
WV5,TKC01 Birmingham West (A),Retail Channel,Two-person,21 Days,Wednesday|Thursday
WV6,TKC01 Birmingham West (A),Retail Channel,Two-person,21 Days,Wednesday|Thursday
B43,TKC01 Birmingham West (B),Component Channel,One-person,1 Day,Tuesday|Wednesday|Thursday|Friday
B43,TKC01 Birmingham West (B),Jigsaw Channel,Two-person,5 Days,Tuesday|Wednesday|Thursday|Friday
B43,TKC01 Birmingham West (B),Merchant Channel,Two-person,5 Days,Tuesday|Wednesday|Thursday|Friday
B43,TKC01 Birmingham West (B),Retail Channel,Two-person,21 Days,Tuesday|Wednesday|Thursday|Friday
WS1,TKC01 Birmingham West (C),Component Channel,One-person,1 Day,Tuesday|Thursday|Friday
WS2,TKC01 Birmingham West (C),Component Channel,One-person,1 Day,Tuesday|Thursday|Friday
WS5,TKC01 Birmingham West (C),Component Channel,One-person,1 Day,Tuesday|Thursday|Friday
WS1,TKC01 Birmingham West (C),Jigsaw Channel,Two-person,5 Days,Tuesday|Thursday|Friday
WS2,TKC01 Birmingham West (C),Jigsaw Channel,Two-person,5 Days,Tuesday|Thursday|Friday
WS5,TKC01 Birmingham West (C),Jigsaw Channel,Two-person,5 Days,Tuesday|Thursday|Friday
WS1,TKC01 Birmingham West (C),Merchant Channel,Two-person,5 Days,Tuesday|Thursday|Friday
WS2,TKC01 Birmingham West (C),Merchant Channel,Two-person,5 Days,Tuesday|Thursday|Friday
WS5,TKC01 Birmingham West (C),Merchant Channel,Two-person,5 Days,Tuesday|Thursday|Friday
WS1,TKC01 Birmingham West (C),Retail Channel,Two-person,21 Days,Tuesday|Thursday|Friday
WS2,TKC01 Birmingham West (C),Retail Channel,Two-person,21 Days,Tuesday|Thursday|Friday
WS5,TKC01 Birmingham West (C),Retail Channel,Two-person,21 Days,Tuesday|Thursday|Friday
BB0,TKC01 Blackburn,Component Channel,One-person,1 Day,Tuesday|Thursday
BB1,TKC01 Blackburn,Component Channel,One-person,1 Day,Tuesday|Thursday
BB10,TKC01 Blackburn,Component Channel,One-person,1 Day,Tuesday|Thursday
BB11,TKC01 Blackburn,Component Channel,One-person,1 Day,Tuesday|Thursday
BB12,TKC01 Blackburn,Component Channel,One-person,1 Day,Tuesday|Thursday
BB18,TKC01 Blackburn,Component Channel,One-person,1 Day,Tuesday|Thursday
BB2,TKC01 Blackburn,Component Channel,One-person,1 Day,Tuesday|Thursday
BB3,TKC01 Blackburn,Component Channel,One-person,1 Day,Tuesday|Thursday
BB4,TKC01 Blackburn,Component Channel,One-person,1 Day,Tuesday|Thursday
BB5,TKC01 Blackburn,Component Channel,One-person,1 Day,Tuesday|Thursday
BB6,TKC01 Blackburn,Component Channel,One-person,1 Day,Tuesday|Thursday
BB7,TKC01 Blackburn,Component Channel,One-person,1 Day,Tuesday|Thursday
BB8,TKC01 Blackburn,Component Channel,One-person,1 Day,Tuesday|Thursday
BB9,TKC01 Blackburn,Component Channel,One-person,1 Day,Tuesday|Thursday
BB94,TKC01 Blackburn,Component Channel,One-person,1 Day,Tuesday|Thursday
BD23,TKC01 Blackburn,Component Channel,One-person,1 Day,Tuesday|Thursday
BD24,TKC01 Blackburn,Component Channel,One-person,1 Day,Tuesday|Thursday
OL13,TKC01 Blackburn,Component Channel,One-person,1 Day,Tuesday|Thursday
OL14,TKC01 Blackburn,Component Channel,One-person,1 Day,Tuesday|Thursday
BB0,TKC01 Blackburn,Jigsaw Channel,Two-person,5 Days,Tuesday|Thursday
BB1,TKC01 Blackburn,Jigsaw Channel,Two-person,5 Days,Tuesday|Thursday
BB10,TKC01 Blackburn,Jigsaw Channel,Two-person,5 Days,Tuesday|Thursday
BB11,TKC01 Blackburn,Jigsaw Channel,Two-person,5 Days,Tuesday|Thursday
BB12,TKC01 Blackburn,Jigsaw Channel,Two-person,5 Days,Tuesday|Thursday
BB18,TKC01 Blackburn,Jigsaw Channel,Two-person,5 Days,Tuesday|Thursday
BB2,TKC01 Blackburn,Jigsaw Channel,Two-person,5 Days,Tuesday|Thursday
BB3,TKC01 Blackburn,Jigsaw Channel,Two-person,5 Days,Tuesday|Thursday
BB4,TKC01 Blackburn,Jigsaw Channel,Two-person,5 Days,Tuesday|Thursday
BB5,TKC01 Blackburn,Jigsaw Channel,Two-person,5 Days,Tuesday|Thursday
BB6,TKC01 Blackburn,Jigsaw Channel,Two-person,5 Days,Tuesday|Thursday
BB7,TKC01 Blackburn,Jigsaw Channel,Two-person,5 Days,Tuesday|Thursday
BB8,TKC01 Blackburn,Jigsaw Channel,Two-person,5 Days,Tuesday|Thursday
BB9,TKC01 Blackburn,Jigsaw Channel,Two-person,5 Days,Tuesday|Thursday
BB94,TKC01 Blackburn,Jigsaw Channel,Two-person,5 Days,Tuesday|Thursday
BD23,TKC01 Blackburn,Jigsaw Channel,Two-person,5 Days,Tuesday|Thursday
BD24,TKC01 Blackburn,Jigsaw Channel,Two-person,5 Days,Tuesday|Thursday
OL13,TKC01 Blackburn,Jigsaw Channel,Two-person,5 Days,Tuesday|Thursday
OL14,TKC01 Blackburn,Jigsaw Channel,Two-person,5 Days,Tuesday|Thursday
BB0,TKC01 Blackburn,Merchant Channel,Two-person,5 Days,Tuesday|Thursday
BB1,TKC01 Blackburn,Merchant Channel,Two-person,5 Days,Tuesday|Thursday
BB10,TKC01 Blackburn,Merchant Channel,Two-person,5 Days,Tuesday|Thursday
BB11,TKC01 Blackburn,Merchant Channel,Two-person,5 Days,Tuesday|Thursday
BB12,TKC01 Blackburn,Merchant Channel,Two-person,5 Days,Tuesday|Thursday
BB18,TKC01 Blackburn,Merchant Channel,Two-person,5 Days,Tuesday|Thursday
BB2,TKC01 Blackburn,Merchant Channel,Two-person,5 Days,Tuesday|Thursday
BB3,TKC01 Blackburn,Merchant Channel,Two-person,5 Days,Tuesday|Thursday
BB4,TKC01 Blackburn,Merchant Channel,Two-person,5 Days,Tuesday|Thursday
BB5,TKC01 Blackburn,Merchant Channel,Two-person,5 Days,Tuesday|Thursday
BB6,TKC01 Blackburn,Merchant Channel,Two-person,5 Days,Tuesday|Thursday
BB7,TKC01 Blackburn,Merchant Channel,Two-person,5 Days,Tuesday|Thursday
BB8,TKC01 Blackburn,Merchant Channel,Two-person,5 Days,Tuesday|Thursday
BB9,TKC01 Blackburn,Merchant Channel,Two-person,5 Days,Tuesday|Thursday
BB94,TKC01 Blackburn,Merchant Channel,Two-person,5 Days,Tuesday|Thursday
BD23,TKC01 Blackburn,Merchant Channel,Two-person,5 Days,Tuesday|Thursday
BD24,TKC01 Blackburn,Merchant Channel,Two-person,5 Days,Tuesday|Thursday
OL13,TKC01 Blackburn,Merchant Channel,Two-person,5 Days,Tuesday|Thursday
OL14,TKC01 Blackburn,Merchant Channel,Two-person,5 Days,Tuesday|Thursday
BB0,TKC01 Blackburn,Retail Channel,Two-person,21 Days,Tuesday|Thursday
BB1,TKC01 Blackburn,Retail Channel,Two-person,21 Days,Tuesday|Thursday
BB10,TKC01 Blackburn,Retail Channel,Two-person,21 Days,Tuesday|Thursday
BB11,TKC01 Blackburn,Retail Channel,Two-person,21 Days,Tuesday|Thursday
BB12,TKC01 Blackburn,Retail Channel,Two-person,21 Days,Tuesday|Thursday
BB18,TKC01 Blackburn,Retail Channel,Two-person,21 Days,Tuesday|Thursday
BB2,TKC01 Blackburn,Retail Channel,Two-person,21 Days,Tuesday|Thursday
BB3,TKC01 Blackburn,Retail Channel,Two-person,21 Days,Tuesday|Thursday
BB4,TKC01 Blackburn,Retail Channel,Two-person,21 Days,Tuesday|Thursday
BB5,TKC01 Blackburn,Retail Channel,Two-person,21 Days,Tuesday|Thursday
BB6,TKC01 Blackburn,Retail Channel,Two-person,21 Days,Tuesday|Thursday
BB7,TKC01 Blackburn,Retail Channel,Two-person,21 Days,Tuesday|Thursday
BB8,TKC01 Blackburn,Retail Channel,Two-person,21 Days,Tuesday|Thursday
BB9,TKC01 Blackburn,Retail Channel,Two-person,21 Days,Tuesday|Thursday
BB94,TKC01 Blackburn,Retail Channel,Two-person,21 Days,Tuesday|Thursday
BD23,TKC01 Blackburn,Retail Channel,Two-person,21 Days,Tuesday|Thursday
BD24,TKC01 Blackburn,Retail Channel,Two-person,21 Days,Tuesday|Thursday
OL13,TKC01 Blackburn,Retail Channel,Two-person,21 Days,Tuesday|Thursday
OL14,TKC01 Blackburn,Retail Channel,Two-person,21 Days,Tuesday|Thursday
FY0,TKC01 Blackpool (A),Component Channel,One-person,1 Day,Tuesday|Thursday
FY1,TKC01 Blackpool (A),Component Channel,One-person,1 Day,Tuesday|Thursday
FY2,TKC01 Blackpool (A),Component Channel,One-person,1 Day,Tuesday|Thursday
FY3,TKC01 Blackpool (A),Component Channel,One-person,1 Day,Tuesday|Thursday
FY4,TKC01 Blackpool (A),Component Channel,One-person,1 Day,Tuesday|Thursday
FY5,TKC01 Blackpool (A),Component Channel,One-person,1 Day,Tuesday|Thursday
FY6,TKC01 Blackpool (A),Component Channel,One-person,1 Day,Tuesday|Thursday
FY7,TKC01 Blackpool (A),Component Channel,One-person,1 Day,Tuesday|Thursday
FY8,TKC01 Blackpool (A),Component Channel,One-person,1 Day,Tuesday|Thursday
PR1,TKC01 Blackpool (A),Component Channel,One-person,1 Day,Tuesday|Thursday
PR2,TKC01 Blackpool (A),Component Channel,One-person,1 Day,Tuesday|Thursday
PR3,TKC01 Blackpool (A),Component Channel,One-person,1 Day,Tuesday|Thursday
PR4,TKC01 Blackpool (A),Component Channel,One-person,1 Day,Tuesday|Thursday
FY0,TKC01 Blackpool (A),Jigsaw Channel,Two-person,5 Days,Tuesday|Thursday
FY1,TKC01 Blackpool (A),Jigsaw Channel,Two-person,5 Days,Tuesday|Thursday
FY2,TKC01 Blackpool (A),Jigsaw Channel,Two-person,5 Days,Tuesday|Thursday
FY3,TKC01 Blackpool (A),Jigsaw Channel,Two-person,5 Days,Tuesday|Thursday
FY4,TKC01 Blackpool (A),Jigsaw Channel,Two-person,5 Days,Tuesday|Thursday
FY5,TKC01 Blackpool (A),Jigsaw Channel,Two-person,5 Days,Tuesday|Thursday
FY6,TKC01 Blackpool (A),Jigsaw Channel,Two-person,5 Days,Tuesday|Thursday
FY7,TKC01 Blackpool (A),Jigsaw Channel,Two-person,5 Days,Tuesday|Thursday
FY8,TKC01 Blackpool (A),Jigsaw Channel,Two-person,5 Days,Tuesday|Thursday
PR1,TKC01 Blackpool (A),Jigsaw Channel,Two-person,5 Days,Tuesday|Thursday
PR2,TKC01 Blackpool (A),Jigsaw Channel,Two-person,5 Days,Tuesday|Thursday
PR3,TKC01 Blackpool (A),Jigsaw Channel,Two-person,5 Days,Tuesday|Thursday
PR4,TKC01 Blackpool (A),Jigsaw Channel,Two-person,5 Days,Tuesday|Thursday
FY0,TKC01 Blackpool (A),Merchant Channel,Two-person,5 Days,Tuesday|Thursday
FY1,TKC01 Blackpool (A),Merchant Channel,Two-person,5 Days,Tuesday|Thursday
FY2,TKC01 Blackpool (A),Merchant Channel,Two-person,5 Days,Tuesday|Thursday
FY3,TKC01 Blackpool (A),Merchant Channel,Two-person,5 Days,Tuesday|Thursday
FY4,TKC01 Blackpool (A),Merchant Channel,Two-person,5 Days,Tuesday|Thursday
FY5,TKC01 Blackpool (A),Merchant Channel,Two-person,5 Days,Tuesday|Thursday
FY6,TKC01 Blackpool (A),Merchant Channel,Two-person,5 Days,Tuesday|Thursday
FY7,TKC01 Blackpool (A),Merchant Channel,Two-person,5 Days,Tuesday|Thursday
FY8,TKC01 Blackpool (A),Merchant Channel,Two-person,5 Days,Tuesday|Thursday
PR1,TKC01 Blackpool (A),Merchant Channel,Two-person,5 Days,Tuesday|Thursday
PR2,TKC01 Blackpool (A),Merchant Channel,Two-person,5 Days,Tuesday|Thursday
PR3,TKC01 Blackpool (A),Merchant Channel,Two-person,5 Days,Tuesday|Thursday
PR4,TKC01 Blackpool (A),Merchant Channel,Two-person,5 Days,Tuesday|Thursday
FY0,TKC01 Blackpool (A),Retail Channel,Two-person,21 Days,Tuesday|Thursday
FY1,TKC01 Blackpool (A),Retail Channel,Two-person,21 Days,Tuesday|Thursday
FY2,TKC01 Blackpool (A),Retail Channel,Two-person,21 Days,Tuesday|Thursday
FY3,TKC01 Blackpool (A),Retail Channel,Two-person,21 Days,Tuesday|Thursday
FY4,TKC01 Blackpool (A),Retail Channel,Two-person,21 Days,Tuesday|Thursday
FY5,TKC01 Blackpool (A),Retail Channel,Two-person,21 Days,Tuesday|Thursday
FY6,TKC01 Blackpool (A),Retail Channel,Two-person,21 Days,Tuesday|Thursday
FY7,TKC01 Blackpool (A),Retail Channel,Two-person,21 Days,Tuesday|Thursday
FY8,TKC01 Blackpool (A),Retail Channel,Two-person,21 Days,Tuesday|Thursday
PR1,TKC01 Blackpool (A),Retail Channel,Two-person,21 Days,Tuesday|Thursday
PR2,TKC01 Blackpool (A),Retail Channel,Two-person,21 Days,Tuesday|Thursday
PR3,TKC01 Blackpool (A),Retail Channel,Two-person,21 Days,Tuesday|Thursday
PR4,TKC01 Blackpool (A),Retail Channel,Two-person,21 Days,Tuesday|Thursday
LA1,TKC01 Blackpool (B),Component Channel,One-person,1 Day,Thursday
LA2,TKC01 Blackpool (B),Component Channel,One-person,1 Day,Thursday
LA3,TKC01 Blackpool (B),Component Channel,One-person,1 Day,Thursday
LA4,TKC01 Blackpool (B),Component Channel,One-person,1 Day,Thursday
LA5,TKC01 Blackpool (B),Component Channel,One-person,1 Day,Thursday
LA6,TKC01 Blackpool (B),Component Channel,One-person,1 Day,Thursday
LA1,TKC01 Blackpool (B),Jigsaw Channel,Two-person,5 Days,Thursday
LA2,TKC01 Blackpool (B),Jigsaw Channel,Two-person,5 Days,Thursday
LA3,TKC01 Blackpool (B),Jigsaw Channel,Two-person,5 Days,Thursday
LA4,TKC01 Blackpool (B),Jigsaw Channel,Two-person,5 Days,Thursday
LA5,TKC01 Blackpool (B),Jigsaw Channel,Two-person,5 Days,Thursday
LA6,TKC01 Blackpool (B),Jigsaw Channel,Two-person,5 Days,Thursday
LA1,TKC01 Blackpool (B),Merchant Channel,Two-person,5 Days,Thursday
LA2,TKC01 Blackpool (B),Merchant Channel,Two-person,5 Days,Thursday
LA3,TKC01 Blackpool (B),Merchant Channel,Two-person,5 Days,Thursday
LA4,TKC01 Blackpool (B),Merchant Channel,Two-person,5 Days,Thursday
LA5,TKC01 Blackpool (B),Merchant Channel,Two-person,5 Days,Thursday
LA6,TKC01 Blackpool (B),Merchant Channel,Two-person,5 Days,Thursday
LA1,TKC01 Blackpool (B),Retail Channel,Two-person,21 Days,Thursday
LA2,TKC01 Blackpool (B),Retail Channel,Two-person,21 Days,Thursday
LA3,TKC01 Blackpool (B),Retail Channel,Two-person,21 Days,Thursday
LA4,TKC01 Blackpool (B),Retail Channel,Two-person,21 Days,Thursday
LA5,TKC01 Blackpool (B),Retail Channel,Two-person,21 Days,Thursday
LA6,TKC01 Blackpool (B),Retail Channel,Two-person,21 Days,Thursday
LA7,TKC01 Blackpool (C),Component Channel,One-person,1 Day,Thursday
LA8,TKC01 Blackpool (C),Component Channel,One-person,1 Day,Thursday
LA9,TKC01 Blackpool (C),Component Channel,One-person,1 Day,Thursday
LA10,TKC01 Blackpool (C),Component Channel,One-person,1 Day,Thursday
LA11,TKC01 Blackpool (C),Component Channel,One-person,1 Day,Thursday
LA12,TKC01 Blackpool (C),Component Channel,One-person,1 Day,Thursday
LA13,TKC01 Blackpool (C),Component Channel,One-person,1 Day,Thursday
LA14,TKC01 Blackpool (C),Component Channel,One-person,1 Day,Thursday
LA15,TKC01 Blackpool (C),Component Channel,One-person,1 Day,Thursday
LA16,TKC01 Blackpool (C),Component Channel,One-person,1 Day,Thursday
LA17,TKC01 Blackpool (C),Component Channel,One-person,1 Day,Thursday
LA18,TKC01 Blackpool (C),Component Channel,One-person,1 Day,Thursday
LA19,TKC01 Blackpool (C),Component Channel,One-person,1 Day,Thursday
LA20,TKC01 Blackpool (C),Component Channel,One-person,1 Day,Thursday
LA21,TKC01 Blackpool (C),Component Channel,One-person,1 Day,Thursday
LA22,TKC01 Blackpool (C),Component Channel,One-person,1 Day,Thursday
LA23,TKC01 Blackpool (C),Component Channel,One-person,1 Day,Thursday
LA7,TKC01 Blackpool (C),Jigsaw Channel,Two-person,5 Days,Thursday
LA8,TKC01 Blackpool (C),Jigsaw Channel,Two-person,5 Days,Thursday
LA9,TKC01 Blackpool (C),Jigsaw Channel,Two-person,5 Days,Thursday
LA10,TKC01 Blackpool (C),Jigsaw Channel,Two-person,5 Days,Thursday
LA11,TKC01 Blackpool (C),Jigsaw Channel,Two-person,5 Days,Thursday
LA12,TKC01 Blackpool (C),Jigsaw Channel,Two-person,5 Days,Thursday
LA13,TKC01 Blackpool (C),Jigsaw Channel,Two-person,5 Days,Thursday
LA14,TKC01 Blackpool (C),Jigsaw Channel,Two-person,5 Days,Thursday
LA15,TKC01 Blackpool (C),Jigsaw Channel,Two-person,5 Days,Thursday
LA16,TKC01 Blackpool (C),Jigsaw Channel,Two-person,5 Days,Thursday
LA17,TKC01 Blackpool (C),Jigsaw Channel,Two-person,5 Days,Thursday
LA18,TKC01 Blackpool (C),Jigsaw Channel,Two-person,5 Days,Thursday
LA19,TKC01 Blackpool (C),Jigsaw Channel,Two-person,5 Days,Thursday
LA20,TKC01 Blackpool (C),Jigsaw Channel,Two-person,5 Days,Thursday
LA21,TKC01 Blackpool (C),Jigsaw Channel,Two-person,5 Days,Thursday
LA22,TKC01 Blackpool (C),Jigsaw Channel,Two-person,5 Days,Thursday
LA23,TKC01 Blackpool (C),Jigsaw Channel,Two-person,5 Days,Thursday
LA7,TKC01 Blackpool (C),Merchant Channel,Two-person,5 Days,Thursday
LA8,TKC01 Blackpool (C),Merchant Channel,Two-person,5 Days,Thursday
LA9,TKC01 Blackpool (C),Merchant Channel,Two-person,5 Days,Thursday
LA10,TKC01 Blackpool (C),Merchant Channel,Two-person,5 Days,Thursday
LA11,TKC01 Blackpool (C),Merchant Channel,Two-person,5 Days,Thursday
LA12,TKC01 Blackpool (C),Merchant Channel,Two-person,5 Days,Thursday
LA13,TKC01 Blackpool (C),Merchant Channel,Two-person,5 Days,Thursday
LA14,TKC01 Blackpool (C),Merchant Channel,Two-person,5 Days,Thursday
LA15,TKC01 Blackpool (C),Merchant Channel,Two-person,5 Days,Thursday
LA16,TKC01 Blackpool (C),Merchant Channel,Two-person,5 Days,Thursday
LA17,TKC01 Blackpool (C),Merchant Channel,Two-person,5 Days,Thursday
LA18,TKC01 Blackpool (C),Merchant Channel,Two-person,5 Days,Thursday
LA19,TKC01 Blackpool (C),Merchant Channel,Two-person,5 Days,Thursday
LA20,TKC01 Blackpool (C),Merchant Channel,Two-person,5 Days,Thursday
LA21,TKC01 Blackpool (C),Merchant Channel,Two-person,5 Days,Thursday
LA22,TKC01 Blackpool (C),Merchant Channel,Two-person,5 Days,Thursday
LA23,TKC01 Blackpool (C),Merchant Channel,Two-person,5 Days,Thursday
LA7,TKC01 Blackpool (C),Retail Channel,Two-person,21 Days,Thursday
LA8,TKC01 Blackpool (C),Retail Channel,Two-person,21 Days,Thursday
LA9,TKC01 Blackpool (C),Retail Channel,Two-person,21 Days,Thursday
LA10,TKC01 Blackpool (C),Retail Channel,Two-person,21 Days,Thursday
LA11,TKC01 Blackpool (C),Retail Channel,Two-person,21 Days,Thursday
LA12,TKC01 Blackpool (C),Retail Channel,Two-person,21 Days,Thursday
LA13,TKC01 Blackpool (C),Retail Channel,Two-person,21 Days,Thursday
LA14,TKC01 Blackpool (C),Retail Channel,Two-person,21 Days,Thursday
LA15,TKC01 Blackpool (C),Retail Channel,Two-person,21 Days,Thursday
LA16,TKC01 Blackpool (C),Retail Channel,Two-person,21 Days,Thursday
LA17,TKC01 Blackpool (C),Retail Channel,Two-person,21 Days,Thursday
LA18,TKC01 Blackpool (C),Retail Channel,Two-person,21 Days,Thursday
LA19,TKC01 Blackpool (C),Retail Channel,Two-person,21 Days,Thursday
LA20,TKC01 Blackpool (C),Retail Channel,Two-person,21 Days,Thursday
LA21,TKC01 Blackpool (C),Retail Channel,Two-person,21 Days,Thursday
LA22,TKC01 Blackpool (C),Retail Channel,Two-person,21 Days,Thursday
LA23,TKC01 Blackpool (C),Retail Channel,Two-person,21 Days,Thursday
CB11,TKC01 Colchester O/N,Component Channel,One-person,1 Day,Tuesday|Thursday
CM0,TKC01 Colchester O/N,Component Channel,One-person,1 Day,Tuesday|Thursday
CM1,TKC01 Colchester O/N,Component Channel,One-person,1 Day,Tuesday|Thursday
CM11,TKC01 Colchester O/N,Component Channel,One-person,1 Day,Tuesday|Thursday
CM12,TKC01 Colchester O/N,Component Channel,One-person,1 Day,Tuesday|Thursday
CM13,TKC01 Colchester O/N,Component Channel,One-person,1 Day,Tuesday|Thursday
CM14,TKC01 Colchester O/N,Component Channel,One-person,1 Day,Tuesday|Thursday
CM15,TKC01 Colchester O/N,Component Channel,One-person,1 Day,Tuesday|Thursday
CM16,TKC01 Colchester O/N,Component Channel,One-person,1 Day,Tuesday|Thursday
CM17,TKC01 Colchester O/N,Component Channel,One-person,1 Day,Tuesday|Thursday
CM18,TKC01 Colchester O/N,Component Channel,One-person,1 Day,Tuesday|Thursday
CM19,TKC01 Colchester O/N,Component Channel,One-person,1 Day,Tuesday|Thursday
CM2,TKC01 Colchester O/N,Component Channel,One-person,1 Day,Tuesday|Thursday
CM20,TKC01 Colchester O/N,Component Channel,One-person,1 Day,Tuesday|Thursday
CM21,TKC01 Colchester O/N,Component Channel,One-person,1 Day,Tuesday|Thursday
CM22,TKC01 Colchester O/N,Component Channel,One-person,1 Day,Tuesday|Thursday
CM23,TKC01 Colchester O/N,Component Channel,One-person,1 Day,Tuesday|Thursday
CM24,TKC01 Colchester O/N,Component Channel,One-person,1 Day,Tuesday|Thursday
CM3,TKC01 Colchester O/N,Component Channel,One-person,1 Day,Tuesday|Thursday
CM4,TKC01 Colchester O/N,Component Channel,One-person,1 Day,Tuesday|Thursday
CM5,TKC01 Colchester O/N,Component Channel,One-person,1 Day,Tuesday|Thursday
CM6,TKC01 Colchester O/N,Component Channel,One-person,1 Day,Tuesday|Thursday
CM7,TKC01 Colchester O/N,Component Channel,One-person,1 Day,Tuesday|Thursday
CM77,TKC01 Colchester O/N,Component Channel,One-person,1 Day,Tuesday|Thursday
CM8,TKC01 Colchester O/N,Component Channel,One-person,1 Day,Tuesday|Thursday
CM9,TKC01 Colchester O/N,Component Channel,One-person,1 Day,Tuesday|Thursday
CM92,TKC01 Colchester O/N,Component Channel,One-person,1 Day,Tuesday|Thursday
CM98,TKC01 Colchester O/N,Component Channel,One-person,1 Day,Tuesday|Thursday
CM99,TKC01 Colchester O/N,Component Channel,One-person,1 Day,Tuesday|Thursday
CO1,TKC01 Colchester O/N,Component Channel,One-person,1 Day,Tuesday|Thursday
CO11,TKC01 Colchester O/N,Component Channel,One-person,1 Day,Tuesday|Thursday
CO12,TKC01 Colchester O/N,Component Channel,One-person,1 Day,Tuesday|Thursday
CO13,TKC01 Colchester O/N,Component Channel,One-person,1 Day,Tuesday|Thursday
CO14,TKC01 Colchester O/N,Component Channel,One-person,1 Day,Tuesday|Thursday
CO15,TKC01 Colchester O/N,Component Channel,One-person,1 Day,Tuesday|Thursday
CO16,TKC01 Colchester O/N,Component Channel,One-person,1 Day,Tuesday|Thursday
CO2,TKC01 Colchester O/N,Component Channel,One-person,1 Day,Tuesday|Thursday
CO3,TKC01 Colchester O/N,Component Channel,One-person,1 Day,Tuesday|Thursday
CO4,TKC01 Colchester O/N,Component Channel,One-person,1 Day,Tuesday|Thursday
CO5,TKC01 Colchester O/N,Component Channel,One-person,1 Day,Tuesday|Thursday
CO6,TKC01 Colchester O/N,Component Channel,One-person,1 Day,Tuesday|Thursday
CO7,TKC01 Colchester O/N,Component Channel,One-person,1 Day,Tuesday|Thursday
LU1,TKC01 Colchester O/N,Component Channel,One-person,1 Day,Tuesday|Thursday
LU2,TKC01 Colchester O/N,Component Channel,One-person,1 Day,Tuesday|Thursday
LU3,TKC01 Colchester O/N,Component Channel,One-person,1 Day,Tuesday|Thursday
LU4,TKC01 Colchester O/N,Component Channel,One-person,1 Day,Tuesday|Thursday
LU5,TKC01 Colchester O/N,Component Channel,One-person,1 Day,Tuesday|Thursday
LU6,TKC01 Colchester O/N,Component Channel,One-person,1 Day,Tuesday|Thursday
LU7,TKC01 Colchester O/N,Component Channel,One-person,1 Day,Tuesday|Thursday
LU95,TKC01 Colchester O/N,Component Channel,One-person,1 Day,Tuesday|Thursday
MK1,TKC01 Colchester O/N,Component Channel,One-person,1 Day,Tuesday|Thursday
MK10,TKC01 Colchester O/N,Component Channel,One-person,1 Day,Tuesday|Thursday
MK11,TKC01 Colchester O/N,Component Channel,One-person,1 Day,Tuesday|Thursday
MK12,TKC01 Colchester O/N,Component Channel,One-person,1 Day,Tuesday|Thursday
MK13,TKC01 Colchester O/N,Component Channel,One-person,1 Day,Tuesday|Thursday
MK14,TKC01 Colchester O/N,Component Channel,One-person,1 Day,Tuesday|Thursday
MK15,TKC01 Colchester O/N,Component Channel,One-person,1 Day,Tuesday|Thursday
MK16,TKC01 Colchester O/N,Component Channel,One-person,1 Day,Tuesday|Thursday
MK17,TKC01 Colchester O/N,Component Channel,One-person,1 Day,Tuesday|Thursday
MK19,TKC01 Colchester O/N,Component Channel,One-person,1 Day,Tuesday|Thursday
MK2,TKC01 Colchester O/N,Component Channel,One-person,1 Day,Tuesday|Thursday
MK3,TKC01 Colchester O/N,Component Channel,One-person,1 Day,Tuesday|Thursday
MK4,TKC01 Colchester O/N,Component Channel,One-person,1 Day,Tuesday|Thursday
MK40,TKC01 Colchester O/N,Component Channel,One-person,1 Day,Tuesday|Thursday
MK41,TKC01 Colchester O/N,Component Channel,One-person,1 Day,Tuesday|Thursday
MK42,TKC01 Colchester O/N,Component Channel,One-person,1 Day,Tuesday|Thursday
MK43,TKC01 Colchester O/N,Component Channel,One-person,1 Day,Tuesday|Thursday
MK44,TKC01 Colchester O/N,Component Channel,One-person,1 Day,Tuesday|Thursday
MK45,TKC01 Colchester O/N,Component Channel,One-person,1 Day,Tuesday|Thursday
MK46,TKC01 Colchester O/N,Component Channel,One-person,1 Day,Tuesday|Thursday
MK5,TKC01 Colchester O/N,Component Channel,One-person,1 Day,Tuesday|Thursday
MK6,TKC01 Colchester O/N,Component Channel,One-person,1 Day,Tuesday|Thursday
MK7,TKC01 Colchester O/N,Component Channel,One-person,1 Day,Tuesday|Thursday
MK77,TKC01 Colchester O/N,Component Channel,One-person,1 Day,Tuesday|Thursday
MK8,TKC01 Colchester O/N,Component Channel,One-person,1 Day,Tuesday|Thursday
MK9,TKC01 Colchester O/N,Component Channel,One-person,1 Day,Tuesday|Thursday
MK98,TKC01 Colchester O/N,Component Channel,One-person,1 Day,Tuesday|Thursday
NN1,TKC01 Colchester O/N,Component Channel,One-person,1 Day,Tuesday|Thursday
NN10,TKC01 Colchester O/N,Component Channel,One-person,1 Day,Tuesday|Thursday
NN11,TKC01 Colchester O/N,Component Channel,One-person,1 Day,Tuesday|Thursday
NN12,TKC01 Colchester O/N,Component Channel,One-person,1 Day,Tuesday|Thursday
NN2,TKC01 Colchester O/N,Component Channel,One-person,1 Day,Tuesday|Thursday
NN29,TKC01 Colchester O/N,Component Channel,One-person,1 Day,Tuesday|Thursday
NN3,TKC01 Colchester O/N,Component Channel,One-person,1 Day,Tuesday|Thursday
NN4,TKC01 Colchester O/N,Component Channel,One-person,1 Day,Tuesday|Thursday
NN5,TKC01 Colchester O/N,Component Channel,One-person,1 Day,Tuesday|Thursday
NN6,TKC01 Colchester O/N,Component Channel,One-person,1 Day,Tuesday|Thursday
NN7,TKC01 Colchester O/N,Component Channel,One-person,1 Day,Tuesday|Thursday
NN8,TKC01 Colchester O/N,Component Channel,One-person,1 Day,Tuesday|Thursday
SG1,TKC01 Colchester O/N,Component Channel,One-person,1 Day,Tuesday|Thursday
SG10,TKC01 Colchester O/N,Component Channel,One-person,1 Day,Tuesday|Thursday
SG11,TKC01 Colchester O/N,Component Channel,One-person,1 Day,Tuesday|Thursday
SG12,TKC01 Colchester O/N,Component Channel,One-person,1 Day,Tuesday|Thursday
SG13,TKC01 Colchester O/N,Component Channel,One-person,1 Day,Tuesday|Thursday
SG14,TKC01 Colchester O/N,Component Channel,One-person,1 Day,Tuesday|Thursday
SG15,TKC01 Colchester O/N,Component Channel,One-person,1 Day,Tuesday|Thursday
SG16,TKC01 Colchester O/N,Component Channel,One-person,1 Day,Tuesday|Thursday
SG17,TKC01 Colchester O/N,Component Channel,One-person,1 Day,Tuesday|Thursday
SG18,TKC01 Colchester O/N,Component Channel,One-person,1 Day,Tuesday|Thursday
SG19,TKC01 Colchester O/N,Component Channel,One-person,1 Day,Tuesday|Thursday
SG2,TKC01 Colchester O/N,Component Channel,One-person,1 Day,Tuesday|Thursday
SG3,TKC01 Colchester O/N,Component Channel,One-person,1 Day,Tuesday|Thursday
SG4,TKC01 Colchester O/N,Component Channel,One-person,1 Day,Tuesday|Thursday
SG5,TKC01 Colchester O/N,Component Channel,One-person,1 Day,Tuesday|Thursday
SG6,TKC01 Colchester O/N,Component Channel,One-person,1 Day,Tuesday|Thursday
SG7,TKC01 Colchester O/N,Component Channel,One-person,1 Day,Tuesday|Thursday
SG8,TKC01 Colchester O/N,Component Channel,One-person,1 Day,Tuesday|Thursday
SG9,TKC01 Colchester O/N,Component Channel,One-person,1 Day,Tuesday|Thursday
SS0,TKC01 Colchester O/N,Component Channel,One-person,1 Day,Tuesday|Thursday
SS1,TKC01 Colchester O/N,Component Channel,One-person,1 Day,Tuesday|Thursday
SS11,TKC01 Colchester O/N,Component Channel,One-person,1 Day,Tuesday|Thursday
SS12,TKC01 Colchester O/N,Component Channel,One-person,1 Day,Tuesday|Thursday
SS13,TKC01 Colchester O/N,Component Channel,One-person,1 Day,Tuesday|Thursday
SS14,TKC01 Colchester O/N,Component Channel,One-person,1 Day,Tuesday|Thursday
SS15,TKC01 Colchester O/N,Component Channel,One-person,1 Day,Tuesday|Thursday
SS16,TKC01 Colchester O/N,Component Channel,One-person,1 Day,Tuesday|Thursday
SS17,TKC01 Colchester O/N,Component Channel,One-person,1 Day,Tuesday|Thursday
SS2,TKC01 Colchester O/N,Component Channel,One-person,1 Day,Tuesday|Thursday
SS22,TKC01 Colchester O/N,Component Channel,One-person,1 Day,Tuesday|Thursday
SS3,TKC01 Colchester O/N,Component Channel,One-person,1 Day,Tuesday|Thursday
SS4,TKC01 Colchester O/N,Component Channel,One-person,1 Day,Tuesday|Thursday
SS5,TKC01 Colchester O/N,Component Channel,One-person,1 Day,Tuesday|Thursday
SS6,TKC01 Colchester O/N,Component Channel,One-person,1 Day,Tuesday|Thursday
SS7,TKC01 Colchester O/N,Component Channel,One-person,1 Day,Tuesday|Thursday
SS8,TKC01 Colchester O/N,Component Channel,One-person,1 Day,Tuesday|Thursday
SS9,TKC01 Colchester O/N,Component Channel,One-person,1 Day,Tuesday|Thursday
SS99,TKC01 Colchester O/N,Component Channel,One-person,1 Day,Tuesday|Thursday
CB11,TKC01 Colchester O/N,Jigsaw Channel,Two-person,5 Days,Tuesday|Thursday
CM0,TKC01 Colchester O/N,Jigsaw Channel,Two-person,5 Days,Tuesday|Thursday
CM1,TKC01 Colchester O/N,Jigsaw Channel,Two-person,5 Days,Tuesday|Thursday
CM11,TKC01 Colchester O/N,Jigsaw Channel,Two-person,5 Days,Tuesday|Thursday
CM12,TKC01 Colchester O/N,Jigsaw Channel,Two-person,5 Days,Tuesday|Thursday
CM13,TKC01 Colchester O/N,Jigsaw Channel,Two-person,5 Days,Tuesday|Thursday
CM14,TKC01 Colchester O/N,Jigsaw Channel,Two-person,5 Days,Tuesday|Thursday
CM15,TKC01 Colchester O/N,Jigsaw Channel,Two-person,5 Days,Tuesday|Thursday
CM16,TKC01 Colchester O/N,Jigsaw Channel,Two-person,5 Days,Tuesday|Thursday
CM17,TKC01 Colchester O/N,Jigsaw Channel,Two-person,5 Days,Tuesday|Thursday
CM18,TKC01 Colchester O/N,Jigsaw Channel,Two-person,5 Days,Tuesday|Thursday
CM19,TKC01 Colchester O/N,Jigsaw Channel,Two-person,5 Days,Tuesday|Thursday
CM2,TKC01 Colchester O/N,Jigsaw Channel,Two-person,5 Days,Tuesday|Thursday
CM20,TKC01 Colchester O/N,Jigsaw Channel,Two-person,5 Days,Tuesday|Thursday
CM21,TKC01 Colchester O/N,Jigsaw Channel,Two-person,5 Days,Tuesday|Thursday
CM22,TKC01 Colchester O/N,Jigsaw Channel,Two-person,5 Days,Tuesday|Thursday
CM23,TKC01 Colchester O/N,Jigsaw Channel,Two-person,5 Days,Tuesday|Thursday
CM24,TKC01 Colchester O/N,Jigsaw Channel,Two-person,5 Days,Tuesday|Thursday
CM3,TKC01 Colchester O/N,Jigsaw Channel,Two-person,5 Days,Tuesday|Thursday
CM4,TKC01 Colchester O/N,Jigsaw Channel,Two-person,5 Days,Tuesday|Thursday
CM5,TKC01 Colchester O/N,Jigsaw Channel,Two-person,5 Days,Tuesday|Thursday
CM6,TKC01 Colchester O/N,Jigsaw Channel,Two-person,5 Days,Tuesday|Thursday
CM7,TKC01 Colchester O/N,Jigsaw Channel,Two-person,5 Days,Tuesday|Thursday
CM77,TKC01 Colchester O/N,Jigsaw Channel,Two-person,5 Days,Tuesday|Thursday
CM8,TKC01 Colchester O/N,Jigsaw Channel,Two-person,5 Days,Tuesday|Thursday
CM9,TKC01 Colchester O/N,Jigsaw Channel,Two-person,5 Days,Tuesday|Thursday
CM92,TKC01 Colchester O/N,Jigsaw Channel,Two-person,5 Days,Tuesday|Thursday
CM98,TKC01 Colchester O/N,Jigsaw Channel,Two-person,5 Days,Tuesday|Thursday
CM99,TKC01 Colchester O/N,Jigsaw Channel,Two-person,5 Days,Tuesday|Thursday
CO1,TKC01 Colchester O/N,Jigsaw Channel,Two-person,5 Days,Tuesday|Thursday
CO11,TKC01 Colchester O/N,Jigsaw Channel,Two-person,5 Days,Tuesday|Thursday
CO12,TKC01 Colchester O/N,Jigsaw Channel,Two-person,5 Days,Tuesday|Thursday
CO13,TKC01 Colchester O/N,Jigsaw Channel,Two-person,5 Days,Tuesday|Thursday
CO14,TKC01 Colchester O/N,Jigsaw Channel,Two-person,5 Days,Tuesday|Thursday
CO15,TKC01 Colchester O/N,Jigsaw Channel,Two-person,5 Days,Tuesday|Thursday
CO16,TKC01 Colchester O/N,Jigsaw Channel,Two-person,5 Days,Tuesday|Thursday
CO2,TKC01 Colchester O/N,Jigsaw Channel,Two-person,5 Days,Tuesday|Thursday
CO3,TKC01 Colchester O/N,Jigsaw Channel,Two-person,5 Days,Tuesday|Thursday
CO4,TKC01 Colchester O/N,Jigsaw Channel,Two-person,5 Days,Tuesday|Thursday
CO5,TKC01 Colchester O/N,Jigsaw Channel,Two-person,5 Days,Tuesday|Thursday
CO6,TKC01 Colchester O/N,Jigsaw Channel,Two-person,5 Days,Tuesday|Thursday
CO7,TKC01 Colchester O/N,Jigsaw Channel,Two-person,5 Days,Tuesday|Thursday
LU1,TKC01 Colchester O/N,Jigsaw Channel,Two-person,5 Days,Tuesday|Thursday
LU2,TKC01 Colchester O/N,Jigsaw Channel,Two-person,5 Days,Tuesday|Thursday
LU3,TKC01 Colchester O/N,Jigsaw Channel,Two-person,5 Days,Tuesday|Thursday
LU4,TKC01 Colchester O/N,Jigsaw Channel,Two-person,5 Days,Tuesday|Thursday
LU5,TKC01 Colchester O/N,Jigsaw Channel,Two-person,5 Days,Tuesday|Thursday
LU6,TKC01 Colchester O/N,Jigsaw Channel,Two-person,5 Days,Tuesday|Thursday
LU7,TKC01 Colchester O/N,Jigsaw Channel,Two-person,5 Days,Tuesday|Thursday
LU95,TKC01 Colchester O/N,Jigsaw Channel,Two-person,5 Days,Tuesday|Thursday
MK1,TKC01 Colchester O/N,Jigsaw Channel,Two-person,5 Days,Tuesday|Thursday
MK10,TKC01 Colchester O/N,Jigsaw Channel,Two-person,5 Days,Tuesday|Thursday
MK11,TKC01 Colchester O/N,Jigsaw Channel,Two-person,5 Days,Tuesday|Thursday
MK12,TKC01 Colchester O/N,Jigsaw Channel,Two-person,5 Days,Tuesday|Thursday
MK13,TKC01 Colchester O/N,Jigsaw Channel,Two-person,5 Days,Tuesday|Thursday
MK14,TKC01 Colchester O/N,Jigsaw Channel,Two-person,5 Days,Tuesday|Thursday
MK15,TKC01 Colchester O/N,Jigsaw Channel,Two-person,5 Days,Tuesday|Thursday
MK16,TKC01 Colchester O/N,Jigsaw Channel,Two-person,5 Days,Tuesday|Thursday
MK17,TKC01 Colchester O/N,Jigsaw Channel,Two-person,5 Days,Tuesday|Thursday
MK19,TKC01 Colchester O/N,Jigsaw Channel,Two-person,5 Days,Tuesday|Thursday
MK2,TKC01 Colchester O/N,Jigsaw Channel,Two-person,5 Days,Tuesday|Thursday
MK3,TKC01 Colchester O/N,Jigsaw Channel,Two-person,5 Days,Tuesday|Thursday
MK4,TKC01 Colchester O/N,Jigsaw Channel,Two-person,5 Days,Tuesday|Thursday
MK40,TKC01 Colchester O/N,Jigsaw Channel,Two-person,5 Days,Tuesday|Thursday
MK41,TKC01 Colchester O/N,Jigsaw Channel,Two-person,5 Days,Tuesday|Thursday
MK42,TKC01 Colchester O/N,Jigsaw Channel,Two-person,5 Days,Tuesday|Thursday
MK43,TKC01 Colchester O/N,Jigsaw Channel,Two-person,5 Days,Tuesday|Thursday
MK44,TKC01 Colchester O/N,Jigsaw Channel,Two-person,5 Days,Tuesday|Thursday
MK45,TKC01 Colchester O/N,Jigsaw Channel,Two-person,5 Days,Tuesday|Thursday
MK46,TKC01 Colchester O/N,Jigsaw Channel,Two-person,5 Days,Tuesday|Thursday
MK5,TKC01 Colchester O/N,Jigsaw Channel,Two-person,5 Days,Tuesday|Thursday
MK6,TKC01 Colchester O/N,Jigsaw Channel,Two-person,5 Days,Tuesday|Thursday
MK7,TKC01 Colchester O/N,Jigsaw Channel,Two-person,5 Days,Tuesday|Thursday
MK77,TKC01 Colchester O/N,Jigsaw Channel,Two-person,5 Days,Tuesday|Thursday
MK8,TKC01 Colchester O/N,Jigsaw Channel,Two-person,5 Days,Tuesday|Thursday
MK9,TKC01 Colchester O/N,Jigsaw Channel,Two-person,5 Days,Tuesday|Thursday
MK98,TKC01 Colchester O/N,Jigsaw Channel,Two-person,5 Days,Tuesday|Thursday
NN1,TKC01 Colchester O/N,Jigsaw Channel,Two-person,5 Days,Tuesday|Thursday
NN10,TKC01 Colchester O/N,Jigsaw Channel,Two-person,5 Days,Tuesday|Thursday
NN11,TKC01 Colchester O/N,Jigsaw Channel,Two-person,5 Days,Tuesday|Thursday
NN12,TKC01 Colchester O/N,Jigsaw Channel,Two-person,5 Days,Tuesday|Thursday
NN2,TKC01 Colchester O/N,Jigsaw Channel,Two-person,5 Days,Tuesday|Thursday
NN29,TKC01 Colchester O/N,Jigsaw Channel,Two-person,5 Days,Tuesday|Thursday
NN3,TKC01 Colchester O/N,Jigsaw Channel,Two-person,5 Days,Tuesday|Thursday
NN4,TKC01 Colchester O/N,Jigsaw Channel,Two-person,5 Days,Tuesday|Thursday
NN5,TKC01 Colchester O/N,Jigsaw Channel,Two-person,5 Days,Tuesday|Thursday
NN6,TKC01 Colchester O/N,Jigsaw Channel,Two-person,5 Days,Tuesday|Thursday
NN7,TKC01 Colchester O/N,Jigsaw Channel,Two-person,5 Days,Tuesday|Thursday
NN8,TKC01 Colchester O/N,Jigsaw Channel,Two-person,5 Days,Tuesday|Thursday
SG1,TKC01 Colchester O/N,Jigsaw Channel,Two-person,5 Days,Tuesday|Thursday
SG10,TKC01 Colchester O/N,Jigsaw Channel,Two-person,5 Days,Tuesday|Thursday
SG11,TKC01 Colchester O/N,Jigsaw Channel,Two-person,5 Days,Tuesday|Thursday
SG12,TKC01 Colchester O/N,Jigsaw Channel,Two-person,5 Days,Tuesday|Thursday
SG13,TKC01 Colchester O/N,Jigsaw Channel,Two-person,5 Days,Tuesday|Thursday
SG14,TKC01 Colchester O/N,Jigsaw Channel,Two-person,5 Days,Tuesday|Thursday
SG15,TKC01 Colchester O/N,Jigsaw Channel,Two-person,5 Days,Tuesday|Thursday
SG16,TKC01 Colchester O/N,Jigsaw Channel,Two-person,5 Days,Tuesday|Thursday
SG17,TKC01 Colchester O/N,Jigsaw Channel,Two-person,5 Days,Tuesday|Thursday
SG18,TKC01 Colchester O/N,Jigsaw Channel,Two-person,5 Days,Tuesday|Thursday
SG19,TKC01 Colchester O/N,Jigsaw Channel,Two-person,5 Days,Tuesday|Thursday
SG2,TKC01 Colchester O/N,Jigsaw Channel,Two-person,5 Days,Tuesday|Thursday
SG3,TKC01 Colchester O/N,Jigsaw Channel,Two-person,5 Days,Tuesday|Thursday
SG4,TKC01 Colchester O/N,Jigsaw Channel,Two-person,5 Days,Tuesday|Thursday
SG5,TKC01 Colchester O/N,Jigsaw Channel,Two-person,5 Days,Tuesday|Thursday
SG6,TKC01 Colchester O/N,Jigsaw Channel,Two-person,5 Days,Tuesday|Thursday
SG7,TKC01 Colchester O/N,Jigsaw Channel,Two-person,5 Days,Tuesday|Thursday
SG8,TKC01 Colchester O/N,Jigsaw Channel,Two-person,5 Days,Tuesday|Thursday
SG9,TKC01 Colchester O/N,Jigsaw Channel,Two-person,5 Days,Tuesday|Thursday
SS0,TKC01 Colchester O/N,Jigsaw Channel,Two-person,5 Days,Tuesday|Thursday
SS1,TKC01 Colchester O/N,Jigsaw Channel,Two-person,5 Days,Tuesday|Thursday
SS11,TKC01 Colchester O/N,Jigsaw Channel,Two-person,5 Days,Tuesday|Thursday
SS12,TKC01 Colchester O/N,Jigsaw Channel,Two-person,5 Days,Tuesday|Thursday
SS13,TKC01 Colchester O/N,Jigsaw Channel,Two-person,5 Days,Tuesday|Thursday
SS14,TKC01 Colchester O/N,Jigsaw Channel,Two-person,5 Days,Tuesday|Thursday
SS15,TKC01 Colchester O/N,Jigsaw Channel,Two-person,5 Days,Tuesday|Thursday
SS16,TKC01 Colchester O/N,Jigsaw Channel,Two-person,5 Days,Tuesday|Thursday
SS17,TKC01 Colchester O/N,Jigsaw Channel,Two-person,5 Days,Tuesday|Thursday
SS2,TKC01 Colchester O/N,Jigsaw Channel,Two-person,5 Days,Tuesday|Thursday
SS22,TKC01 Colchester O/N,Jigsaw Channel,Two-person,5 Days,Tuesday|Thursday
SS3,TKC01 Colchester O/N,Jigsaw Channel,Two-person,5 Days,Tuesday|Thursday
SS4,TKC01 Colchester O/N,Jigsaw Channel,Two-person,5 Days,Tuesday|Thursday
SS5,TKC01 Colchester O/N,Jigsaw Channel,Two-person,5 Days,Tuesday|Thursday
SS6,TKC01 Colchester O/N,Jigsaw Channel,Two-person,5 Days,Tuesday|Thursday
SS7,TKC01 Colchester O/N,Jigsaw Channel,Two-person,5 Days,Tuesday|Thursday
SS8,TKC01 Colchester O/N,Jigsaw Channel,Two-person,5 Days,Tuesday|Thursday
SS9,TKC01 Colchester O/N,Jigsaw Channel,Two-person,5 Days,Tuesday|Thursday
SS99,TKC01 Colchester O/N,Jigsaw Channel,Two-person,5 Days,Tuesday|Thursday
CB11,TKC01 Colchester O/N,Merchant Channel,Two-person,5 Days,Tuesday|Thursday
CM0,TKC01 Colchester O/N,Merchant Channel,Two-person,5 Days,Tuesday|Thursday
CM1,TKC01 Colchester O/N,Merchant Channel,Two-person,5 Days,Tuesday|Thursday
CM11,TKC01 Colchester O/N,Merchant Channel,Two-person,5 Days,Tuesday|Thursday
CM12,TKC01 Colchester O/N,Merchant Channel,Two-person,5 Days,Tuesday|Thursday
CM13,TKC01 Colchester O/N,Merchant Channel,Two-person,5 Days,Tuesday|Thursday
CM14,TKC01 Colchester O/N,Merchant Channel,Two-person,5 Days,Tuesday|Thursday
CM15,TKC01 Colchester O/N,Merchant Channel,Two-person,5 Days,Tuesday|Thursday
CM16,TKC01 Colchester O/N,Merchant Channel,Two-person,5 Days,Tuesday|Thursday
CM17,TKC01 Colchester O/N,Merchant Channel,Two-person,5 Days,Tuesday|Thursday
CM18,TKC01 Colchester O/N,Merchant Channel,Two-person,5 Days,Tuesday|Thursday
CM19,TKC01 Colchester O/N,Merchant Channel,Two-person,5 Days,Tuesday|Thursday
CM2,TKC01 Colchester O/N,Merchant Channel,Two-person,5 Days,Tuesday|Thursday
CM20,TKC01 Colchester O/N,Merchant Channel,Two-person,5 Days,Tuesday|Thursday
CM21,TKC01 Colchester O/N,Merchant Channel,Two-person,5 Days,Tuesday|Thursday
CM22,TKC01 Colchester O/N,Merchant Channel,Two-person,5 Days,Tuesday|Thursday
CM23,TKC01 Colchester O/N,Merchant Channel,Two-person,5 Days,Tuesday|Thursday
CM24,TKC01 Colchester O/N,Merchant Channel,Two-person,5 Days,Tuesday|Thursday
CM3,TKC01 Colchester O/N,Merchant Channel,Two-person,5 Days,Tuesday|Thursday
CM4,TKC01 Colchester O/N,Merchant Channel,Two-person,5 Days,Tuesday|Thursday
CM5,TKC01 Colchester O/N,Merchant Channel,Two-person,5 Days,Tuesday|Thursday
CM6,TKC01 Colchester O/N,Merchant Channel,Two-person,5 Days,Tuesday|Thursday
CM7,TKC01 Colchester O/N,Merchant Channel,Two-person,5 Days,Tuesday|Thursday
CM77,TKC01 Colchester O/N,Merchant Channel,Two-person,5 Days,Tuesday|Thursday
CM8,TKC01 Colchester O/N,Merchant Channel,Two-person,5 Days,Tuesday|Thursday
CM9,TKC01 Colchester O/N,Merchant Channel,Two-person,5 Days,Tuesday|Thursday
CM92,TKC01 Colchester O/N,Merchant Channel,Two-person,5 Days,Tuesday|Thursday
CM98,TKC01 Colchester O/N,Merchant Channel,Two-person,5 Days,Tuesday|Thursday
CM99,TKC01 Colchester O/N,Merchant Channel,Two-person,5 Days,Tuesday|Thursday
CO1,TKC01 Colchester O/N,Merchant Channel,Two-person,5 Days,Tuesday|Thursday
CO11,TKC01 Colchester O/N,Merchant Channel,Two-person,5 Days,Tuesday|Thursday
CO12,TKC01 Colchester O/N,Merchant Channel,Two-person,5 Days,Tuesday|Thursday
CO13,TKC01 Colchester O/N,Merchant Channel,Two-person,5 Days,Tuesday|Thursday
CO14,TKC01 Colchester O/N,Merchant Channel,Two-person,5 Days,Tuesday|Thursday
CO15,TKC01 Colchester O/N,Merchant Channel,Two-person,5 Days,Tuesday|Thursday
CO16,TKC01 Colchester O/N,Merchant Channel,Two-person,5 Days,Tuesday|Thursday
CO2,TKC01 Colchester O/N,Merchant Channel,Two-person,5 Days,Tuesday|Thursday
CO3,TKC01 Colchester O/N,Merchant Channel,Two-person,5 Days,Tuesday|Thursday
CO4,TKC01 Colchester O/N,Merchant Channel,Two-person,5 Days,Tuesday|Thursday
CO5,TKC01 Colchester O/N,Merchant Channel,Two-person,5 Days,Tuesday|Thursday
CO6,TKC01 Colchester O/N,Merchant Channel,Two-person,5 Days,Tuesday|Thursday
CO7,TKC01 Colchester O/N,Merchant Channel,Two-person,5 Days,Tuesday|Thursday
LU1,TKC01 Colchester O/N,Merchant Channel,Two-person,5 Days,Tuesday|Thursday
LU2,TKC01 Colchester O/N,Merchant Channel,Two-person,5 Days,Tuesday|Thursday
LU3,TKC01 Colchester O/N,Merchant Channel,Two-person,5 Days,Tuesday|Thursday
LU4,TKC01 Colchester O/N,Merchant Channel,Two-person,5 Days,Tuesday|Thursday
LU5,TKC01 Colchester O/N,Merchant Channel,Two-person,5 Days,Tuesday|Thursday
LU6,TKC01 Colchester O/N,Merchant Channel,Two-person,5 Days,Tuesday|Thursday
LU7,TKC01 Colchester O/N,Merchant Channel,Two-person,5 Days,Tuesday|Thursday
LU95,TKC01 Colchester O/N,Merchant Channel,Two-person,5 Days,Tuesday|Thursday
MK1,TKC01 Colchester O/N,Merchant Channel,Two-person,5 Days,Tuesday|Thursday
MK10,TKC01 Colchester O/N,Merchant Channel,Two-person,5 Days,Tuesday|Thursday
MK11,TKC01 Colchester O/N,Merchant Channel,Two-person,5 Days,Tuesday|Thursday
MK12,TKC01 Colchester O/N,Merchant Channel,Two-person,5 Days,Tuesday|Thursday
MK13,TKC01 Colchester O/N,Merchant Channel,Two-person,5 Days,Tuesday|Thursday
MK14,TKC01 Colchester O/N,Merchant Channel,Two-person,5 Days,Tuesday|Thursday
MK15,TKC01 Colchester O/N,Merchant Channel,Two-person,5 Days,Tuesday|Thursday
MK16,TKC01 Colchester O/N,Merchant Channel,Two-person,5 Days,Tuesday|Thursday
MK17,TKC01 Colchester O/N,Merchant Channel,Two-person,5 Days,Tuesday|Thursday
MK19,TKC01 Colchester O/N,Merchant Channel,Two-person,5 Days,Tuesday|Thursday
MK2,TKC01 Colchester O/N,Merchant Channel,Two-person,5 Days,Tuesday|Thursday
MK3,TKC01 Colchester O/N,Merchant Channel,Two-person,5 Days,Tuesday|Thursday
MK4,TKC01 Colchester O/N,Merchant Channel,Two-person,5 Days,Tuesday|Thursday
MK40,TKC01 Colchester O/N,Merchant Channel,Two-person,5 Days,Tuesday|Thursday
MK41,TKC01 Colchester O/N,Merchant Channel,Two-person,5 Days,Tuesday|Thursday
MK42,TKC01 Colchester O/N,Merchant Channel,Two-person,5 Days,Tuesday|Thursday
MK43,TKC01 Colchester O/N,Merchant Channel,Two-person,5 Days,Tuesday|Thursday
MK44,TKC01 Colchester O/N,Merchant Channel,Two-person,5 Days,Tuesday|Thursday
MK45,TKC01 Colchester O/N,Merchant Channel,Two-person,5 Days,Tuesday|Thursday
MK46,TKC01 Colchester O/N,Merchant Channel,Two-person,5 Days,Tuesday|Thursday
MK5,TKC01 Colchester O/N,Merchant Channel,Two-person,5 Days,Tuesday|Thursday
MK6,TKC01 Colchester O/N,Merchant Channel,Two-person,5 Days,Tuesday|Thursday
MK7,TKC01 Colchester O/N,Merchant Channel,Two-person,5 Days,Tuesday|Thursday
MK77,TKC01 Colchester O/N,Merchant Channel,Two-person,5 Days,Tuesday|Thursday
MK8,TKC01 Colchester O/N,Merchant Channel,Two-person,5 Days,Tuesday|Thursday
MK9,TKC01 Colchester O/N,Merchant Channel,Two-person,5 Days,Tuesday|Thursday
MK98,TKC01 Colchester O/N,Merchant Channel,Two-person,5 Days,Tuesday|Thursday
NN1,TKC01 Colchester O/N,Merchant Channel,Two-person,5 Days,Tuesday|Thursday
NN10,TKC01 Colchester O/N,Merchant Channel,Two-person,5 Days,Tuesday|Thursday
NN11,TKC01 Colchester O/N,Merchant Channel,Two-person,5 Days,Tuesday|Thursday
NN12,TKC01 Colchester O/N,Merchant Channel,Two-person,5 Days,Tuesday|Thursday
NN2,TKC01 Colchester O/N,Merchant Channel,Two-person,5 Days,Tuesday|Thursday
NN29,TKC01 Colchester O/N,Merchant Channel,Two-person,5 Days,Tuesday|Thursday
NN3,TKC01 Colchester O/N,Merchant Channel,Two-person,5 Days,Tuesday|Thursday
NN4,TKC01 Colchester O/N,Merchant Channel,Two-person,5 Days,Tuesday|Thursday
NN5,TKC01 Colchester O/N,Merchant Channel,Two-person,5 Days,Tuesday|Thursday
NN6,TKC01 Colchester O/N,Merchant Channel,Two-person,5 Days,Tuesday|Thursday
NN7,TKC01 Colchester O/N,Merchant Channel,Two-person,5 Days,Tuesday|Thursday
NN8,TKC01 Colchester O/N,Merchant Channel,Two-person,5 Days,Tuesday|Thursday
SG1,TKC01 Colchester O/N,Merchant Channel,Two-person,5 Days,Tuesday|Thursday
SG10,TKC01 Colchester O/N,Merchant Channel,Two-person,5 Days,Tuesday|Thursday
SG11,TKC01 Colchester O/N,Merchant Channel,Two-person,5 Days,Tuesday|Thursday
SG12,TKC01 Colchester O/N,Merchant Channel,Two-person,5 Days,Tuesday|Thursday
SG13,TKC01 Colchester O/N,Merchant Channel,Two-person,5 Days,Tuesday|Thursday
SG14,TKC01 Colchester O/N,Merchant Channel,Two-person,5 Days,Tuesday|Thursday
SG15,TKC01 Colchester O/N,Merchant Channel,Two-person,5 Days,Tuesday|Thursday
SG16,TKC01 Colchester O/N,Merchant Channel,Two-person,5 Days,Tuesday|Thursday
SG17,TKC01 Colchester O/N,Merchant Channel,Two-person,5 Days,Tuesday|Thursday
SG18,TKC01 Colchester O/N,Merchant Channel,Two-person,5 Days,Tuesday|Thursday
SG19,TKC01 Colchester O/N,Merchant Channel,Two-person,5 Days,Tuesday|Thursday
SG2,TKC01 Colchester O/N,Merchant Channel,Two-person,5 Days,Tuesday|Thursday
SG3,TKC01 Colchester O/N,Merchant Channel,Two-person,5 Days,Tuesday|Thursday
SG4,TKC01 Colchester O/N,Merchant Channel,Two-person,5 Days,Tuesday|Thursday
SG5,TKC01 Colchester O/N,Merchant Channel,Two-person,5 Days,Tuesday|Thursday
SG6,TKC01 Colchester O/N,Merchant Channel,Two-person,5 Days,Tuesday|Thursday
SG7,TKC01 Colchester O/N,Merchant Channel,Two-person,5 Days,Tuesday|Thursday
SG8,TKC01 Colchester O/N,Merchant Channel,Two-person,5 Days,Tuesday|Thursday
SG9,TKC01 Colchester O/N,Merchant Channel,Two-person,5 Days,Tuesday|Thursday
SS0,TKC01 Colchester O/N,Merchant Channel,Two-person,5 Days,Tuesday|Thursday
SS1,TKC01 Colchester O/N,Merchant Channel,Two-person,5 Days,Tuesday|Thursday
SS11,TKC01 Colchester O/N,Merchant Channel,Two-person,5 Days,Tuesday|Thursday
SS12,TKC01 Colchester O/N,Merchant Channel,Two-person,5 Days,Tuesday|Thursday
SS13,TKC01 Colchester O/N,Merchant Channel,Two-person,5 Days,Tuesday|Thursday
SS14,TKC01 Colchester O/N,Merchant Channel,Two-person,5 Days,Tuesday|Thursday
SS15,TKC01 Colchester O/N,Merchant Channel,Two-person,5 Days,Tuesday|Thursday
SS16,TKC01 Colchester O/N,Merchant Channel,Two-person,5 Days,Tuesday|Thursday
SS17,TKC01 Colchester O/N,Merchant Channel,Two-person,5 Days,Tuesday|Thursday
SS2,TKC01 Colchester O/N,Merchant Channel,Two-person,5 Days,Tuesday|Thursday
SS22,TKC01 Colchester O/N,Merchant Channel,Two-person,5 Days,Tuesday|Thursday
SS3,TKC01 Colchester O/N,Merchant Channel,Two-person,5 Days,Tuesday|Thursday
SS4,TKC01 Colchester O/N,Merchant Channel,Two-person,5 Days,Tuesday|Thursday
SS5,TKC01 Colchester O/N,Merchant Channel,Two-person,5 Days,Tuesday|Thursday
SS6,TKC01 Colchester O/N,Merchant Channel,Two-person,5 Days,Tuesday|Thursday
SS7,TKC01 Colchester O/N,Merchant Channel,Two-person,5 Days,Tuesday|Thursday
SS8,TKC01 Colchester O/N,Merchant Channel,Two-person,5 Days,Tuesday|Thursday
SS9,TKC01 Colchester O/N,Merchant Channel,Two-person,5 Days,Tuesday|Thursday
SS99,TKC01 Colchester O/N,Merchant Channel,Two-person,5 Days,Tuesday|Thursday
CB11,TKC01 Colchester O/N,Retail Channel,Two-person,21 Days,Tuesday|Thursday
CM0,TKC01 Colchester O/N,Retail Channel,Two-person,21 Days,Tuesday|Thursday
CM1,TKC01 Colchester O/N,Retail Channel,Two-person,21 Days,Tuesday|Thursday
CM11,TKC01 Colchester O/N,Retail Channel,Two-person,21 Days,Tuesday|Thursday
CM12,TKC01 Colchester O/N,Retail Channel,Two-person,21 Days,Tuesday|Thursday
CM13,TKC01 Colchester O/N,Retail Channel,Two-person,21 Days,Tuesday|Thursday
CM14,TKC01 Colchester O/N,Retail Channel,Two-person,21 Days,Tuesday|Thursday
CM15,TKC01 Colchester O/N,Retail Channel,Two-person,21 Days,Tuesday|Thursday
CM16,TKC01 Colchester O/N,Retail Channel,Two-person,21 Days,Tuesday|Thursday
CM17,TKC01 Colchester O/N,Retail Channel,Two-person,21 Days,Tuesday|Thursday
CM18,TKC01 Colchester O/N,Retail Channel,Two-person,21 Days,Tuesday|Thursday
CM19,TKC01 Colchester O/N,Retail Channel,Two-person,21 Days,Tuesday|Thursday
CM2,TKC01 Colchester O/N,Retail Channel,Two-person,21 Days,Tuesday|Thursday
CM20,TKC01 Colchester O/N,Retail Channel,Two-person,21 Days,Tuesday|Thursday
CM21,TKC01 Colchester O/N,Retail Channel,Two-person,21 Days,Tuesday|Thursday
CM22,TKC01 Colchester O/N,Retail Channel,Two-person,21 Days,Tuesday|Thursday
CM23,TKC01 Colchester O/N,Retail Channel,Two-person,21 Days,Tuesday|Thursday
CM24,TKC01 Colchester O/N,Retail Channel,Two-person,21 Days,Tuesday|Thursday
CM3,TKC01 Colchester O/N,Retail Channel,Two-person,21 Days,Tuesday|Thursday
CM4,TKC01 Colchester O/N,Retail Channel,Two-person,21 Days,Tuesday|Thursday
CM5,TKC01 Colchester O/N,Retail Channel,Two-person,21 Days,Tuesday|Thursday
CM6,TKC01 Colchester O/N,Retail Channel,Two-person,21 Days,Tuesday|Thursday
CM7,TKC01 Colchester O/N,Retail Channel,Two-person,21 Days,Tuesday|Thursday
CM77,TKC01 Colchester O/N,Retail Channel,Two-person,21 Days,Tuesday|Thursday
CM8,TKC01 Colchester O/N,Retail Channel,Two-person,21 Days,Tuesday|Thursday
CM9,TKC01 Colchester O/N,Retail Channel,Two-person,21 Days,Tuesday|Thursday
CM92,TKC01 Colchester O/N,Retail Channel,Two-person,21 Days,Tuesday|Thursday
CM98,TKC01 Colchester O/N,Retail Channel,Two-person,21 Days,Tuesday|Thursday
CM99,TKC01 Colchester O/N,Retail Channel,Two-person,21 Days,Tuesday|Thursday
CO1,TKC01 Colchester O/N,Retail Channel,Two-person,21 Days,Tuesday|Thursday
CO11,TKC01 Colchester O/N,Retail Channel,Two-person,21 Days,Tuesday|Thursday
CO12,TKC01 Colchester O/N,Retail Channel,Two-person,21 Days,Tuesday|Thursday
CO13,TKC01 Colchester O/N,Retail Channel,Two-person,21 Days,Tuesday|Thursday
CO14,TKC01 Colchester O/N,Retail Channel,Two-person,21 Days,Tuesday|Thursday
CO15,TKC01 Colchester O/N,Retail Channel,Two-person,21 Days,Tuesday|Thursday
CO16,TKC01 Colchester O/N,Retail Channel,Two-person,21 Days,Tuesday|Thursday
CO2,TKC01 Colchester O/N,Retail Channel,Two-person,21 Days,Tuesday|Thursday
CO3,TKC01 Colchester O/N,Retail Channel,Two-person,21 Days,Tuesday|Thursday
CO4,TKC01 Colchester O/N,Retail Channel,Two-person,21 Days,Tuesday|Thursday
CO5,TKC01 Colchester O/N,Retail Channel,Two-person,21 Days,Tuesday|Thursday
CO6,TKC01 Colchester O/N,Retail Channel,Two-person,21 Days,Tuesday|Thursday
CO7,TKC01 Colchester O/N,Retail Channel,Two-person,21 Days,Tuesday|Thursday
LU1,TKC01 Colchester O/N,Retail Channel,Two-person,21 Days,Tuesday|Thursday
LU2,TKC01 Colchester O/N,Retail Channel,Two-person,21 Days,Tuesday|Thursday
LU3,TKC01 Colchester O/N,Retail Channel,Two-person,21 Days,Tuesday|Thursday
LU4,TKC01 Colchester O/N,Retail Channel,Two-person,21 Days,Tuesday|Thursday
LU5,TKC01 Colchester O/N,Retail Channel,Two-person,21 Days,Tuesday|Thursday
LU6,TKC01 Colchester O/N,Retail Channel,Two-person,21 Days,Tuesday|Thursday
LU7,TKC01 Colchester O/N,Retail Channel,Two-person,21 Days,Tuesday|Thursday
LU95,TKC01 Colchester O/N,Retail Channel,Two-person,21 Days,Tuesday|Thursday
MK1,TKC01 Colchester O/N,Retail Channel,Two-person,21 Days,Tuesday|Thursday
MK10,TKC01 Colchester O/N,Retail Channel,Two-person,21 Days,Tuesday|Thursday
MK11,TKC01 Colchester O/N,Retail Channel,Two-person,21 Days,Tuesday|Thursday
MK12,TKC01 Colchester O/N,Retail Channel,Two-person,21 Days,Tuesday|Thursday
MK13,TKC01 Colchester O/N,Retail Channel,Two-person,21 Days,Tuesday|Thursday
MK14,TKC01 Colchester O/N,Retail Channel,Two-person,21 Days,Tuesday|Thursday
MK15,TKC01 Colchester O/N,Retail Channel,Two-person,21 Days,Tuesday|Thursday
MK16,TKC01 Colchester O/N,Retail Channel,Two-person,21 Days,Tuesday|Thursday
MK17,TKC01 Colchester O/N,Retail Channel,Two-person,21 Days,Tuesday|Thursday
MK19,TKC01 Colchester O/N,Retail Channel,Two-person,21 Days,Tuesday|Thursday
MK2,TKC01 Colchester O/N,Retail Channel,Two-person,21 Days,Tuesday|Thursday
MK3,TKC01 Colchester O/N,Retail Channel,Two-person,21 Days,Tuesday|Thursday
MK4,TKC01 Colchester O/N,Retail Channel,Two-person,21 Days,Tuesday|Thursday
MK40,TKC01 Colchester O/N,Retail Channel,Two-person,21 Days,Tuesday|Thursday
MK41,TKC01 Colchester O/N,Retail Channel,Two-person,21 Days,Tuesday|Thursday
MK42,TKC01 Colchester O/N,Retail Channel,Two-person,21 Days,Tuesday|Thursday
MK43,TKC01 Colchester O/N,Retail Channel,Two-person,21 Days,Tuesday|Thursday
MK44,TKC01 Colchester O/N,Retail Channel,Two-person,21 Days,Tuesday|Thursday
MK45,TKC01 Colchester O/N,Retail Channel,Two-person,21 Days,Tuesday|Thursday
MK46,TKC01 Colchester O/N,Retail Channel,Two-person,21 Days,Tuesday|Thursday
MK5,TKC01 Colchester O/N,Retail Channel,Two-person,21 Days,Tuesday|Thursday
MK6,TKC01 Colchester O/N,Retail Channel,Two-person,21 Days,Tuesday|Thursday
MK7,TKC01 Colchester O/N,Retail Channel,Two-person,21 Days,Tuesday|Thursday
MK77,TKC01 Colchester O/N,Retail Channel,Two-person,21 Days,Tuesday|Thursday
MK8,TKC01 Colchester O/N,Retail Channel,Two-person,21 Days,Tuesday|Thursday
MK9,TKC01 Colchester O/N,Retail Channel,Two-person,21 Days,Tuesday|Thursday
MK98,TKC01 Colchester O/N,Retail Channel,Two-person,21 Days,Tuesday|Thursday
NN1,TKC01 Colchester O/N,Retail Channel,Two-person,21 Days,Tuesday|Thursday
NN10,TKC01 Colchester O/N,Retail Channel,Two-person,21 Days,Tuesday|Thursday
NN11,TKC01 Colchester O/N,Retail Channel,Two-person,21 Days,Tuesday|Thursday
NN12,TKC01 Colchester O/N,Retail Channel,Two-person,21 Days,Tuesday|Thursday
NN2,TKC01 Colchester O/N,Retail Channel,Two-person,21 Days,Tuesday|Thursday
NN29,TKC01 Colchester O/N,Retail Channel,Two-person,21 Days,Tuesday|Thursday
NN3,TKC01 Colchester O/N,Retail Channel,Two-person,21 Days,Tuesday|Thursday
NN4,TKC01 Colchester O/N,Retail Channel,Two-person,21 Days,Tuesday|Thursday
NN5,TKC01 Colchester O/N,Retail Channel,Two-person,21 Days,Tuesday|Thursday
NN6,TKC01 Colchester O/N,Retail Channel,Two-person,21 Days,Tuesday|Thursday
NN7,TKC01 Colchester O/N,Retail Channel,Two-person,21 Days,Tuesday|Thursday
NN8,TKC01 Colchester O/N,Retail Channel,Two-person,21 Days,Tuesday|Thursday
SG1,TKC01 Colchester O/N,Retail Channel,Two-person,21 Days,Tuesday|Thursday
SG10,TKC01 Colchester O/N,Retail Channel,Two-person,21 Days,Tuesday|Thursday
SG11,TKC01 Colchester O/N,Retail Channel,Two-person,21 Days,Tuesday|Thursday
SG12,TKC01 Colchester O/N,Retail Channel,Two-person,21 Days,Tuesday|Thursday
SG13,TKC01 Colchester O/N,Retail Channel,Two-person,21 Days,Tuesday|Thursday
SG14,TKC01 Colchester O/N,Retail Channel,Two-person,21 Days,Tuesday|Thursday
SG15,TKC01 Colchester O/N,Retail Channel,Two-person,21 Days,Tuesday|Thursday
SG16,TKC01 Colchester O/N,Retail Channel,Two-person,21 Days,Tuesday|Thursday
SG17,TKC01 Colchester O/N,Retail Channel,Two-person,21 Days,Tuesday|Thursday
SG18,TKC01 Colchester O/N,Retail Channel,Two-person,21 Days,Tuesday|Thursday
SG19,TKC01 Colchester O/N,Retail Channel,Two-person,21 Days,Tuesday|Thursday
SG2,TKC01 Colchester O/N,Retail Channel,Two-person,21 Days,Tuesday|Thursday
SG3,TKC01 Colchester O/N,Retail Channel,Two-person,21 Days,Tuesday|Thursday
SG4,TKC01 Colchester O/N,Retail Channel,Two-person,21 Days,Tuesday|Thursday
SG5,TKC01 Colchester O/N,Retail Channel,Two-person,21 Days,Tuesday|Thursday
SG6,TKC01 Colchester O/N,Retail Channel,Two-person,21 Days,Tuesday|Thursday
SG7,TKC01 Colchester O/N,Retail Channel,Two-person,21 Days,Tuesday|Thursday
SG8,TKC01 Colchester O/N,Retail Channel,Two-person,21 Days,Tuesday|Thursday
SG9,TKC01 Colchester O/N,Retail Channel,Two-person,21 Days,Tuesday|Thursday
SS0,TKC01 Colchester O/N,Retail Channel,Two-person,21 Days,Tuesday|Thursday
SS1,TKC01 Colchester O/N,Retail Channel,Two-person,21 Days,Tuesday|Thursday
SS11,TKC01 Colchester O/N,Retail Channel,Two-person,21 Days,Tuesday|Thursday
SS12,TKC01 Colchester O/N,Retail Channel,Two-person,21 Days,Tuesday|Thursday
SS13,TKC01 Colchester O/N,Retail Channel,Two-person,21 Days,Tuesday|Thursday
SS14,TKC01 Colchester O/N,Retail Channel,Two-person,21 Days,Tuesday|Thursday
SS15,TKC01 Colchester O/N,Retail Channel,Two-person,21 Days,Tuesday|Thursday
SS16,TKC01 Colchester O/N,Retail Channel,Two-person,21 Days,Tuesday|Thursday
SS17,TKC01 Colchester O/N,Retail Channel,Two-person,21 Days,Tuesday|Thursday
SS2,TKC01 Colchester O/N,Retail Channel,Two-person,21 Days,Tuesday|Thursday
SS22,TKC01 Colchester O/N,Retail Channel,Two-person,21 Days,Tuesday|Thursday
SS3,TKC01 Colchester O/N,Retail Channel,Two-person,21 Days,Tuesday|Thursday
SS4,TKC01 Colchester O/N,Retail Channel,Two-person,21 Days,Tuesday|Thursday
SS5,TKC01 Colchester O/N,Retail Channel,Two-person,21 Days,Tuesday|Thursday
SS6,TKC01 Colchester O/N,Retail Channel,Two-person,21 Days,Tuesday|Thursday
SS7,TKC01 Colchester O/N,Retail Channel,Two-person,21 Days,Tuesday|Thursday
SS8,TKC01 Colchester O/N,Retail Channel,Two-person,21 Days,Tuesday|Thursday
SS9,TKC01 Colchester O/N,Retail Channel,Two-person,21 Days,Tuesday|Thursday
SS99,TKC01 Colchester O/N,Retail Channel,Two-person,21 Days,Tuesday|Thursday
CW1,TKC01 Crewe,Component Channel,One-person,1 Day,Tuesday|Wednesday|Friday
CW10,TKC01 Crewe,Component Channel,One-person,1 Day,Tuesday|Wednesday|Friday
CW11,TKC01 Crewe,Component Channel,One-person,1 Day,Tuesday|Wednesday|Friday
CW12,TKC01 Crewe,Component Channel,One-person,1 Day,Tuesday|Wednesday|Friday
CW2,TKC01 Crewe,Component Channel,One-person,1 Day,Tuesday|Wednesday|Friday
CW3,TKC01 Crewe,Component Channel,One-person,1 Day,Tuesday|Wednesday|Friday
CW4,TKC01 Crewe,Component Channel,One-person,1 Day,Tuesday|Wednesday|Friday
CW5,TKC01 Crewe,Component Channel,One-person,1 Day,Tuesday|Wednesday|Friday
CW6,TKC01 Crewe,Component Channel,One-person,1 Day,Tuesday|Wednesday|Friday
CW7,TKC01 Crewe,Component Channel,One-person,1 Day,Tuesday|Wednesday|Friday
CW98,TKC01 Crewe,Component Channel,One-person,1 Day,Tuesday|Wednesday|Friday
CW1,TKC01 Crewe,Jigsaw Channel,Two-person,5 Days,Tuesday|Wednesday|Friday
CW10,TKC01 Crewe,Jigsaw Channel,Two-person,5 Days,Tuesday|Wednesday|Friday
CW11,TKC01 Crewe,Jigsaw Channel,Two-person,5 Days,Tuesday|Wednesday|Friday
CW12,TKC01 Crewe,Jigsaw Channel,Two-person,5 Days,Tuesday|Wednesday|Friday
CW2,TKC01 Crewe,Jigsaw Channel,Two-person,5 Days,Tuesday|Wednesday|Friday
CW3,TKC01 Crewe,Jigsaw Channel,Two-person,5 Days,Tuesday|Wednesday|Friday
CW4,TKC01 Crewe,Jigsaw Channel,Two-person,5 Days,Tuesday|Wednesday|Friday
CW5,TKC01 Crewe,Jigsaw Channel,Two-person,5 Days,Tuesday|Wednesday|Friday
CW6,TKC01 Crewe,Jigsaw Channel,Two-person,5 Days,Tuesday|Wednesday|Friday
CW7,TKC01 Crewe,Jigsaw Channel,Two-person,5 Days,Tuesday|Wednesday|Friday
CW98,TKC01 Crewe,Jigsaw Channel,Two-person,5 Days,Tuesday|Wednesday|Friday
CW1,TKC01 Crewe,Merchant Channel,Two-person,5 Days,Tuesday|Wednesday|Friday
CW10,TKC01 Crewe,Merchant Channel,Two-person,5 Days,Tuesday|Wednesday|Friday
CW11,TKC01 Crewe,Merchant Channel,Two-person,5 Days,Tuesday|Wednesday|Friday
CW12,TKC01 Crewe,Merchant Channel,Two-person,5 Days,Tuesday|Wednesday|Friday
CW2,TKC01 Crewe,Merchant Channel,Two-person,5 Days,Tuesday|Wednesday|Friday
CW3,TKC01 Crewe,Merchant Channel,Two-person,5 Days,Tuesday|Wednesday|Friday
CW4,TKC01 Crewe,Merchant Channel,Two-person,5 Days,Tuesday|Wednesday|Friday
CW5,TKC01 Crewe,Merchant Channel,Two-person,5 Days,Tuesday|Wednesday|Friday
CW6,TKC01 Crewe,Merchant Channel,Two-person,5 Days,Tuesday|Wednesday|Friday
CW7,TKC01 Crewe,Merchant Channel,Two-person,5 Days,Tuesday|Wednesday|Friday
CW98,TKC01 Crewe,Merchant Channel,Two-person,5 Days,Tuesday|Wednesday|Friday
CW1,TKC01 Crewe,Retail Channel,Two-person,21 Days,Tuesday|Wednesday|Friday
CW10,TKC01 Crewe,Retail Channel,Two-person,21 Days,Tuesday|Wednesday|Friday
CW11,TKC01 Crewe,Retail Channel,Two-person,21 Days,Tuesday|Wednesday|Friday
CW12,TKC01 Crewe,Retail Channel,Two-person,21 Days,Tuesday|Wednesday|Friday
CW2,TKC01 Crewe,Retail Channel,Two-person,21 Days,Tuesday|Wednesday|Friday
CW3,TKC01 Crewe,Retail Channel,Two-person,21 Days,Tuesday|Wednesday|Friday
CW4,TKC01 Crewe,Retail Channel,Two-person,21 Days,Tuesday|Wednesday|Friday
CW5,TKC01 Crewe,Retail Channel,Two-person,21 Days,Tuesday|Wednesday|Friday
CW6,TKC01 Crewe,Retail Channel,Two-person,21 Days,Tuesday|Wednesday|Friday
CW7,TKC01 Crewe,Retail Channel,Two-person,21 Days,Tuesday|Wednesday|Friday
CW98,TKC01 Crewe,Retail Channel,Two-person,21 Days,Tuesday|Wednesday|Friday
NN17,TKC19 Colchester O/N (A),Component Channel,One-person,2 Days,Wednesday|Friday
NN17,TKC19 Colchester O/N (A),Jigsaw Channel,Two-person,5 Days,Wednesday|Friday
NN17,TKC19 Colchester O/N (A),Merchant Channel,Two-person,5 Days,Wednesday|Friday
NN17,TKC19 Colchester O/N (A),Retail Channel,Two-person,21 Days,Wednesday|Friday
LE15,TKC01 East Anglia O/N (B),Component Channel,One-person,1 Day,Tuesday|Thursday
LE16,TKC01 East Anglia O/N (B),Component Channel,One-person,1 Day,Tuesday|Thursday
NG31,TKC01 East Anglia O/N (B),Component Channel,One-person,2 Days,Tuesday|Thursday
NG32,TKC01 East Anglia O/N (B),Component Channel,One-person,2 Days,Tuesday|Thursday
NG33,TKC01 East Anglia O/N (B),Component Channel,One-person,2 Days,Tuesday|Thursday
NG34,TKC01 East Anglia O/N (B),Component Channel,One-person,2 Days,Tuesday|Thursday
NN9,TKC19 Colchester O/N (A),Component Channel,One-person,2 Days,Wednesday|Friday
NN14,TKC19 Colchester O/N (A),Component Channel,One-person,2 Days,Wednesday|Friday
NN15,TKC19 Colchester O/N (A),Component Channel,One-person,2 Days,Wednesday|Friday
NN16,TKC19 Colchester O/N (A),Component Channel,One-person,2 Days,Wednesday|Friday
NN18,TKC19 Colchester O/N (A),Component Channel,One-person,2 Days,Wednesday|Friday
NR1,TKC01 East Anglia O/N (C),Component Channel,One-person,1 Day,Tuesday|Thursday
NR10,TKC01 East Anglia O/N (C),Component Channel,One-person,1 Day,Tuesday|Thursday
NR11,TKC01 East Anglia O/N (C),Component Channel,One-person,1 Day,Tuesday|Thursday
NR12,TKC01 East Anglia O/N (C),Component Channel,One-person,1 Day,Tuesday|Thursday
NR13,TKC01 East Anglia O/N (C),Component Channel,One-person,1 Day,Tuesday|Thursday
NR14,TKC01 East Anglia O/N (C),Component Channel,One-person,1 Day,Tuesday|Thursday
NR17,TKC01 East Anglia O/N (C),Component Channel,One-person,1 Day,Tuesday|Thursday
NR18,TKC01 East Anglia O/N (C),Component Channel,One-person,1 Day,Tuesday|Thursday
NR19,TKC01 East Anglia O/N (C),Component Channel,One-person,1 Day,Tuesday|Thursday
NR2,TKC01 East Anglia O/N (C),Component Channel,One-person,1 Day,Tuesday|Thursday
NR20,TKC01 East Anglia O/N (C),Component Channel,One-person,1 Day,Tuesday|Thursday
NR21,TKC01 East Anglia O/N (C),Component Channel,One-person,1 Day,Tuesday|Thursday
NR22,TKC01 East Anglia O/N (C),Component Channel,One-person,1 Day,Tuesday|Thursday
NR23,TKC01 East Anglia O/N (C),Component Channel,One-person,1 Day,Tuesday|Thursday
NR24,TKC01 East Anglia O/N (C),Component Channel,One-person,1 Day,Tuesday|Thursday
NR25,TKC01 East Anglia O/N (C),Component Channel,One-person,1 Day,Tuesday|Thursday
NR26,TKC01 East Anglia O/N (C),Component Channel,One-person,1 Day,Tuesday|Thursday
NR27,TKC01 East Anglia O/N (C),Component Channel,One-person,1 Day,Tuesday|Thursday
NR28,TKC01 East Anglia O/N (C),Component Channel,One-person,1 Day,Tuesday|Thursday
NR29,TKC01 East Anglia O/N (C),Component Channel,One-person,1 Day,Tuesday|Thursday
NR3,TKC01 East Anglia O/N (C),Component Channel,One-person,1 Day,Tuesday|Thursday
NR30,TKC01 East Anglia O/N (C),Component Channel,One-person,1 Day,Tuesday|Thursday
NR31,TKC01 East Anglia O/N (C),Component Channel,One-person,1 Day,Tuesday|Thursday
NR4,TKC01 East Anglia O/N (C),Component Channel,One-person,1 Day,Tuesday|Thursday
NR5,TKC01 East Anglia O/N (C),Component Channel,One-person,1 Day,Tuesday|Thursday
NR6,TKC01 East Anglia O/N (C),Component Channel,One-person,1 Day,Tuesday|Thursday
NR7,TKC01 East Anglia O/N (C),Component Channel,One-person,1 Day,Tuesday|Thursday
NR8,TKC01 East Anglia O/N (C),Component Channel,One-person,1 Day,Tuesday|Thursday
NR9,TKC01 East Anglia O/N (C),Component Channel,One-person,1 Day,Tuesday|Thursday
PE10,TKC01 East Anglia O/N (C),Component Channel,One-person,1 Day,Tuesday|Thursday
PE11,TKC01 East Anglia O/N (C),Component Channel,One-person,1 Day,Tuesday|Thursday
PE12,TKC01 East Anglia O/N (C),Component Channel,One-person,1 Day,Tuesday|Thursday
PE13,TKC01 East Anglia O/N (C),Component Channel,One-person,1 Day,Tuesday|Thursday
PE14,TKC01 East Anglia O/N (C),Component Channel,One-person,1 Day,Tuesday|Thursday
PE20,TKC01 East Anglia O/N (C),Component Channel,One-person,1 Day,Tuesday|Thursday
PE21,TKC01 East Anglia O/N (C),Component Channel,One-person,1 Day,Tuesday|Thursday
PE30,TKC01 East Anglia O/N (C),Component Channel,One-person,1 Day,Tuesday|Thursday
PE31,TKC01 East Anglia O/N (C),Component Channel,One-person,1 Day,Tuesday|Thursday
PE32,TKC01 East Anglia O/N (C),Component Channel,One-person,1 Day,Tuesday|Thursday
PE33,TKC01 East Anglia O/N (C),Component Channel,One-person,1 Day,Tuesday|Thursday
PE34,TKC01 East Anglia O/N (C),Component Channel,One-person,1 Day,Tuesday|Thursday
PE35,TKC01 East Anglia O/N (C),Component Channel,One-person,1 Day,Tuesday|Thursday
PE36,TKC01 East Anglia O/N (C),Component Channel,One-person,1 Day,Tuesday|Thursday
PE37,TKC01 East Anglia O/N (C),Component Channel,One-person,1 Day,Tuesday|Thursday
PE38,TKC01 East Anglia O/N (C),Component Channel,One-person,1 Day,Tuesday|Thursday
LE15,TKC01 East Anglia O/N (B),Jigsaw Channel,Two-person,5 Days,Tuesday|Thursday
LE16,TKC01 East Anglia O/N (B),Jigsaw Channel,Two-person,5 Days,Tuesday|Thursday
NG31,TKC01 East Anglia O/N (B),Jigsaw Channel,Two-person,5 Days,Tuesday|Thursday
NG32,TKC01 East Anglia O/N (B),Jigsaw Channel,Two-person,5 Days,Tuesday|Thursday
NG33,TKC01 East Anglia O/N (B),Jigsaw Channel,Two-person,5 Days,Tuesday|Thursday
NG34,TKC01 East Anglia O/N (B),Jigsaw Channel,Two-person,5 Days,Tuesday|Thursday
NN9,TKC19 Colchester O/N (A),Jigsaw Channel,Two-person,5 Days,Wednesday|Friday
NN14,TKC19 Colchester O/N (A),Jigsaw Channel,Two-person,5 Days,Wednesday|Friday
NN15,TKC19 Colchester O/N (A),Jigsaw Channel,Two-person,5 Days,Wednesday|Friday
NN16,TKC19 Colchester O/N (A),Jigsaw Channel,Two-person,5 Days,Wednesday|Friday
NN18,TKC19 Colchester O/N (A),Jigsaw Channel,Two-person,5 Days,Wednesday|Friday
NR1,TKC01 East Anglia O/N (C),Jigsaw Channel,Two-person,5 Days,Tuesday|Thursday
NR10,TKC01 East Anglia O/N (C),Jigsaw Channel,Two-person,5 Days,Tuesday|Thursday
NR11,TKC01 East Anglia O/N (C),Jigsaw Channel,Two-person,5 Days,Tuesday|Thursday
NR12,TKC01 East Anglia O/N (C),Jigsaw Channel,Two-person,5 Days,Tuesday|Thursday
NR13,TKC01 East Anglia O/N (C),Jigsaw Channel,Two-person,5 Days,Tuesday|Thursday
NR14,TKC01 East Anglia O/N (C),Jigsaw Channel,Two-person,5 Days,Tuesday|Thursday
NR17,TKC01 East Anglia O/N (C),Jigsaw Channel,Two-person,5 Days,Tuesday|Thursday
NR18,TKC01 East Anglia O/N (C),Jigsaw Channel,Two-person,5 Days,Tuesday|Thursday
NR19,TKC01 East Anglia O/N (C),Jigsaw Channel,Two-person,5 Days,Tuesday|Thursday
NR2,TKC01 East Anglia O/N (C),Jigsaw Channel,Two-person,5 Days,Tuesday|Thursday
NR20,TKC01 East Anglia O/N (C),Jigsaw Channel,Two-person,5 Days,Tuesday|Thursday
NR21,TKC01 East Anglia O/N (C),Jigsaw Channel,Two-person,5 Days,Tuesday|Thursday
NR22,TKC01 East Anglia O/N (C),Jigsaw Channel,Two-person,5 Days,Tuesday|Thursday
NR23,TKC01 East Anglia O/N (C),Jigsaw Channel,Two-person,5 Days,Tuesday|Thursday
NR24,TKC01 East Anglia O/N (C),Jigsaw Channel,Two-person,5 Days,Tuesday|Thursday
NR25,TKC01 East Anglia O/N (C),Jigsaw Channel,Two-person,5 Days,Tuesday|Thursday
NR26,TKC01 East Anglia O/N (C),Jigsaw Channel,Two-person,5 Days,Tuesday|Thursday
NR27,TKC01 East Anglia O/N (C),Jigsaw Channel,Two-person,5 Days,Tuesday|Thursday
NR28,TKC01 East Anglia O/N (C),Jigsaw Channel,Two-person,5 Days,Tuesday|Thursday
NR29,TKC01 East Anglia O/N (C),Jigsaw Channel,Two-person,5 Days,Tuesday|Thursday
NR3,TKC01 East Anglia O/N (C),Jigsaw Channel,Two-person,5 Days,Tuesday|Thursday
NR30,TKC01 East Anglia O/N (C),Jigsaw Channel,Two-person,5 Days,Tuesday|Thursday
NR31,TKC01 East Anglia O/N (C),Jigsaw Channel,Two-person,5 Days,Tuesday|Thursday
NR4,TKC01 East Anglia O/N (C),Jigsaw Channel,Two-person,5 Days,Tuesday|Thursday
NR5,TKC01 East Anglia O/N (C),Jigsaw Channel,Two-person,5 Days,Tuesday|Thursday
NR6,TKC01 East Anglia O/N (C),Jigsaw Channel,Two-person,5 Days,Tuesday|Thursday
NR7,TKC01 East Anglia O/N (C),Jigsaw Channel,Two-person,5 Days,Tuesday|Thursday
NR8,TKC01 East Anglia O/N (C),Jigsaw Channel,Two-person,5 Days,Tuesday|Thursday
NR9,TKC01 East Anglia O/N (C),Jigsaw Channel,Two-person,5 Days,Tuesday|Thursday
PE10,TKC01 East Anglia O/N (C),Jigsaw Channel,Two-person,5 Days,Tuesday|Thursday
PE11,TKC01 East Anglia O/N (C),Jigsaw Channel,Two-person,5 Days,Tuesday|Thursday
PE12,TKC01 East Anglia O/N (C),Jigsaw Channel,Two-person,5 Days,Tuesday|Thursday
PE13,TKC01 East Anglia O/N (C),Jigsaw Channel,Two-person,5 Days,Tuesday|Thursday
PE14,TKC01 East Anglia O/N (C),Jigsaw Channel,Two-person,5 Days,Tuesday|Thursday
PE20,TKC01 East Anglia O/N (C),Jigsaw Channel,Two-person,5 Days,Tuesday|Thursday
PE21,TKC01 East Anglia O/N (C),Jigsaw Channel,Two-person,5 Days,Tuesday|Thursday
PE30,TKC01 East Anglia O/N (C),Jigsaw Channel,Two-person,5 Days,Tuesday|Thursday
PE31,TKC01 East Anglia O/N (C),Jigsaw Channel,Two-person,5 Days,Tuesday|Thursday
PE32,TKC01 East Anglia O/N (C),Jigsaw Channel,Two-person,5 Days,Tuesday|Thursday
PE33,TKC01 East Anglia O/N (C),Jigsaw Channel,Two-person,5 Days,Tuesday|Thursday
PE34,TKC01 East Anglia O/N (C),Jigsaw Channel,Two-person,5 Days,Tuesday|Thursday
PE35,TKC01 East Anglia O/N (C),Jigsaw Channel,Two-person,5 Days,Tuesday|Thursday
PE36,TKC01 East Anglia O/N (C),Jigsaw Channel,Two-person,5 Days,Tuesday|Thursday
PE37,TKC01 East Anglia O/N (C),Jigsaw Channel,Two-person,5 Days,Tuesday|Thursday
PE38,TKC01 East Anglia O/N (C),Jigsaw Channel,Two-person,5 Days,Tuesday|Thursday
LE15,TKC01 East Anglia O/N (B),Merchant Channel,Two-person,5 Days,Tuesday|Thursday
LE16,TKC01 East Anglia O/N (B),Merchant Channel,Two-person,5 Days,Tuesday|Thursday
NG31,TKC01 East Anglia O/N (B),Merchant Channel,Two-person,5 Days,Tuesday|Thursday
NG32,TKC01 East Anglia O/N (B),Merchant Channel,Two-person,5 Days,Tuesday|Thursday
NG33,TKC01 East Anglia O/N (B),Merchant Channel,Two-person,5 Days,Tuesday|Thursday
NG34,TKC01 East Anglia O/N (B),Merchant Channel,Two-person,5 Days,Tuesday|Thursday
NN9,TKC19 Colchester O/N (A),Merchant Channel,Two-person,5 Days,Wednesday|Friday
NN14,TKC19 Colchester O/N (A),Merchant Channel,Two-person,5 Days,Wednesday|Friday
NN15,TKC19 Colchester O/N (A),Merchant Channel,Two-person,5 Days,Wednesday|Friday
NN16,TKC19 Colchester O/N (A),Merchant Channel,Two-person,5 Days,Wednesday|Friday
NN18,TKC19 Colchester O/N (A),Merchant Channel,Two-person,5 Days,Wednesday|Friday
NR1,TKC01 East Anglia O/N (C),Merchant Channel,Two-person,5 Days,Tuesday|Thursday
NR10,TKC01 East Anglia O/N (C),Merchant Channel,Two-person,5 Days,Tuesday|Thursday
NR11,TKC01 East Anglia O/N (C),Merchant Channel,Two-person,5 Days,Tuesday|Thursday
NR12,TKC01 East Anglia O/N (C),Merchant Channel,Two-person,5 Days,Tuesday|Thursday
NR13,TKC01 East Anglia O/N (C),Merchant Channel,Two-person,5 Days,Tuesday|Thursday
NR14,TKC01 East Anglia O/N (C),Merchant Channel,Two-person,5 Days,Tuesday|Thursday
NR17,TKC01 East Anglia O/N (C),Merchant Channel,Two-person,5 Days,Tuesday|Thursday
NR18,TKC01 East Anglia O/N (C),Merchant Channel,Two-person,5 Days,Tuesday|Thursday
NR19,TKC01 East Anglia O/N (C),Merchant Channel,Two-person,5 Days,Tuesday|Thursday
NR2,TKC01 East Anglia O/N (C),Merchant Channel,Two-person,5 Days,Tuesday|Thursday
NR20,TKC01 East Anglia O/N (C),Merchant Channel,Two-person,5 Days,Tuesday|Thursday
NR21,TKC01 East Anglia O/N (C),Merchant Channel,Two-person,5 Days,Tuesday|Thursday
NR22,TKC01 East Anglia O/N (C),Merchant Channel,Two-person,5 Days,Tuesday|Thursday
NR23,TKC01 East Anglia O/N (C),Merchant Channel,Two-person,5 Days,Tuesday|Thursday
NR24,TKC01 East Anglia O/N (C),Merchant Channel,Two-person,5 Days,Tuesday|Thursday
NR25,TKC01 East Anglia O/N (C),Merchant Channel,Two-person,5 Days,Tuesday|Thursday
NR26,TKC01 East Anglia O/N (C),Merchant Channel,Two-person,5 Days,Tuesday|Thursday
NR27,TKC01 East Anglia O/N (C),Merchant Channel,Two-person,5 Days,Tuesday|Thursday
NR28,TKC01 East Anglia O/N (C),Merchant Channel,Two-person,5 Days,Tuesday|Thursday
NR29,TKC01 East Anglia O/N (C),Merchant Channel,Two-person,5 Days,Tuesday|Thursday
NR3,TKC01 East Anglia O/N (C),Merchant Channel,Two-person,5 Days,Tuesday|Thursday
NR30,TKC01 East Anglia O/N (C),Merchant Channel,Two-person,5 Days,Tuesday|Thursday
NR31,TKC01 East Anglia O/N (C),Merchant Channel,Two-person,5 Days,Tuesday|Thursday
NR4,TKC01 East Anglia O/N (C),Merchant Channel,Two-person,5 Days,Tuesday|Thursday
NR5,TKC01 East Anglia O/N (C),Merchant Channel,Two-person,5 Days,Tuesday|Thursday
NR6,TKC01 East Anglia O/N (C),Merchant Channel,Two-person,5 Days,Tuesday|Thursday
NR7,TKC01 East Anglia O/N (C),Merchant Channel,Two-person,5 Days,Tuesday|Thursday
NR8,TKC01 East Anglia O/N (C),Merchant Channel,Two-person,5 Days,Tuesday|Thursday
NR9,TKC01 East Anglia O/N (C),Merchant Channel,Two-person,5 Days,Tuesday|Thursday
PE10,TKC01 East Anglia O/N (C),Merchant Channel,Two-person,5 Days,Tuesday|Thursday
PE11,TKC01 East Anglia O/N (C),Merchant Channel,Two-person,5 Days,Tuesday|Thursday
PE12,TKC01 East Anglia O/N (C),Merchant Channel,Two-person,5 Days,Tuesday|Thursday
PE13,TKC01 East Anglia O/N (C),Merchant Channel,Two-person,5 Days,Tuesday|Thursday
PE14,TKC01 East Anglia O/N (C),Merchant Channel,Two-person,5 Days,Tuesday|Thursday
PE20,TKC01 East Anglia O/N (C),Merchant Channel,Two-person,5 Days,Tuesday|Thursday
PE21,TKC01 East Anglia O/N (C),Merchant Channel,Two-person,5 Days,Tuesday|Thursday
PE30,TKC01 East Anglia O/N (C),Merchant Channel,Two-person,5 Days,Tuesday|Thursday
PE31,TKC01 East Anglia O/N (C),Merchant Channel,Two-person,5 Days,Tuesday|Thursday
PE32,TKC01 East Anglia O/N (C),Merchant Channel,Two-person,5 Days,Tuesday|Thursday
PE33,TKC01 East Anglia O/N (C),Merchant Channel,Two-person,5 Days,Tuesday|Thursday
PE34,TKC01 East Anglia O/N (C),Merchant Channel,Two-person,5 Days,Tuesday|Thursday
PE35,TKC01 East Anglia O/N (C),Merchant Channel,Two-person,5 Days,Tuesday|Thursday
PE36,TKC01 East Anglia O/N (C),Merchant Channel,Two-person,5 Days,Tuesday|Thursday
PE37,TKC01 East Anglia O/N (C),Merchant Channel,Two-person,5 Days,Tuesday|Thursday
PE38,TKC01 East Anglia O/N (C),Merchant Channel,Two-person,5 Days,Tuesday|Thursday
LE15,TKC01 East Anglia O/N (B),Retail Channel,Two-person,21 Days,Tuesday|Thursday
LE16,TKC01 East Anglia O/N (B),Retail Channel,Two-person,21 Days,Tuesday|Thursday
NG31,TKC01 East Anglia O/N (B),Retail Channel,Two-person,21 Days,Tuesday|Thursday
NG32,TKC01 East Anglia O/N (B),Retail Channel,Two-person,21 Days,Tuesday|Thursday
NG33,TKC01 East Anglia O/N (B),Retail Channel,Two-person,21 Days,Tuesday|Thursday
NG34,TKC01 East Anglia O/N (B),Retail Channel,Two-person,21 Days,Tuesday|Thursday
NN9,TKC19 Colchester O/N (A),Retail Channel,Two-person,21 Days,Tuesday|Thursday
NN14,TKC19 Colchester O/N (A),Retail Channel,Two-person,21 Days,Tuesday|Thursday
NN15,TKC19 Colchester O/N (A),Retail Channel,Two-person,21 Days,Tuesday|Thursday
NN16,TKC19 Colchester O/N (A),Retail Channel,Two-person,21 Days,Tuesday|Thursday
NN18,TKC19 Colchester O/N (A),Retail Channel,Two-person,21 Days,Tuesday|Thursday
NR1,TKC01 East Anglia O/N (C),Retail Channel,Two-person,21 Days,Tuesday|Thursday
NR10,TKC01 East Anglia O/N (C),Retail Channel,Two-person,21 Days,Tuesday|Thursday
NR11,TKC01 East Anglia O/N (C),Retail Channel,Two-person,21 Days,Tuesday|Thursday
NR12,TKC01 East Anglia O/N (C),Retail Channel,Two-person,21 Days,Tuesday|Thursday
NR13,TKC01 East Anglia O/N (C),Retail Channel,Two-person,21 Days,Tuesday|Thursday
NR14,TKC01 East Anglia O/N (C),Retail Channel,Two-person,21 Days,Tuesday|Thursday
NR17,TKC01 East Anglia O/N (C),Retail Channel,Two-person,21 Days,Tuesday|Thursday
NR18,TKC01 East Anglia O/N (C),Retail Channel,Two-person,21 Days,Tuesday|Thursday
NR19,TKC01 East Anglia O/N (C),Retail Channel,Two-person,21 Days,Tuesday|Thursday
NR2,TKC01 East Anglia O/N (C),Retail Channel,Two-person,21 Days,Tuesday|Thursday
NR20,TKC01 East Anglia O/N (C),Retail Channel,Two-person,21 Days,Tuesday|Thursday
NR21,TKC01 East Anglia O/N (C),Retail Channel,Two-person,21 Days,Tuesday|Thursday
NR22,TKC01 East Anglia O/N (C),Retail Channel,Two-person,21 Days,Tuesday|Thursday
NR23,TKC01 East Anglia O/N (C),Retail Channel,Two-person,21 Days,Tuesday|Thursday
NR24,TKC01 East Anglia O/N (C),Retail Channel,Two-person,21 Days,Tuesday|Thursday
NR25,TKC01 East Anglia O/N (C),Retail Channel,Two-person,21 Days,Tuesday|Thursday
NR26,TKC01 East Anglia O/N (C),Retail Channel,Two-person,21 Days,Tuesday|Thursday
NR27,TKC01 East Anglia O/N (C),Retail Channel,Two-person,21 Days,Tuesday|Thursday
NR28,TKC01 East Anglia O/N (C),Retail Channel,Two-person,21 Days,Tuesday|Thursday
NR29,TKC01 East Anglia O/N (C),Retail Channel,Two-person,21 Days,Tuesday|Thursday
NR3,TKC01 East Anglia O/N (C),Retail Channel,Two-person,21 Days,Tuesday|Thursday
NR30,TKC01 East Anglia O/N (C),Retail Channel,Two-person,21 Days,Tuesday|Thursday
NR31,TKC01 East Anglia O/N (C),Retail Channel,Two-person,21 Days,Tuesday|Thursday
NR4,TKC01 East Anglia O/N (C),Retail Channel,Two-person,21 Days,Tuesday|Thursday
NR5,TKC01 East Anglia O/N (C),Retail Channel,Two-person,21 Days,Tuesday|Thursday
NR6,TKC01 East Anglia O/N (C),Retail Channel,Two-person,21 Days,Tuesday|Thursday
NR7,TKC01 East Anglia O/N (C),Retail Channel,Two-person,21 Days,Tuesday|Thursday
NR8,TKC01 East Anglia O/N (C),Retail Channel,Two-person,21 Days,Tuesday|Thursday
NR9,TKC01 East Anglia O/N (C),Retail Channel,Two-person,21 Days,Tuesday|Thursday
PE10,TKC01 East Anglia O/N (C),Retail Channel,Two-person,21 Days,Tuesday|Thursday
PE11,TKC01 East Anglia O/N (C),Retail Channel,Two-person,21 Days,Tuesday|Thursday
PE12,TKC01 East Anglia O/N (C),Retail Channel,Two-person,21 Days,Tuesday|Thursday
PE13,TKC01 East Anglia O/N (C),Retail Channel,Two-person,21 Days,Tuesday|Thursday
PE14,TKC01 East Anglia O/N (C),Retail Channel,Two-person,21 Days,Tuesday|Thursday
PE20,TKC01 East Anglia O/N (C),Retail Channel,Two-person,21 Days,Tuesday|Thursday
PE21,TKC01 East Anglia O/N (C),Retail Channel,Two-person,21 Days,Tuesday|Thursday
PE30,TKC01 East Anglia O/N (C),Retail Channel,Two-person,21 Days,Tuesday|Thursday
PE31,TKC01 East Anglia O/N (C),Retail Channel,Two-person,21 Days,Tuesday|Thursday
PE32,TKC01 East Anglia O/N (C),Retail Channel,Two-person,21 Days,Tuesday|Thursday
PE33,TKC01 East Anglia O/N (C),Retail Channel,Two-person,21 Days,Tuesday|Thursday
PE34,TKC01 East Anglia O/N (C),Retail Channel,Two-person,21 Days,Tuesday|Thursday
PE35,TKC01 East Anglia O/N (C),Retail Channel,Two-person,21 Days,Tuesday|Thursday
PE36,TKC01 East Anglia O/N (C),Retail Channel,Two-person,21 Days,Tuesday|Thursday
PE37,TKC01 East Anglia O/N (C),Retail Channel,Two-person,21 Days,Tuesday|Thursday
PE38,TKC01 East Anglia O/N (C),Retail Channel,Two-person,21 Days,Tuesday|Thursday
DN15,TKC01 Grimsby,Component Channel,One-person,1 Day,Wednesday|Friday
DN16,TKC01 Grimsby,Component Channel,One-person,1 Day,Wednesday|Friday
DN17,TKC01 Grimsby,Component Channel,One-person,1 Day,Wednesday|Friday
DN18,TKC01 Grimsby,Component Channel,One-person,1 Day,Wednesday|Friday
DN19,TKC01 Grimsby,Component Channel,One-person,1 Day,Wednesday|Friday
DN20,TKC01 Grimsby,Component Channel,One-person,1 Day,Wednesday|Friday
DN21,TKC01 Grimsby,Component Channel,One-person,1 Day,Wednesday|Friday
DN31,TKC01 Grimsby,Component Channel,One-person,1 Day,Wednesday|Friday
DN32,TKC01 Grimsby,Component Channel,One-person,1 Day,Wednesday|Friday
DN33,TKC01 Grimsby,Component Channel,One-person,1 Day,Wednesday|Friday
DN34,TKC01 Grimsby,Component Channel,One-person,1 Day,Wednesday|Friday
DN35,TKC01 Grimsby,Component Channel,One-person,1 Day,Wednesday|Friday
DN36,TKC01 Grimsby,Component Channel,One-person,1 Day,Wednesday|Friday
DN37,TKC01 Grimsby,Component Channel,One-person,1 Day,Wednesday|Friday
DN38,TKC01 Grimsby,Component Channel,One-person,1 Day,Wednesday|Friday
DN39,TKC01 Grimsby,Component Channel,One-person,1 Day,Wednesday|Friday
DN40,TKC01 Grimsby,Component Channel,One-person,1 Day,Wednesday|Friday
DN41,TKC01 Grimsby,Component Channel,One-person,1 Day,Wednesday|Friday
DN15,TKC01 Grimsby,Jigsaw Channel,Two-person,5 Days,Wednesday|Friday
DN16,TKC01 Grimsby,Jigsaw Channel,Two-person,5 Days,Wednesday|Friday
DN17,TKC01 Grimsby,Jigsaw Channel,Two-person,5 Days,Wednesday|Friday
DN18,TKC01 Grimsby,Jigsaw Channel,Two-person,5 Days,Wednesday|Friday
DN19,TKC01 Grimsby,Jigsaw Channel,Two-person,5 Days,Wednesday|Friday
DN20,TKC01 Grimsby,Jigsaw Channel,Two-person,5 Days,Wednesday|Friday
DN21,TKC01 Grimsby,Jigsaw Channel,Two-person,5 Days,Wednesday|Friday
DN31,TKC01 Grimsby,Jigsaw Channel,Two-person,5 Days,Wednesday|Friday
DN32,TKC01 Grimsby,Jigsaw Channel,Two-person,5 Days,Wednesday|Friday
DN33,TKC01 Grimsby,Jigsaw Channel,Two-person,5 Days,Wednesday|Friday
DN34,TKC01 Grimsby,Jigsaw Channel,Two-person,5 Days,Wednesday|Friday
DN35,TKC01 Grimsby,Jigsaw Channel,Two-person,5 Days,Wednesday|Friday
DN36,TKC01 Grimsby,Jigsaw Channel,Two-person,5 Days,Wednesday|Friday
DN37,TKC01 Grimsby,Jigsaw Channel,Two-person,5 Days,Wednesday|Friday
DN38,TKC01 Grimsby,Jigsaw Channel,Two-person,5 Days,Wednesday|Friday
DN39,TKC01 Grimsby,Jigsaw Channel,Two-person,5 Days,Wednesday|Friday
DN40,TKC01 Grimsby,Jigsaw Channel,Two-person,5 Days,Wednesday|Friday
DN41,TKC01 Grimsby,Jigsaw Channel,Two-person,5 Days,Wednesday|Friday
DN15,TKC01 Grimsby,Merchant Channel,Two-person,5 Days,Wednesday|Friday
DN16,TKC01 Grimsby,Merchant Channel,Two-person,5 Days,Wednesday|Friday
DN17,TKC01 Grimsby,Merchant Channel,Two-person,5 Days,Wednesday|Friday
DN18,TKC01 Grimsby,Merchant Channel,Two-person,5 Days,Wednesday|Friday
DN19,TKC01 Grimsby,Merchant Channel,Two-person,5 Days,Wednesday|Friday
DN20,TKC01 Grimsby,Merchant Channel,Two-person,5 Days,Wednesday|Friday
DN21,TKC01 Grimsby,Merchant Channel,Two-person,5 Days,Wednesday|Friday
DN31,TKC01 Grimsby,Merchant Channel,Two-person,5 Days,Wednesday|Friday
DN32,TKC01 Grimsby,Merchant Channel,Two-person,5 Days,Wednesday|Friday
DN33,TKC01 Grimsby,Merchant Channel,Two-person,5 Days,Wednesday|Friday
DN34,TKC01 Grimsby,Merchant Channel,Two-person,5 Days,Wednesday|Friday
DN35,TKC01 Grimsby,Merchant Channel,Two-person,5 Days,Wednesday|Friday
DN36,TKC01 Grimsby,Merchant Channel,Two-person,5 Days,Wednesday|Friday
DN37,TKC01 Grimsby,Merchant Channel,Two-person,5 Days,Wednesday|Friday
DN38,TKC01 Grimsby,Merchant Channel,Two-person,5 Days,Wednesday|Friday
DN39,TKC01 Grimsby,Merchant Channel,Two-person,5 Days,Wednesday|Friday
DN40,TKC01 Grimsby,Merchant Channel,Two-person,5 Days,Wednesday|Friday
DN41,TKC01 Grimsby,Merchant Channel,Two-person,5 Days,Wednesday|Friday
DN15,TKC01 Grimsby,Retail Channel,Two-person,21 Days,Wednesday|Friday
DN16,TKC01 Grimsby,Retail Channel,Two-person,21 Days,Wednesday|Friday
DN17,TKC01 Grimsby,Retail Channel,Two-person,21 Days,Wednesday|Friday
DN18,TKC01 Grimsby,Retail Channel,Two-person,21 Days,Wednesday|Friday
DN19,TKC01 Grimsby,Retail Channel,Two-person,21 Days,Wednesday|Friday
DN20,TKC01 Grimsby,Retail Channel,Two-person,21 Days,Wednesday|Friday
DN21,TKC01 Grimsby,Retail Channel,Two-person,21 Days,Wednesday|Friday
DN31,TKC01 Grimsby,Retail Channel,Two-person,21 Days,Wednesday|Friday
DN32,TKC01 Grimsby,Retail Channel,Two-person,21 Days,Wednesday|Friday
DN33,TKC01 Grimsby,Retail Channel,Two-person,21 Days,Wednesday|Friday
DN34,TKC01 Grimsby,Retail Channel,Two-person,21 Days,Wednesday|Friday
DN35,TKC01 Grimsby,Retail Channel,Two-person,21 Days,Wednesday|Friday
DN36,TKC01 Grimsby,Retail Channel,Two-person,21 Days,Wednesday|Friday
DN37,TKC01 Grimsby,Retail Channel,Two-person,21 Days,Wednesday|Friday
DN38,TKC01 Grimsby,Retail Channel,Two-person,21 Days,Wednesday|Friday
DN39,TKC01 Grimsby,Retail Channel,Two-person,21 Days,Wednesday|Friday
DN40,TKC01 Grimsby,Retail Channel,Two-person,21 Days,Wednesday|Friday
DN41,TKC01 Grimsby,Retail Channel,Two-person,21 Days,Wednesday|Friday
DN14,TKC01 Hull,Component Channel,One-person,1 Day,Wednesday|Friday
HU1,TKC01 Hull,Component Channel,One-person,1 Day,Wednesday|Thursday|Friday
HU10,TKC01 Hull,Component Channel,One-person,1 Day,Wednesday|Thursday|Friday
HU11,TKC01 Hull,Component Channel,One-person,1 Day,Wednesday|Thursday|Friday
HU12,TKC01 Hull,Component Channel,One-person,1 Day,Wednesday|Thursday|Friday
HU13,TKC01 Hull,Component Channel,One-person,1 Day,Wednesday|Thursday|Friday
HU14,TKC01 Hull,Component Channel,One-person,1 Day,Wednesday|Thursday|Friday
HU15,TKC01 Hull,Component Channel,One-person,1 Day,Wednesday|Thursday|Friday
HU16,TKC01 Hull,Component Channel,One-person,1 Day,Wednesday|Thursday|Friday
HU17,TKC01 Hull,Component Channel,One-person,1 Day,Wednesday|Thursday|Friday
HU18,TKC01 Hull,Component Channel,One-person,1 Day,Wednesday|Thursday|Friday
HU19,TKC01 Hull,Component Channel,One-person,1 Day,Wednesday|Thursday|Friday
HU2,TKC01 Hull,Component Channel,One-person,1 Day,Wednesday|Thursday|Friday
HU20,TKC01 Hull,Component Channel,One-person,1 Day,Wednesday|Thursday|Friday
HU3,TKC01 Hull,Component Channel,One-person,1 Day,Wednesday|Thursday|Friday
HU4,TKC01 Hull,Component Channel,One-person,1 Day,Wednesday|Thursday|Friday
HU5,TKC01 Hull,Component Channel,One-person,1 Day,Wednesday|Thursday|Friday
HU6,TKC01 Hull,Component Channel,One-person,1 Day,Wednesday|Thursday|Friday
HU7,TKC01 Hull,Component Channel,One-person,1 Day,Wednesday|Thursday|Friday
HU8,TKC01 Hull,Component Channel,One-person,1 Day,Wednesday|Thursday|Friday
HU9,TKC01 Hull,Component Channel,One-person,1 Day,Wednesday|Thursday|Friday
DN14,TKC01 Hull,Jigsaw Channel,Two-person,5 Days,Wednesday|Friday
HU1,TKC01 Hull,Jigsaw Channel,Two-person,5 Days,Wednesday|Thursday|Friday
HU10,TKC01 Hull,Jigsaw Channel,Two-person,5 Days,Wednesday|Thursday|Friday
HU11,TKC01 Hull,Jigsaw Channel,Two-person,5 Days,Wednesday|Thursday|Friday
HU12,TKC01 Hull,Jigsaw Channel,Two-person,5 Days,Wednesday|Thursday|Friday
HU13,TKC01 Hull,Jigsaw Channel,Two-person,5 Days,Wednesday|Thursday|Friday
HU14,TKC01 Hull,Jigsaw Channel,Two-person,5 Days,Wednesday|Thursday|Friday
HU15,TKC01 Hull,Jigsaw Channel,Two-person,5 Days,Wednesday|Thursday|Friday
HU16,TKC01 Hull,Jigsaw Channel,Two-person,5 Days,Wednesday|Thursday|Friday
HU17,TKC01 Hull,Jigsaw Channel,Two-person,5 Days,Wednesday|Thursday|Friday
HU18,TKC01 Hull,Jigsaw Channel,Two-person,5 Days,Wednesday|Thursday|Friday
HU19,TKC01 Hull,Jigsaw Channel,Two-person,5 Days,Wednesday|Thursday|Friday
HU2,TKC01 Hull,Jigsaw Channel,Two-person,5 Days,Wednesday|Thursday|Friday
HU20,TKC01 Hull,Jigsaw Channel,Two-person,5 Days,Wednesday|Thursday|Friday
HU3,TKC01 Hull,Jigsaw Channel,Two-person,5 Days,Wednesday|Thursday|Friday
HU4,TKC01 Hull,Jigsaw Channel,Two-person,5 Days,Wednesday|Thursday|Friday
HU5,TKC01 Hull,Jigsaw Channel,Two-person,5 Days,Wednesday|Thursday|Friday
HU6,TKC01 Hull,Jigsaw Channel,Two-person,5 Days,Wednesday|Thursday|Friday
HU7,TKC01 Hull,Jigsaw Channel,Two-person,5 Days,Wednesday|Thursday|Friday
HU8,TKC01 Hull,Jigsaw Channel,Two-person,5 Days,Wednesday|Thursday|Friday
HU9,TKC01 Hull,Jigsaw Channel,Two-person,5 Days,Wednesday|Thursday|Friday
DN14,TKC01 Hull,Merchant Channel,Two-person,5 Days,Wednesday|Friday
HU1,TKC01 Hull,Merchant Channel,Two-person,5 Days,Wednesday|Thursday|Friday
HU10,TKC01 Hull,Merchant Channel,Two-person,5 Days,Wednesday|Thursday|Friday
HU11,TKC01 Hull,Merchant Channel,Two-person,5 Days,Wednesday|Thursday|Friday
HU12,TKC01 Hull,Merchant Channel,Two-person,5 Days,Wednesday|Thursday|Friday
HU13,TKC01 Hull,Merchant Channel,Two-person,5 Days,Wednesday|Thursday|Friday
HU14,TKC01 Hull,Merchant Channel,Two-person,5 Days,Wednesday|Thursday|Friday
HU15,TKC01 Hull,Merchant Channel,Two-person,5 Days,Wednesday|Thursday|Friday
HU16,TKC01 Hull,Merchant Channel,Two-person,5 Days,Wednesday|Thursday|Friday
HU17,TKC01 Hull,Merchant Channel,Two-person,5 Days,Wednesday|Thursday|Friday
HU18,TKC01 Hull,Merchant Channel,Two-person,5 Days,Wednesday|Thursday|Friday
HU19,TKC01 Hull,Merchant Channel,Two-person,5 Days,Wednesday|Thursday|Friday
HU2,TKC01 Hull,Merchant Channel,Two-person,5 Days,Wednesday|Thursday|Friday
HU20,TKC01 Hull,Merchant Channel,Two-person,5 Days,Wednesday|Thursday|Friday
HU3,TKC01 Hull,Merchant Channel,Two-person,5 Days,Wednesday|Thursday|Friday
HU4,TKC01 Hull,Merchant Channel,Two-person,5 Days,Wednesday|Thursday|Friday
HU5,TKC01 Hull,Merchant Channel,Two-person,5 Days,Wednesday|Thursday|Friday
HU6,TKC01 Hull,Merchant Channel,Two-person,5 Days,Wednesday|Thursday|Friday
HU7,TKC01 Hull,Merchant Channel,Two-person,5 Days,Wednesday|Thursday|Friday
HU8,TKC01 Hull,Merchant Channel,Two-person,5 Days,Wednesday|Thursday|Friday
HU9,TKC01 Hull,Merchant Channel,Two-person,5 Days,Wednesday|Thursday|Friday
DN14,TKC01 Hull,Retail Channel,Two-person,21 Days,Wednesday|Friday
HU1,TKC01 Hull,Retail Channel,Two-person,21 Days,Wednesday|Thursday|Friday
HU10,TKC01 Hull,Retail Channel,Two-person,21 Days,Wednesday|Thursday|Friday
HU11,TKC01 Hull,Retail Channel,Two-person,21 Days,Wednesday|Thursday|Friday
HU12,TKC01 Hull,Retail Channel,Two-person,21 Days,Wednesday|Thursday|Friday
HU13,TKC01 Hull,Retail Channel,Two-person,21 Days,Wednesday|Thursday|Friday
HU14,TKC01 Hull,Retail Channel,Two-person,21 Days,Wednesday|Thursday|Friday
HU15,TKC01 Hull,Retail Channel,Two-person,21 Days,Wednesday|Thursday|Friday
HU16,TKC01 Hull,Retail Channel,Two-person,21 Days,Wednesday|Thursday|Friday
HU17,TKC01 Hull,Retail Channel,Two-person,21 Days,Wednesday|Thursday|Friday
HU18,TKC01 Hull,Retail Channel,Two-person,21 Days,Wednesday|Thursday|Friday
HU19,TKC01 Hull,Retail Channel,Two-person,21 Days,Wednesday|Thursday|Friday
HU2,TKC01 Hull,Retail Channel,Two-person,21 Days,Wednesday|Thursday|Friday
HU20,TKC01 Hull,Retail Channel,Two-person,21 Days,Wednesday|Thursday|Friday
HU3,TKC01 Hull,Retail Channel,Two-person,21 Days,Wednesday|Thursday|Friday
HU4,TKC01 Hull,Retail Channel,Two-person,21 Days,Wednesday|Thursday|Friday
HU5,TKC01 Hull,Retail Channel,Two-person,21 Days,Wednesday|Thursday|Friday
HU6,TKC01 Hull,Retail Channel,Two-person,21 Days,Wednesday|Thursday|Friday
HU7,TKC01 Hull,Retail Channel,Two-person,21 Days,Wednesday|Thursday|Friday
HU8,TKC01 Hull,Retail Channel,Two-person,21 Days,Wednesday|Thursday|Friday
HU9,TKC01 Hull,Retail Channel,Two-person,21 Days,Wednesday|Thursday|Friday
BD1,TKC01 Leeds (A),Component Channel,One-person,1 Day,Tuesday|Wednesday|Friday
BD10,TKC01 Leeds (A),Component Channel,One-person,1 Day,Tuesday|Wednesday|Friday
BD11,TKC01 Leeds (A),Component Channel,One-person,1 Day,Tuesday|Wednesday|Friday
BD12,TKC01 Leeds (A),Component Channel,One-person,1 Day,Tuesday|Wednesday|Friday
BD13,TKC01 Leeds (A),Component Channel,One-person,1 Day,Tuesday|Wednesday|Friday
BD14,TKC01 Leeds (A),Component Channel,One-person,1 Day,Tuesday|Wednesday|Friday
BD15,TKC01 Leeds (A),Component Channel,One-person,1 Day,Tuesday|Wednesday|Friday
BD16,TKC01 Leeds (A),Component Channel,One-person,1 Day,Tuesday|Wednesday|Friday
BD17,TKC01 Leeds (A),Component Channel,One-person,1 Day,Tuesday|Wednesday|Friday
BD18,TKC01 Leeds (A),Component Channel,One-person,1 Day,Tuesday|Wednesday|Friday
BD19,TKC01 Leeds (A),Component Channel,One-person,1 Day,Tuesday|Wednesday|Friday
BD2,TKC01 Leeds (A),Component Channel,One-person,1 Day,Tuesday|Wednesday|Friday
BD20,TKC01 Leeds (A),Component Channel,One-person,1 Day,Tuesday|Wednesday|Friday
BD21,TKC01 Leeds (A),Component Channel,One-person,1 Day,Tuesday|Wednesday|Friday
BD22,TKC01 Leeds (A),Component Channel,One-person,1 Day,Tuesday|Wednesday|Friday
BD3,TKC01 Leeds (A),Component Channel,One-person,1 Day,Tuesday|Wednesday|Friday
BD4,TKC01 Leeds (A),Component Channel,One-person,1 Day,Tuesday|Wednesday|Friday
BD5,TKC01 Leeds (A),Component Channel,One-person,1 Day,Tuesday|Wednesday|Friday
BD6,TKC01 Leeds (A),Component Channel,One-person,1 Day,Tuesday|Wednesday|Friday
BD7,TKC01 Leeds (A),Component Channel,One-person,1 Day,Tuesday|Wednesday|Friday
BD8,TKC01 Leeds (A),Component Channel,One-person,1 Day,Tuesday|Wednesday|Friday
BD9,TKC01 Leeds (A),Component Channel,One-person,1 Day,Tuesday|Wednesday|Friday
BD97,TKC01 Leeds (A),Component Channel,One-person,1 Day,Tuesday|Wednesday|Friday
BD98,TKC01 Leeds (A),Component Channel,One-person,1 Day,Tuesday|Wednesday|Friday
BD99,TKC01 Leeds (A),Component Channel,One-person,1 Day,Tuesday|Wednesday|Friday
HD1,TKC01 Leeds (A),Component Channel,One-person,1 Day,Tuesday|Wednesday|Friday
HD2,TKC01 Leeds (A),Component Channel,One-person,1 Day,Tuesday|Wednesday|Friday
HD3,TKC01 Leeds (A),Component Channel,One-person,1 Day,Tuesday|Wednesday|Friday
HD4,TKC01 Leeds (A),Component Channel,One-person,1 Day,Tuesday|Wednesday|Friday
HD5,TKC01 Leeds (A),Component Channel,One-person,1 Day,Tuesday|Wednesday|Friday
HD6,TKC01 Leeds (A),Component Channel,One-person,1 Day,Tuesday|Wednesday|Friday
HD7,TKC01 Leeds (A),Component Channel,One-person,1 Day,Tuesday|Wednesday|Friday
HD8,TKC01 Leeds (A),Component Channel,One-person,1 Day,Tuesday|Wednesday|Friday
HD9,TKC01 Leeds (A),Component Channel,One-person,1 Day,Tuesday|Wednesday|Friday
HX1,TKC01 Leeds (A),Component Channel,One-person,1 Day,Tuesday|Wednesday|Friday
HX2,TKC01 Leeds (A),Component Channel,One-person,1 Day,Tuesday|Wednesday|Friday
HX3,TKC01 Leeds (A),Component Channel,One-person,1 Day,Tuesday|Wednesday|Friday
HX4,TKC01 Leeds (A),Component Channel,One-person,1 Day,Tuesday|Wednesday|Friday
HX5,TKC01 Leeds (A),Component Channel,One-person,1 Day,Tuesday|Wednesday|Friday
HX6,TKC01 Leeds (A),Component Channel,One-person,1 Day,Tuesday|Wednesday|Friday
HX7,TKC01 Leeds (A),Component Channel,One-person,1 Day,Tuesday|Wednesday|Friday
LS22,TKC01 Leeds (B),Component Channel,One-person,1 Day,Tuesday|Friday
LS23,TKC01 Leeds (B),Component Channel,One-person,1 Day,Tuesday|Friday
LS24,TKC01 Leeds (B),Component Channel,One-person,1 Day,Tuesday|Friday
LS1,TKC01 Leeds (A),Component Channel,One-person,1 Day,Tuesday|Wednesday|Friday
LS10,TKC01 Leeds (A),Component Channel,One-person,1 Day,Tuesday|Wednesday|Friday
LS11,TKC01 Leeds (A),Component Channel,One-person,1 Day,Tuesday|Wednesday|Friday
LS12,TKC01 Leeds (A),Component Channel,One-person,1 Day,Tuesday|Wednesday|Friday
LS13,TKC01 Leeds (A),Component Channel,One-person,1 Day,Tuesday|Wednesday|Friday
LS14,TKC01 Leeds (A),Component Channel,One-person,1 Day,Tuesday|Wednesday|Friday
LS15,TKC01 Leeds (A),Component Channel,One-person,1 Day,Tuesday|Wednesday|Friday
LS16,TKC01 Leeds (A),Component Channel,One-person,1 Day,Tuesday|Wednesday|Friday
LS17,TKC01 Leeds (A),Component Channel,One-person,1 Day,Tuesday|Wednesday|Friday
LS18,TKC01 Leeds (A),Component Channel,One-person,1 Day,Tuesday|Wednesday|Friday
LS19,TKC01 Leeds (A),Component Channel,One-person,1 Day,Tuesday|Wednesday|Friday
LS2,TKC01 Leeds (A),Component Channel,One-person,1 Day,Tuesday|Wednesday|Friday
LS20,TKC01 Leeds (A),Component Channel,One-person,1 Day,Tuesday|Wednesday|Friday
LS21,TKC01 Leeds (A),Component Channel,One-person,1 Day,Tuesday|Wednesday|Friday
LS25,TKC01 Leeds (A),Component Channel,One-person,1 Day,Tuesday|Wednesday|Friday
LS26,TKC01 Leeds (A),Component Channel,One-person,1 Day,Tuesday|Wednesday|Friday
LS27,TKC01 Leeds (A),Component Channel,One-person,1 Day,Tuesday|Wednesday|Friday
LS28,TKC01 Leeds (A),Component Channel,One-person,1 Day,Tuesday|Wednesday|Friday
LS29,TKC01 Leeds (A),Component Channel,One-person,1 Day,Tuesday|Wednesday|Friday
LS3,TKC01 Leeds (A),Component Channel,One-person,1 Day,Tuesday|Wednesday|Friday
LS4,TKC01 Leeds (A),Component Channel,One-person,1 Day,Tuesday|Wednesday|Friday
LS5,TKC01 Leeds (A),Component Channel,One-person,1 Day,Tuesday|Wednesday|Friday
LS6,TKC01 Leeds (A),Component Channel,One-person,1 Day,Tuesday|Wednesday|Friday
LS7,TKC01 Leeds (A),Component Channel,One-person,1 Day,Tuesday|Wednesday|Friday
LS8,TKC01 Leeds (A),Component Channel,One-person,1 Day,Tuesday|Wednesday|Friday
LS88,TKC01 Leeds (A),Component Channel,One-person,1 Day,Tuesday|Wednesday|Friday
LS9,TKC01 Leeds (A),Component Channel,One-person,1 Day,Tuesday|Wednesday|Friday
LS98,TKC01 Leeds (A),Component Channel,One-person,1 Day,Tuesday|Wednesday|Friday
LS99,TKC01 Leeds (A),Component Channel,One-person,1 Day,Tuesday|Wednesday|Friday
OL15,TKC01 Leeds (A),Component Channel,One-person,1 Day,Tuesday|Wednesday|Friday
OL3,TKC01 Leeds (A),Component Channel,One-person,1 Day,Tuesday|Wednesday|Friday
WF1,TKC01 Leeds (A),Component Channel,One-person,1 Day,Tuesday|Wednesday|Friday
WF10,TKC01 Leeds (A),Component Channel,One-person,1 Day,Tuesday|Wednesday|Friday
WF11,TKC01 Leeds (A),Component Channel,One-person,1 Day,Tuesday|Wednesday|Friday
WF12,TKC01 Leeds (A),Component Channel,One-person,1 Day,Tuesday|Wednesday|Friday
WF13,TKC01 Leeds (A),Component Channel,One-person,1 Day,Tuesday|Wednesday|Friday
WF14,TKC01 Leeds (A),Component Channel,One-person,1 Day,Tuesday|Wednesday|Friday
WF15,TKC01 Leeds (A),Component Channel,One-person,1 Day,Tuesday|Wednesday|Friday
WF16,TKC01 Leeds (A),Component Channel,One-person,1 Day,Tuesday|Wednesday|Friday
WF17,TKC01 Leeds (A),Component Channel,One-person,1 Day,Tuesday|Wednesday|Friday
WF2,TKC01 Leeds (A),Component Channel,One-person,1 Day,Tuesday|Wednesday|Friday
WF3,TKC01 Leeds (A),Component Channel,One-person,1 Day,Tuesday|Wednesday|Friday
WF4,TKC01 Leeds (A),Component Channel,One-person,1 Day,Tuesday|Wednesday|Friday
WF5,TKC01 Leeds (A),Component Channel,One-person,1 Day,Tuesday|Wednesday|Friday
WF6,TKC01 Leeds (A),Component Channel,One-person,1 Day,Tuesday|Wednesday|Friday
WF7,TKC01 Leeds (A),Component Channel,One-person,1 Day,Tuesday|Wednesday|Friday
WF8,TKC01 Leeds (A),Component Channel,One-person,1 Day,Tuesday|Wednesday|Friday
WF90,TKC01 Leeds (A),Component Channel,One-person,1 Day,Tuesday|Wednesday|Friday
BD1,TKC01 Leeds (A),Jigsaw Channel,Two-person,5 Days,Tuesday|Wednesday|Friday
BD10,TKC01 Leeds (A),Jigsaw Channel,Two-person,5 Days,Tuesday|Wednesday|Friday
BD11,TKC01 Leeds (A),Jigsaw Channel,Two-person,5 Days,Tuesday|Wednesday|Friday
BD12,TKC01 Leeds (A),Jigsaw Channel,Two-person,5 Days,Tuesday|Wednesday|Friday
BD13,TKC01 Leeds (A),Jigsaw Channel,Two-person,5 Days,Tuesday|Wednesday|Friday
BD14,TKC01 Leeds (A),Jigsaw Channel,Two-person,5 Days,Tuesday|Wednesday|Friday
BD15,TKC01 Leeds (A),Jigsaw Channel,Two-person,5 Days,Tuesday|Wednesday|Friday
BD16,TKC01 Leeds (A),Jigsaw Channel,Two-person,5 Days,Tuesday|Wednesday|Friday
BD17,TKC01 Leeds (A),Jigsaw Channel,Two-person,5 Days,Tuesday|Wednesday|Friday
BD18,TKC01 Leeds (A),Jigsaw Channel,Two-person,5 Days,Tuesday|Wednesday|Friday
BD19,TKC01 Leeds (A),Jigsaw Channel,Two-person,5 Days,Tuesday|Wednesday|Friday
BD2,TKC01 Leeds (A),Jigsaw Channel,Two-person,5 Days,Tuesday|Wednesday|Friday
BD20,TKC01 Leeds (A),Jigsaw Channel,Two-person,5 Days,Tuesday|Wednesday|Friday
BD21,TKC01 Leeds (A),Jigsaw Channel,Two-person,5 Days,Tuesday|Wednesday|Friday
BD22,TKC01 Leeds (A),Jigsaw Channel,Two-person,5 Days,Tuesday|Wednesday|Friday
BD3,TKC01 Leeds (A),Jigsaw Channel,Two-person,5 Days,Tuesday|Wednesday|Friday
BD4,TKC01 Leeds (A),Jigsaw Channel,Two-person,5 Days,Tuesday|Wednesday|Friday
BD5,TKC01 Leeds (A),Jigsaw Channel,Two-person,5 Days,Tuesday|Wednesday|Friday
BD6,TKC01 Leeds (A),Jigsaw Channel,Two-person,5 Days,Tuesday|Wednesday|Friday
BD7,TKC01 Leeds (A),Jigsaw Channel,Two-person,5 Days,Tuesday|Wednesday|Friday
BD8,TKC01 Leeds (A),Jigsaw Channel,Two-person,5 Days,Tuesday|Wednesday|Friday
BD9,TKC01 Leeds (A),Jigsaw Channel,Two-person,5 Days,Tuesday|Wednesday|Friday
BD97,TKC01 Leeds (A),Jigsaw Channel,Two-person,5 Days,Tuesday|Wednesday|Friday
BD98,TKC01 Leeds (A),Jigsaw Channel,Two-person,5 Days,Tuesday|Wednesday|Friday
BD99,TKC01 Leeds (A),Jigsaw Channel,Two-person,5 Days,Tuesday|Wednesday|Friday
HD1,TKC01 Leeds (A),Jigsaw Channel,Two-person,5 Days,Tuesday|Wednesday|Friday
HD2,TKC01 Leeds (A),Jigsaw Channel,Two-person,5 Days,Tuesday|Wednesday|Friday
HD3,TKC01 Leeds (A),Jigsaw Channel,Two-person,5 Days,Tuesday|Wednesday|Friday
HD4,TKC01 Leeds (A),Jigsaw Channel,Two-person,5 Days,Tuesday|Wednesday|Friday
HD5,TKC01 Leeds (A),Jigsaw Channel,Two-person,5 Days,Tuesday|Wednesday|Friday
HD6,TKC01 Leeds (A),Jigsaw Channel,Two-person,5 Days,Tuesday|Wednesday|Friday
HD7,TKC01 Leeds (A),Jigsaw Channel,Two-person,5 Days,Tuesday|Wednesday|Friday
HD8,TKC01 Leeds (A),Jigsaw Channel,Two-person,5 Days,Tuesday|Wednesday|Friday
HD9,TKC01 Leeds (A),Jigsaw Channel,Two-person,5 Days,Tuesday|Wednesday|Friday
HX1,TKC01 Leeds (A),Jigsaw Channel,Two-person,5 Days,Tuesday|Wednesday|Friday
HX2,TKC01 Leeds (A),Jigsaw Channel,Two-person,5 Days,Tuesday|Wednesday|Friday
HX3,TKC01 Leeds (A),Jigsaw Channel,Two-person,5 Days,Tuesday|Wednesday|Friday
HX4,TKC01 Leeds (A),Jigsaw Channel,Two-person,5 Days,Tuesday|Wednesday|Friday
HX5,TKC01 Leeds (A),Jigsaw Channel,Two-person,5 Days,Tuesday|Wednesday|Friday
HX6,TKC01 Leeds (A),Jigsaw Channel,Two-person,5 Days,Tuesday|Wednesday|Friday
HX7,TKC01 Leeds (A),Jigsaw Channel,Two-person,5 Days,Tuesday|Wednesday|Friday
LS22,TKC01 Leeds (B),Jigsaw Channel,Two-person,5 Days,Tuesday|Friday
LS23,TKC01 Leeds (B),Jigsaw Channel,Two-person,5 Days,Tuesday|Friday
LS24,TKC01 Leeds (B),Jigsaw Channel,Two-person,5 Days,Tuesday|Friday
LS1,TKC01 Leeds (A),Jigsaw Channel,Two-person,5 Days,Tuesday|Wednesday|Friday
LS10,TKC01 Leeds (A),Jigsaw Channel,Two-person,5 Days,Tuesday|Wednesday|Friday
LS11,TKC01 Leeds (A),Jigsaw Channel,Two-person,5 Days,Tuesday|Wednesday|Friday
LS12,TKC01 Leeds (A),Jigsaw Channel,Two-person,5 Days,Tuesday|Wednesday|Friday
LS13,TKC01 Leeds (A),Jigsaw Channel,Two-person,5 Days,Tuesday|Wednesday|Friday
LS14,TKC01 Leeds (A),Jigsaw Channel,Two-person,5 Days,Tuesday|Wednesday|Friday
LS15,TKC01 Leeds (A),Jigsaw Channel,Two-person,5 Days,Tuesday|Wednesday|Friday
LS16,TKC01 Leeds (A),Jigsaw Channel,Two-person,5 Days,Tuesday|Wednesday|Friday
LS17,TKC01 Leeds (A),Jigsaw Channel,Two-person,5 Days,Tuesday|Wednesday|Friday
LS18,TKC01 Leeds (A),Jigsaw Channel,Two-person,5 Days,Tuesday|Wednesday|Friday
LS19,TKC01 Leeds (A),Jigsaw Channel,Two-person,5 Days,Tuesday|Wednesday|Friday
LS2,TKC01 Leeds (A),Jigsaw Channel,Two-person,5 Days,Tuesday|Wednesday|Friday
LS20,TKC01 Leeds (A),Jigsaw Channel,Two-person,5 Days,Tuesday|Wednesday|Friday
LS21,TKC01 Leeds (A),Jigsaw Channel,Two-person,5 Days,Tuesday|Wednesday|Friday
LS25,TKC01 Leeds (A),Jigsaw Channel,Two-person,5 Days,Tuesday|Wednesday|Friday
LS26,TKC01 Leeds (A),Jigsaw Channel,Two-person,5 Days,Tuesday|Wednesday|Friday
LS27,TKC01 Leeds (A),Jigsaw Channel,Two-person,5 Days,Tuesday|Wednesday|Friday
LS28,TKC01 Leeds (A),Jigsaw Channel,Two-person,5 Days,Tuesday|Wednesday|Friday
LS29,TKC01 Leeds (A),Jigsaw Channel,Two-person,5 Days,Tuesday|Wednesday|Friday
LS3,TKC01 Leeds (A),Jigsaw Channel,Two-person,5 Days,Tuesday|Wednesday|Friday
LS4,TKC01 Leeds (A),Jigsaw Channel,Two-person,5 Days,Tuesday|Wednesday|Friday
LS5,TKC01 Leeds (A),Jigsaw Channel,Two-person,5 Days,Tuesday|Wednesday|Friday
LS6,TKC01 Leeds (A),Jigsaw Channel,Two-person,5 Days,Tuesday|Wednesday|Friday
LS7,TKC01 Leeds (A),Jigsaw Channel,Two-person,5 Days,Tuesday|Wednesday|Friday
LS8,TKC01 Leeds (A),Jigsaw Channel,Two-person,5 Days,Tuesday|Wednesday|Friday
LS88,TKC01 Leeds (A),Jigsaw Channel,Two-person,5 Days,Tuesday|Wednesday|Friday
LS9,TKC01 Leeds (A),Jigsaw Channel,Two-person,5 Days,Tuesday|Wednesday|Friday
LS98,TKC01 Leeds (A),Jigsaw Channel,Two-person,5 Days,Tuesday|Wednesday|Friday
LS99,TKC01 Leeds (A),Jigsaw Channel,Two-person,5 Days,Tuesday|Wednesday|Friday
OL15,TKC01 Leeds (A),Jigsaw Channel,Two-person,5 Days,Tuesday|Wednesday|Friday
OL3,TKC01 Leeds (A),Jigsaw Channel,Two-person,5 Days,Tuesday|Wednesday|Friday
WF1,TKC01 Leeds (A),Jigsaw Channel,Two-person,5 Days,Tuesday|Wednesday|Friday
WF10,TKC01 Leeds (A),Jigsaw Channel,Two-person,5 Days,Tuesday|Wednesday|Friday
WF11,TKC01 Leeds (A),Jigsaw Channel,Two-person,5 Days,Tuesday|Wednesday|Friday
WF12,TKC01 Leeds (A),Jigsaw Channel,Two-person,5 Days,Tuesday|Wednesday|Friday
WF13,TKC01 Leeds (A),Jigsaw Channel,Two-person,5 Days,Tuesday|Wednesday|Friday
WF14,TKC01 Leeds (A),Jigsaw Channel,Two-person,5 Days,Tuesday|Wednesday|Friday
WF15,TKC01 Leeds (A),Jigsaw Channel,Two-person,5 Days,Tuesday|Wednesday|Friday
WF16,TKC01 Leeds (A),Jigsaw Channel,Two-person,5 Days,Tuesday|Wednesday|Friday
WF17,TKC01 Leeds (A),Jigsaw Channel,Two-person,5 Days,Tuesday|Wednesday|Friday
WF2,TKC01 Leeds (A),Jigsaw Channel,Two-person,5 Days,Tuesday|Wednesday|Friday
WF3,TKC01 Leeds (A),Jigsaw Channel,Two-person,5 Days,Tuesday|Wednesday|Friday
WF4,TKC01 Leeds (A),Jigsaw Channel,Two-person,5 Days,Tuesday|Wednesday|Friday
WF5,TKC01 Leeds (A),Jigsaw Channel,Two-person,5 Days,Tuesday|Wednesday|Friday
WF6,TKC01 Leeds (A),Jigsaw Channel,Two-person,5 Days,Tuesday|Wednesday|Friday
WF7,TKC01 Leeds (A),Jigsaw Channel,Two-person,5 Days,Tuesday|Wednesday|Friday
WF8,TKC01 Leeds (A),Jigsaw Channel,Two-person,5 Days,Tuesday|Wednesday|Friday
WF90,TKC01 Leeds (A),Jigsaw Channel,Two-person,5 Days,Tuesday|Wednesday|Friday
BD1,TKC01 Leeds (A),Merchant Channel,Two-person,5 Days,Tuesday|Wednesday|Friday
BD10,TKC01 Leeds (A),Merchant Channel,Two-person,5 Days,Tuesday|Wednesday|Friday
BD11,TKC01 Leeds (A),Merchant Channel,Two-person,5 Days,Tuesday|Wednesday|Friday
BD12,TKC01 Leeds (A),Merchant Channel,Two-person,5 Days,Tuesday|Wednesday|Friday
BD13,TKC01 Leeds (A),Merchant Channel,Two-person,5 Days,Tuesday|Wednesday|Friday
BD14,TKC01 Leeds (A),Merchant Channel,Two-person,5 Days,Tuesday|Wednesday|Friday
BD15,TKC01 Leeds (A),Merchant Channel,Two-person,5 Days,Tuesday|Wednesday|Friday
BD16,TKC01 Leeds (A),Merchant Channel,Two-person,5 Days,Tuesday|Wednesday|Friday
BD17,TKC01 Leeds (A),Merchant Channel,Two-person,5 Days,Tuesday|Wednesday|Friday
BD18,TKC01 Leeds (A),Merchant Channel,Two-person,5 Days,Tuesday|Wednesday|Friday
BD19,TKC01 Leeds (A),Merchant Channel,Two-person,5 Days,Tuesday|Wednesday|Friday
BD2,TKC01 Leeds (A),Merchant Channel,Two-person,5 Days,Tuesday|Wednesday|Friday
BD20,TKC01 Leeds (A),Merchant Channel,Two-person,5 Days,Tuesday|Wednesday|Friday
BD21,TKC01 Leeds (A),Merchant Channel,Two-person,5 Days,Tuesday|Wednesday|Friday
BD22,TKC01 Leeds (A),Merchant Channel,Two-person,5 Days,Tuesday|Wednesday|Friday
BD3,TKC01 Leeds (A),Merchant Channel,Two-person,5 Days,Tuesday|Wednesday|Friday
BD4,TKC01 Leeds (A),Merchant Channel,Two-person,5 Days,Tuesday|Wednesday|Friday
BD5,TKC01 Leeds (A),Merchant Channel,Two-person,5 Days,Tuesday|Wednesday|Friday
BD6,TKC01 Leeds (A),Merchant Channel,Two-person,5 Days,Tuesday|Wednesday|Friday
BD7,TKC01 Leeds (A),Merchant Channel,Two-person,5 Days,Tuesday|Wednesday|Friday
BD8,TKC01 Leeds (A),Merchant Channel,Two-person,5 Days,Tuesday|Wednesday|Friday
BD9,TKC01 Leeds (A),Merchant Channel,Two-person,5 Days,Tuesday|Wednesday|Friday
BD97,TKC01 Leeds (A),Merchant Channel,Two-person,5 Days,Tuesday|Wednesday|Friday
BD98,TKC01 Leeds (A),Merchant Channel,Two-person,5 Days,Tuesday|Wednesday|Friday
BD99,TKC01 Leeds (A),Merchant Channel,Two-person,5 Days,Tuesday|Wednesday|Friday
HD1,TKC01 Leeds (A),Merchant Channel,Two-person,5 Days,Tuesday|Wednesday|Friday
HD2,TKC01 Leeds (A),Merchant Channel,Two-person,5 Days,Tuesday|Wednesday|Friday
HD3,TKC01 Leeds (A),Merchant Channel,Two-person,5 Days,Tuesday|Wednesday|Friday
HD4,TKC01 Leeds (A),Merchant Channel,Two-person,5 Days,Tuesday|Wednesday|Friday
HD5,TKC01 Leeds (A),Merchant Channel,Two-person,5 Days,Tuesday|Wednesday|Friday
HD6,TKC01 Leeds (A),Merchant Channel,Two-person,5 Days,Tuesday|Wednesday|Friday
HD7,TKC01 Leeds (A),Merchant Channel,Two-person,5 Days,Tuesday|Wednesday|Friday
HD8,TKC01 Leeds (A),Merchant Channel,Two-person,5 Days,Tuesday|Wednesday|Friday
HD9,TKC01 Leeds (A),Merchant Channel,Two-person,5 Days,Tuesday|Wednesday|Friday
HX1,TKC01 Leeds (A),Merchant Channel,Two-person,5 Days,Tuesday|Wednesday|Friday
HX2,TKC01 Leeds (A),Merchant Channel,Two-person,5 Days,Tuesday|Wednesday|Friday
HX3,TKC01 Leeds (A),Merchant Channel,Two-person,5 Days,Tuesday|Wednesday|Friday
HX4,TKC01 Leeds (A),Merchant Channel,Two-person,5 Days,Tuesday|Wednesday|Friday
HX5,TKC01 Leeds (A),Merchant Channel,Two-person,5 Days,Tuesday|Wednesday|Friday
HX6,TKC01 Leeds (A),Merchant Channel,Two-person,5 Days,Tuesday|Wednesday|Friday
HX7,TKC01 Leeds (A),Merchant Channel,Two-person,5 Days,Tuesday|Wednesday|Friday
LS22,TKC01 Leeds (B),Merchant Channel,Two-person,5 Days,Tuesday|Friday
LS23,TKC01 Leeds (B),Merchant Channel,Two-person,5 Days,Tuesday|Friday
LS24,TKC01 Leeds (B),Merchant Channel,Two-person,5 Days,Tuesday|Friday
LS1,TKC01 Leeds (A),Merchant Channel,Two-person,5 Days,Tuesday|Wednesday|Friday
LS10,TKC01 Leeds (A),Merchant Channel,Two-person,5 Days,Tuesday|Wednesday|Friday
LS11,TKC01 Leeds (A),Merchant Channel,Two-person,5 Days,Tuesday|Wednesday|Friday
LS12,TKC01 Leeds (A),Merchant Channel,Two-person,5 Days,Tuesday|Wednesday|Friday
LS13,TKC01 Leeds (A),Merchant Channel,Two-person,5 Days,Tuesday|Wednesday|Friday
LS14,TKC01 Leeds (A),Merchant Channel,Two-person,5 Days,Tuesday|Wednesday|Friday
LS15,TKC01 Leeds (A),Merchant Channel,Two-person,5 Days,Tuesday|Wednesday|Friday
LS16,TKC01 Leeds (A),Merchant Channel,Two-person,5 Days,Tuesday|Wednesday|Friday
LS17,TKC01 Leeds (A),Merchant Channel,Two-person,5 Days,Tuesday|Wednesday|Friday
LS18,TKC01 Leeds (A),Merchant Channel,Two-person,5 Days,Tuesday|Wednesday|Friday
LS19,TKC01 Leeds (A),Merchant Channel,Two-person,5 Days,Tuesday|Wednesday|Friday
LS2,TKC01 Leeds (A),Merchant Channel,Two-person,5 Days,Tuesday|Wednesday|Friday
LS20,TKC01 Leeds (A),Merchant Channel,Two-person,5 Days,Tuesday|Wednesday|Friday
LS21,TKC01 Leeds (A),Merchant Channel,Two-person,5 Days,Tuesday|Wednesday|Friday
LS25,TKC01 Leeds (A),Merchant Channel,Two-person,5 Days,Tuesday|Wednesday|Friday
LS26,TKC01 Leeds (A),Merchant Channel,Two-person,5 Days,Tuesday|Wednesday|Friday
LS27,TKC01 Leeds (A),Merchant Channel,Two-person,5 Days,Tuesday|Wednesday|Friday
LS28,TKC01 Leeds (A),Merchant Channel,Two-person,5 Days,Tuesday|Wednesday|Friday
LS29,TKC01 Leeds (A),Merchant Channel,Two-person,5 Days,Tuesday|Wednesday|Friday
LS3,TKC01 Leeds (A),Merchant Channel,Two-person,5 Days,Tuesday|Wednesday|Friday
LS4,TKC01 Leeds (A),Merchant Channel,Two-person,5 Days,Tuesday|Wednesday|Friday
LS5,TKC01 Leeds (A),Merchant Channel,Two-person,5 Days,Tuesday|Wednesday|Friday
LS6,TKC01 Leeds (A),Merchant Channel,Two-person,5 Days,Tuesday|Wednesday|Friday
LS7,TKC01 Leeds (A),Merchant Channel,Two-person,5 Days,Tuesday|Wednesday|Friday
LS8,TKC01 Leeds (A),Merchant Channel,Two-person,5 Days,Tuesday|Wednesday|Friday
LS88,TKC01 Leeds (A),Merchant Channel,Two-person,5 Days,Tuesday|Wednesday|Friday
LS9,TKC01 Leeds (A),Merchant Channel,Two-person,5 Days,Tuesday|Wednesday|Friday
LS98,TKC01 Leeds (A),Merchant Channel,Two-person,5 Days,Tuesday|Wednesday|Friday
LS99,TKC01 Leeds (A),Merchant Channel,Two-person,5 Days,Tuesday|Wednesday|Friday
OL15,TKC01 Leeds (A),Merchant Channel,Two-person,5 Days,Tuesday|Wednesday|Friday
OL3,TKC01 Leeds (A),Merchant Channel,Two-person,5 Days,Tuesday|Wednesday|Friday
WF1,TKC01 Leeds (A),Merchant Channel,Two-person,5 Days,Tuesday|Wednesday|Friday
WF10,TKC01 Leeds (A),Merchant Channel,Two-person,5 Days,Tuesday|Wednesday|Friday
WF11,TKC01 Leeds (A),Merchant Channel,Two-person,5 Days,Tuesday|Wednesday|Friday
WF12,TKC01 Leeds (A),Merchant Channel,Two-person,5 Days,Tuesday|Wednesday|Friday
WF13,TKC01 Leeds (A),Merchant Channel,Two-person,5 Days,Tuesday|Wednesday|Friday
WF14,TKC01 Leeds (A),Merchant Channel,Two-person,5 Days,Tuesday|Wednesday|Friday
WF15,TKC01 Leeds (A),Merchant Channel,Two-person,5 Days,Tuesday|Wednesday|Friday
WF16,TKC01 Leeds (A),Merchant Channel,Two-person,5 Days,Tuesday|Wednesday|Friday
WF17,TKC01 Leeds (A),Merchant Channel,Two-person,5 Days,Tuesday|Wednesday|Friday
WF2,TKC01 Leeds (A),Merchant Channel,Two-person,5 Days,Tuesday|Wednesday|Friday
WF3,TKC01 Leeds (A),Merchant Channel,Two-person,5 Days,Tuesday|Wednesday|Friday
WF4,TKC01 Leeds (A),Merchant Channel,Two-person,5 Days,Tuesday|Wednesday|Friday
WF5,TKC01 Leeds (A),Merchant Channel,Two-person,5 Days,Tuesday|Wednesday|Friday
WF6,TKC01 Leeds (A),Merchant Channel,Two-person,5 Days,Tuesday|Wednesday|Friday
WF7,TKC01 Leeds (A),Merchant Channel,Two-person,5 Days,Tuesday|Wednesday|Friday
WF8,TKC01 Leeds (A),Merchant Channel,Two-person,5 Days,Tuesday|Wednesday|Friday
WF90,TKC01 Leeds (A),Merchant Channel,Two-person,5 Days,Tuesday|Wednesday|Friday
BD1,TKC01 Leeds (A),Retail Channel,Two-person,21 Days,Tuesday|Wednesday|Friday
BD10,TKC01 Leeds (A),Retail Channel,Two-person,21 Days,Tuesday|Wednesday|Friday
BD11,TKC01 Leeds (A),Retail Channel,Two-person,21 Days,Tuesday|Wednesday|Friday
BD12,TKC01 Leeds (A),Retail Channel,Two-person,21 Days,Tuesday|Wednesday|Friday
BD13,TKC01 Leeds (A),Retail Channel,Two-person,21 Days,Tuesday|Wednesday|Friday
BD14,TKC01 Leeds (A),Retail Channel,Two-person,21 Days,Tuesday|Wednesday|Friday
BD15,TKC01 Leeds (A),Retail Channel,Two-person,21 Days,Tuesday|Wednesday|Friday
BD16,TKC01 Leeds (A),Retail Channel,Two-person,21 Days,Tuesday|Wednesday|Friday
BD17,TKC01 Leeds (A),Retail Channel,Two-person,21 Days,Tuesday|Wednesday|Friday
BD18,TKC01 Leeds (A),Retail Channel,Two-person,21 Days,Tuesday|Wednesday|Friday
BD19,TKC01 Leeds (A),Retail Channel,Two-person,21 Days,Tuesday|Wednesday|Friday
BD2,TKC01 Leeds (A),Retail Channel,Two-person,21 Days,Tuesday|Wednesday|Friday
BD20,TKC01 Leeds (A),Retail Channel,Two-person,21 Days,Tuesday|Wednesday|Friday
BD21,TKC01 Leeds (A),Retail Channel,Two-person,21 Days,Tuesday|Wednesday|Friday
BD22,TKC01 Leeds (A),Retail Channel,Two-person,21 Days,Tuesday|Wednesday|Friday
BD3,TKC01 Leeds (A),Retail Channel,Two-person,21 Days,Tuesday|Wednesday|Friday
BD4,TKC01 Leeds (A),Retail Channel,Two-person,21 Days,Tuesday|Wednesday|Friday
BD5,TKC01 Leeds (A),Retail Channel,Two-person,21 Days,Tuesday|Wednesday|Friday
BD6,TKC01 Leeds (A),Retail Channel,Two-person,21 Days,Tuesday|Wednesday|Friday
BD7,TKC01 Leeds (A),Retail Channel,Two-person,21 Days,Tuesday|Wednesday|Friday
BD8,TKC01 Leeds (A),Retail Channel,Two-person,21 Days,Tuesday|Wednesday|Friday
BD9,TKC01 Leeds (A),Retail Channel,Two-person,21 Days,Tuesday|Wednesday|Friday
BD97,TKC01 Leeds (A),Retail Channel,Two-person,21 Days,Tuesday|Wednesday|Friday
BD98,TKC01 Leeds (A),Retail Channel,Two-person,21 Days,Tuesday|Wednesday|Friday
BD99,TKC01 Leeds (A),Retail Channel,Two-person,21 Days,Tuesday|Wednesday|Friday
HD1,TKC01 Leeds (A),Retail Channel,Two-person,21 Days,Tuesday|Wednesday|Friday
HD2,TKC01 Leeds (A),Retail Channel,Two-person,21 Days,Tuesday|Wednesday|Friday
HD3,TKC01 Leeds (A),Retail Channel,Two-person,21 Days,Tuesday|Wednesday|Friday
HD4,TKC01 Leeds (A),Retail Channel,Two-person,21 Days,Tuesday|Wednesday|Friday
HD5,TKC01 Leeds (A),Retail Channel,Two-person,21 Days,Tuesday|Wednesday|Friday
HD6,TKC01 Leeds (A),Retail Channel,Two-person,21 Days,Tuesday|Wednesday|Friday
HD7,TKC01 Leeds (A),Retail Channel,Two-person,21 Days,Tuesday|Wednesday|Friday
HD8,TKC01 Leeds (A),Retail Channel,Two-person,21 Days,Tuesday|Wednesday|Friday
HD9,TKC01 Leeds (A),Retail Channel,Two-person,21 Days,Tuesday|Wednesday|Friday
HX1,TKC01 Leeds (A),Retail Channel,Two-person,21 Days,Tuesday|Wednesday|Friday
HX2,TKC01 Leeds (A),Retail Channel,Two-person,21 Days,Tuesday|Wednesday|Friday
HX3,TKC01 Leeds (A),Retail Channel,Two-person,21 Days,Tuesday|Wednesday|Friday
HX4,TKC01 Leeds (A),Retail Channel,Two-person,21 Days,Tuesday|Wednesday|Friday
HX5,TKC01 Leeds (A),Retail Channel,Two-person,21 Days,Tuesday|Wednesday|Friday
HX6,TKC01 Leeds (A),Retail Channel,Two-person,21 Days,Tuesday|Wednesday|Friday
HX7,TKC01 Leeds (A),Retail Channel,Two-person,21 Days,Tuesday|Wednesday|Friday
LS22,TKC01 Leeds (B),Retail Channel,Two-person,21 Days,Tuesday|Friday
LS23,TKC01 Leeds (B),Retail Channel,Two-person,21 Days,Tuesday|Friday
LS24,TKC01 Leeds (B),Retail Channel,Two-person,21 Days,Tuesday|Friday
LS1,TKC01 Leeds (A),Retail Channel,Two-person,21 Days,Tuesday|Wednesday|Friday
LS10,TKC01 Leeds (A),Retail Channel,Two-person,21 Days,Tuesday|Wednesday|Friday
LS11,TKC01 Leeds (A),Retail Channel,Two-person,21 Days,Tuesday|Wednesday|Friday
LS12,TKC01 Leeds (A),Retail Channel,Two-person,21 Days,Tuesday|Wednesday|Friday
LS13,TKC01 Leeds (A),Retail Channel,Two-person,21 Days,Tuesday|Wednesday|Friday
LS14,TKC01 Leeds (A),Retail Channel,Two-person,21 Days,Tuesday|Wednesday|Friday
LS15,TKC01 Leeds (A),Retail Channel,Two-person,21 Days,Tuesday|Wednesday|Friday
LS16,TKC01 Leeds (A),Retail Channel,Two-person,21 Days,Tuesday|Wednesday|Friday
LS17,TKC01 Leeds (A),Retail Channel,Two-person,21 Days,Tuesday|Wednesday|Friday
LS18,TKC01 Leeds (A),Retail Channel,Two-person,21 Days,Tuesday|Wednesday|Friday
LS19,TKC01 Leeds (A),Retail Channel,Two-person,21 Days,Tuesday|Wednesday|Friday
LS2,TKC01 Leeds (A),Retail Channel,Two-person,21 Days,Tuesday|Wednesday|Friday
LS20,TKC01 Leeds (A),Retail Channel,Two-person,21 Days,Tuesday|Wednesday|Friday
LS21,TKC01 Leeds (A),Retail Channel,Two-person,21 Days,Tuesday|Wednesday|Friday
LS25,TKC01 Leeds (A),Retail Channel,Two-person,21 Days,Tuesday|Wednesday|Friday
LS26,TKC01 Leeds (A),Retail Channel,Two-person,21 Days,Tuesday|Wednesday|Friday
LS27,TKC01 Leeds (A),Retail Channel,Two-person,21 Days,Tuesday|Wednesday|Friday
LS28,TKC01 Leeds (A),Retail Channel,Two-person,21 Days,Tuesday|Wednesday|Friday
LS29,TKC01 Leeds (A),Retail Channel,Two-person,21 Days,Tuesday|Wednesday|Friday
LS3,TKC01 Leeds (A),Retail Channel,Two-person,21 Days,Tuesday|Wednesday|Friday
LS4,TKC01 Leeds (A),Retail Channel,Two-person,21 Days,Tuesday|Wednesday|Friday
LS5,TKC01 Leeds (A),Retail Channel,Two-person,21 Days,Tuesday|Wednesday|Friday
LS6,TKC01 Leeds (A),Retail Channel,Two-person,21 Days,Tuesday|Wednesday|Friday
LS7,TKC01 Leeds (A),Retail Channel,Two-person,21 Days,Tuesday|Wednesday|Friday
LS8,TKC01 Leeds (A),Retail Channel,Two-person,21 Days,Tuesday|Wednesday|Friday
LS88,TKC01 Leeds (A),Retail Channel,Two-person,21 Days,Tuesday|Wednesday|Friday
LS9,TKC01 Leeds (A),Retail Channel,Two-person,21 Days,Tuesday|Wednesday|Friday
LS98,TKC01 Leeds (A),Retail Channel,Two-person,21 Days,Tuesday|Wednesday|Friday
LS99,TKC01 Leeds (A),Retail Channel,Two-person,21 Days,Tuesday|Wednesday|Friday
OL15,TKC01 Leeds (A),Retail Channel,Two-person,21 Days,Tuesday|Wednesday|Friday
OL3,TKC01 Leeds (A),Retail Channel,Two-person,21 Days,Tuesday|Wednesday|Friday
WF1,TKC01 Leeds (A),Retail Channel,Two-person,21 Days,Tuesday|Wednesday|Friday
WF10,TKC01 Leeds (A),Retail Channel,Two-person,21 Days,Tuesday|Wednesday|Friday
WF11,TKC01 Leeds (A),Retail Channel,Two-person,21 Days,Tuesday|Wednesday|Friday
WF12,TKC01 Leeds (A),Retail Channel,Two-person,21 Days,Tuesday|Wednesday|Friday
WF13,TKC01 Leeds (A),Retail Channel,Two-person,21 Days,Tuesday|Wednesday|Friday
WF14,TKC01 Leeds (A),Retail Channel,Two-person,21 Days,Tuesday|Wednesday|Friday
WF15,TKC01 Leeds (A),Retail Channel,Two-person,21 Days,Tuesday|Wednesday|Friday
WF16,TKC01 Leeds (A),Retail Channel,Two-person,21 Days,Tuesday|Wednesday|Friday
WF17,TKC01 Leeds (A),Retail Channel,Two-person,21 Days,Tuesday|Wednesday|Friday
WF2,TKC01 Leeds (A),Retail Channel,Two-person,21 Days,Tuesday|Wednesday|Friday
WF3,TKC01 Leeds (A),Retail Channel,Two-person,21 Days,Tuesday|Wednesday|Friday
WF4,TKC01 Leeds (A),Retail Channel,Two-person,21 Days,Tuesday|Wednesday|Friday
WF5,TKC01 Leeds (A),Retail Channel,Two-person,21 Days,Tuesday|Wednesday|Friday
WF6,TKC01 Leeds (A),Retail Channel,Two-person,21 Days,Tuesday|Wednesday|Friday
WF7,TKC01 Leeds (A),Retail Channel,Two-person,21 Days,Tuesday|Wednesday|Friday
WF8,TKC01 Leeds (A),Retail Channel,Two-person,21 Days,Tuesday|Wednesday|Friday
WF90,TKC01 Leeds (A),Retail Channel,Two-person,21 Days,Tuesday|Wednesday|Friday
CV1,TKC01 Leicester & Nuneaton,Component Channel,One-person,1 Day,Tuesday|Thursday|Friday
CV10,TKC01 Leicester & Nuneaton,Component Channel,One-person,1 Day,Tuesday|Thursday|Friday
CV11,TKC01 Leicester & Nuneaton,Component Channel,One-person,1 Day,Tuesday|Thursday|Friday
CV12,TKC01 Leicester & Nuneaton,Component Channel,One-person,1 Day,Tuesday|Thursday|Friday
CV13,TKC01 Leicester & Nuneaton,Component Channel,One-person,1 Day,Tuesday|Thursday|Friday
CV2,TKC01 Leicester & Nuneaton,Component Channel,One-person,1 Day,Tuesday|Thursday|Friday
CV21,TKC01 Leicester & Nuneaton,Component Channel,One-person,1 Day,Tuesday|Thursday|Friday
CV22,TKC01 Leicester & Nuneaton,Component Channel,One-person,1 Day,Tuesday|Thursday|Friday
CV23,TKC01 Leicester & Nuneaton,Component Channel,One-person,1 Day,Tuesday|Thursday|Friday
CV3,TKC01 Leicester & Nuneaton,Component Channel,One-person,1 Day,Tuesday|Thursday|Friday
CV31,TKC01 Leicester & Nuneaton,Component Channel,One-person,1 Day,Tuesday|Thursday|Friday
CV32,TKC01 Leicester & Nuneaton,Component Channel,One-person,1 Day,Tuesday|Thursday|Friday
CV33,TKC01 Leicester & Nuneaton,Component Channel,One-person,1 Day,Tuesday|Thursday|Friday
CV34,TKC01 Leicester & Nuneaton,Component Channel,One-person,1 Day,Tuesday|Thursday|Friday
CV35,TKC01 Leicester & Nuneaton,Component Channel,One-person,1 Day,Tuesday|Thursday|Friday
CV36,TKC01 Leicester & Nuneaton,Component Channel,One-person,1 Day,Tuesday|Thursday|Friday
CV37,TKC01 Leicester & Nuneaton,Component Channel,One-person,1 Day,Tuesday|Thursday|Friday
CV4,TKC01 Leicester & Nuneaton,Component Channel,One-person,1 Day,Tuesday|Thursday|Friday
CV47,TKC01 Leicester & Nuneaton,Component Channel,One-person,1 Day,Tuesday|Thursday|Friday
CV5,TKC01 Leicester & Nuneaton,Component Channel,One-person,1 Day,Tuesday|Thursday|Friday
CV6,TKC01 Leicester & Nuneaton,Component Channel,One-person,1 Day,Tuesday|Thursday|Friday
CV7,TKC01 Leicester & Nuneaton,Component Channel,One-person,1 Day,Tuesday|Thursday|Friday
CV8,TKC01 Leicester & Nuneaton,Component Channel,One-person,1 Day,Tuesday|Thursday|Friday
CV9,TKC01 Leicester & Nuneaton,Component Channel,One-person,1 Day,Tuesday|Thursday|Friday
DE11,TKC01 Leicester & Nuneaton,Component Channel,One-person,1 Day,Tuesday|Thursday|Friday
DE12,TKC01 Leicester & Nuneaton,Component Channel,One-person,1 Day,Tuesday|Thursday|Friday
DE13,TKC01 Leicester & Nuneaton,Component Channel,One-person,1 Day,Tuesday|Thursday|Friday
DE14,TKC01 Leicester & Nuneaton,Component Channel,One-person,1 Day,Tuesday|Thursday|Friday
DE15,TKC01 Leicester & Nuneaton,Component Channel,One-person,1 Day,Tuesday|Thursday|Friday
LE1,TKC01 Leicester & Nuneaton,Component Channel,One-person,1 Day,Tuesday|Thursday|Friday
LE10,TKC01 Leicester & Nuneaton,Component Channel,One-person,1 Day,Tuesday|Thursday|Friday
LE11,TKC01 Leicester & Nuneaton,Component Channel,One-person,1 Day,Tuesday|Thursday|Friday
LE12,TKC01 Leicester & Nuneaton,Component Channel,One-person,1 Day,Tuesday|Thursday|Friday
LE13,TKC01 Leicester & Nuneaton,Component Channel,One-person,1 Day,Tuesday|Thursday|Friday
LE14,TKC01 Leicester & Nuneaton,Component Channel,One-person,1 Day,Tuesday|Thursday|Friday
LE17,TKC01 Leicester & Nuneaton,Component Channel,One-person,1 Day,Tuesday|Thursday|Friday
LE18,TKC01 Leicester & Nuneaton,Component Channel,One-person,1 Day,Tuesday|Thursday|Friday
LE19,TKC01 Leicester & Nuneaton,Component Channel,One-person,1 Day,Tuesday|Thursday|Friday
LE2,TKC01 Leicester & Nuneaton,Component Channel,One-person,1 Day,Tuesday|Thursday|Friday
LE21,TKC01 Leicester & Nuneaton,Component Channel,One-person,1 Day,Tuesday|Thursday|Friday
LE3,TKC01 Leicester & Nuneaton,Component Channel,One-person,1 Day,Tuesday|Thursday|Friday
LE4,TKC01 Leicester & Nuneaton,Component Channel,One-person,1 Day,Tuesday|Thursday|Friday
LE41,TKC01 Leicester & Nuneaton,Component Channel,One-person,1 Day,Tuesday|Thursday|Friday
LE5,TKC01 Leicester & Nuneaton,Component Channel,One-person,1 Day,Tuesday|Thursday|Friday
LE55,TKC01 Leicester & Nuneaton,Component Channel,One-person,1 Day,Tuesday|Thursday|Friday
LE6,TKC01 Leicester & Nuneaton,Component Channel,One-person,1 Day,Tuesday|Thursday|Friday
LE65,TKC01 Leicester & Nuneaton,Component Channel,One-person,1 Day,Tuesday|Thursday|Friday
LE67,TKC01 Leicester & Nuneaton,Component Channel,One-person,1 Day,Tuesday|Thursday|Friday
LE7,TKC01 Leicester & Nuneaton,Component Channel,One-person,1 Day,Tuesday|Thursday|Friday
LE8,TKC01 Leicester & Nuneaton,Component Channel,One-person,1 Day,Tuesday|Thursday|Friday
LE87,TKC01 Leicester & Nuneaton,Component Channel,One-person,1 Day,Tuesday|Thursday|Friday
LE9,TKC01 Leicester & Nuneaton,Component Channel,One-person,1 Day,Tuesday|Thursday|Friday
LE95,TKC01 Leicester & Nuneaton,Component Channel,One-person,1 Day,Tuesday|Thursday|Friday
CV1,TKC01 Leicester & Nuneaton,Jigsaw Channel,Two-person,5 Days,Tuesday|Thursday|Friday
CV10,TKC01 Leicester & Nuneaton,Jigsaw Channel,Two-person,5 Days,Tuesday|Thursday|Friday
CV11,TKC01 Leicester & Nuneaton,Jigsaw Channel,Two-person,5 Days,Tuesday|Thursday|Friday
CV12,TKC01 Leicester & Nuneaton,Jigsaw Channel,Two-person,5 Days,Tuesday|Thursday|Friday
CV13,TKC01 Leicester & Nuneaton,Jigsaw Channel,Two-person,5 Days,Tuesday|Thursday|Friday
CV2,TKC01 Leicester & Nuneaton,Jigsaw Channel,Two-person,5 Days,Tuesday|Thursday|Friday
CV21,TKC01 Leicester & Nuneaton,Jigsaw Channel,Two-person,5 Days,Tuesday|Thursday|Friday
CV22,TKC01 Leicester & Nuneaton,Jigsaw Channel,Two-person,5 Days,Tuesday|Thursday|Friday
CV23,TKC01 Leicester & Nuneaton,Jigsaw Channel,Two-person,5 Days,Tuesday|Thursday|Friday
CV3,TKC01 Leicester & Nuneaton,Jigsaw Channel,Two-person,5 Days,Tuesday|Thursday|Friday
CV31,TKC01 Leicester & Nuneaton,Jigsaw Channel,Two-person,5 Days,Tuesday|Thursday|Friday
CV32,TKC01 Leicester & Nuneaton,Jigsaw Channel,Two-person,5 Days,Tuesday|Thursday|Friday
CV33,TKC01 Leicester & Nuneaton,Jigsaw Channel,Two-person,5 Days,Tuesday|Thursday|Friday
CV34,TKC01 Leicester & Nuneaton,Jigsaw Channel,Two-person,5 Days,Tuesday|Thursday|Friday
CV35,TKC01 Leicester & Nuneaton,Jigsaw Channel,Two-person,5 Days,Tuesday|Thursday|Friday
CV36,TKC01 Leicester & Nuneaton,Jigsaw Channel,Two-person,5 Days,Tuesday|Thursday|Friday
CV37,TKC01 Leicester & Nuneaton,Jigsaw Channel,Two-person,5 Days,Tuesday|Thursday|Friday
CV4,TKC01 Leicester & Nuneaton,Jigsaw Channel,Two-person,5 Days,Tuesday|Thursday|Friday
CV47,TKC01 Leicester & Nuneaton,Jigsaw Channel,Two-person,5 Days,Tuesday|Thursday|Friday
CV5,TKC01 Leicester & Nuneaton,Jigsaw Channel,Two-person,5 Days,Tuesday|Thursday|Friday
CV6,TKC01 Leicester & Nuneaton,Jigsaw Channel,Two-person,5 Days,Tuesday|Thursday|Friday
CV7,TKC01 Leicester & Nuneaton,Jigsaw Channel,Two-person,5 Days,Tuesday|Thursday|Friday
CV8,TKC01 Leicester & Nuneaton,Jigsaw Channel,Two-person,5 Days,Tuesday|Thursday|Friday
CV9,TKC01 Leicester & Nuneaton,Jigsaw Channel,Two-person,5 Days,Tuesday|Thursday|Friday
DE11,TKC01 Leicester & Nuneaton,Jigsaw Channel,Two-person,5 Days,Tuesday|Thursday|Friday
DE12,TKC01 Leicester & Nuneaton,Jigsaw Channel,Two-person,5 Days,Tuesday|Thursday|Friday
DE13,TKC01 Leicester & Nuneaton,Jigsaw Channel,Two-person,5 Days,Tuesday|Thursday|Friday
DE14,TKC01 Leicester & Nuneaton,Jigsaw Channel,Two-person,5 Days,Tuesday|Thursday|Friday
DE15,TKC01 Leicester & Nuneaton,Jigsaw Channel,Two-person,5 Days,Tuesday|Thursday|Friday
LE1,TKC01 Leicester & Nuneaton,Jigsaw Channel,Two-person,5 Days,Tuesday|Thursday|Friday
LE10,TKC01 Leicester & Nuneaton,Jigsaw Channel,Two-person,5 Days,Tuesday|Thursday|Friday
LE11,TKC01 Leicester & Nuneaton,Jigsaw Channel,Two-person,5 Days,Tuesday|Thursday|Friday
LE12,TKC01 Leicester & Nuneaton,Jigsaw Channel,Two-person,5 Days,Tuesday|Thursday|Friday
LE13,TKC01 Leicester & Nuneaton,Jigsaw Channel,Two-person,5 Days,Tuesday|Thursday|Friday
LE14,TKC01 Leicester & Nuneaton,Jigsaw Channel,Two-person,5 Days,Tuesday|Thursday|Friday
LE17,TKC01 Leicester & Nuneaton,Jigsaw Channel,Two-person,5 Days,Tuesday|Thursday|Friday
LE18,TKC01 Leicester & Nuneaton,Jigsaw Channel,Two-person,5 Days,Tuesday|Thursday|Friday
LE19,TKC01 Leicester & Nuneaton,Jigsaw Channel,Two-person,5 Days,Tuesday|Thursday|Friday
LE2,TKC01 Leicester & Nuneaton,Jigsaw Channel,Two-person,5 Days,Tuesday|Thursday|Friday
LE21,TKC01 Leicester & Nuneaton,Jigsaw Channel,Two-person,5 Days,Tuesday|Thursday|Friday
LE3,TKC01 Leicester & Nuneaton,Jigsaw Channel,Two-person,5 Days,Tuesday|Thursday|Friday
LE4,TKC01 Leicester & Nuneaton,Jigsaw Channel,Two-person,5 Days,Tuesday|Thursday|Friday
LE41,TKC01 Leicester & Nuneaton,Jigsaw Channel,Two-person,5 Days,Tuesday|Thursday|Friday
LE5,TKC01 Leicester & Nuneaton,Jigsaw Channel,Two-person,5 Days,Tuesday|Thursday|Friday
LE55,TKC01 Leicester & Nuneaton,Jigsaw Channel,Two-person,5 Days,Tuesday|Thursday|Friday
LE6,TKC01 Leicester & Nuneaton,Jigsaw Channel,Two-person,5 Days,Tuesday|Thursday|Friday
LE65,TKC01 Leicester & Nuneaton,Jigsaw Channel,Two-person,5 Days,Tuesday|Thursday|Friday
LE67,TKC01 Leicester & Nuneaton,Jigsaw Channel,Two-person,5 Days,Tuesday|Thursday|Friday
LE7,TKC01 Leicester & Nuneaton,Jigsaw Channel,Two-person,5 Days,Tuesday|Thursday|Friday
LE8,TKC01 Leicester & Nuneaton,Jigsaw Channel,Two-person,5 Days,Tuesday|Thursday|Friday
LE87,TKC01 Leicester & Nuneaton,Jigsaw Channel,Two-person,5 Days,Tuesday|Thursday|Friday
LE9,TKC01 Leicester & Nuneaton,Jigsaw Channel,Two-person,5 Days,Tuesday|Thursday|Friday
LE95,TKC01 Leicester & Nuneaton,Jigsaw Channel,Two-person,5 Days,Tuesday|Thursday|Friday
CV1,TKC01 Leicester & Nuneaton,Merchant Channel,Two-person,5 Days,Tuesday|Thursday|Friday
CV10,TKC01 Leicester & Nuneaton,Merchant Channel,Two-person,5 Days,Tuesday|Thursday|Friday
CV11,TKC01 Leicester & Nuneaton,Merchant Channel,Two-person,5 Days,Tuesday|Thursday|Friday
CV12,TKC01 Leicester & Nuneaton,Merchant Channel,Two-person,5 Days,Tuesday|Thursday|Friday
CV13,TKC01 Leicester & Nuneaton,Merchant Channel,Two-person,5 Days,Tuesday|Thursday|Friday
CV2,TKC01 Leicester & Nuneaton,Merchant Channel,Two-person,5 Days,Tuesday|Thursday|Friday
CV21,TKC01 Leicester & Nuneaton,Merchant Channel,Two-person,5 Days,Tuesday|Thursday|Friday
CV22,TKC01 Leicester & Nuneaton,Merchant Channel,Two-person,5 Days,Tuesday|Thursday|Friday
CV23,TKC01 Leicester & Nuneaton,Merchant Channel,Two-person,5 Days,Tuesday|Thursday|Friday
CV3,TKC01 Leicester & Nuneaton,Merchant Channel,Two-person,5 Days,Tuesday|Thursday|Friday
CV31,TKC01 Leicester & Nuneaton,Merchant Channel,Two-person,5 Days,Tuesday|Thursday|Friday
CV32,TKC01 Leicester & Nuneaton,Merchant Channel,Two-person,5 Days,Tuesday|Thursday|Friday
CV33,TKC01 Leicester & Nuneaton,Merchant Channel,Two-person,5 Days,Tuesday|Thursday|Friday
CV34,TKC01 Leicester & Nuneaton,Merchant Channel,Two-person,5 Days,Tuesday|Thursday|Friday
CV35,TKC01 Leicester & Nuneaton,Merchant Channel,Two-person,5 Days,Tuesday|Thursday|Friday
CV36,TKC01 Leicester & Nuneaton,Merchant Channel,Two-person,5 Days,Tuesday|Thursday|Friday
CV37,TKC01 Leicester & Nuneaton,Merchant Channel,Two-person,5 Days,Tuesday|Thursday|Friday
CV4,TKC01 Leicester & Nuneaton,Merchant Channel,Two-person,5 Days,Tuesday|Thursday|Friday
CV47,TKC01 Leicester & Nuneaton,Merchant Channel,Two-person,5 Days,Tuesday|Thursday|Friday
CV5,TKC01 Leicester & Nuneaton,Merchant Channel,Two-person,5 Days,Tuesday|Thursday|Friday
CV6,TKC01 Leicester & Nuneaton,Merchant Channel,Two-person,5 Days,Tuesday|Thursday|Friday
CV7,TKC01 Leicester & Nuneaton,Merchant Channel,Two-person,5 Days,Tuesday|Thursday|Friday
CV8,TKC01 Leicester & Nuneaton,Merchant Channel,Two-person,5 Days,Tuesday|Thursday|Friday
CV9,TKC01 Leicester & Nuneaton,Merchant Channel,Two-person,5 Days,Tuesday|Thursday|Friday
DE11,TKC01 Leicester & Nuneaton,Merchant Channel,Two-person,5 Days,Tuesday|Thursday|Friday
DE12,TKC01 Leicester & Nuneaton,Merchant Channel,Two-person,5 Days,Tuesday|Thursday|Friday
DE13,TKC01 Leicester & Nuneaton,Merchant Channel,Two-person,5 Days,Tuesday|Thursday|Friday
DE14,TKC01 Leicester & Nuneaton,Merchant Channel,Two-person,5 Days,Tuesday|Thursday|Friday
DE15,TKC01 Leicester & Nuneaton,Merchant Channel,Two-person,5 Days,Tuesday|Thursday|Friday
LE1,TKC01 Leicester & Nuneaton,Merchant Channel,Two-person,5 Days,Tuesday|Thursday|Friday
LE10,TKC01 Leicester & Nuneaton,Merchant Channel,Two-person,5 Days,Tuesday|Thursday|Friday
LE11,TKC01 Leicester & Nuneaton,Merchant Channel,Two-person,5 Days,Tuesday|Thursday|Friday
LE12,TKC01 Leicester & Nuneaton,Merchant Channel,Two-person,5 Days,Tuesday|Thursday|Friday
LE13,TKC01 Leicester & Nuneaton,Merchant Channel,Two-person,5 Days,Tuesday|Thursday|Friday
LE14,TKC01 Leicester & Nuneaton,Merchant Channel,Two-person,5 Days,Tuesday|Thursday|Friday
LE17,TKC01 Leicester & Nuneaton,Merchant Channel,Two-person,5 Days,Tuesday|Thursday|Friday
LE18,TKC01 Leicester & Nuneaton,Merchant Channel,Two-person,5 Days,Tuesday|Thursday|Friday
LE19,TKC01 Leicester & Nuneaton,Merchant Channel,Two-person,5 Days,Tuesday|Thursday|Friday
LE2,TKC01 Leicester & Nuneaton,Merchant Channel,Two-person,5 Days,Tuesday|Thursday|Friday
LE21,TKC01 Leicester & Nuneaton,Merchant Channel,Two-person,5 Days,Tuesday|Thursday|Friday
LE3,TKC01 Leicester & Nuneaton,Merchant Channel,Two-person,5 Days,Tuesday|Thursday|Friday
LE4,TKC01 Leicester & Nuneaton,Merchant Channel,Two-person,5 Days,Tuesday|Thursday|Friday
LE41,TKC01 Leicester & Nuneaton,Merchant Channel,Two-person,5 Days,Tuesday|Thursday|Friday
LE5,TKC01 Leicester & Nuneaton,Merchant Channel,Two-person,5 Days,Tuesday|Thursday|Friday
LE55,TKC01 Leicester & Nuneaton,Merchant Channel,Two-person,5 Days,Tuesday|Thursday|Friday
LE6,TKC01 Leicester & Nuneaton,Merchant Channel,Two-person,5 Days,Tuesday|Thursday|Friday
LE65,TKC01 Leicester & Nuneaton,Merchant Channel,Two-person,5 Days,Tuesday|Thursday|Friday
LE67,TKC01 Leicester & Nuneaton,Merchant Channel,Two-person,5 Days,Tuesday|Thursday|Friday
LE7,TKC01 Leicester & Nuneaton,Merchant Channel,Two-person,5 Days,Tuesday|Thursday|Friday
LE8,TKC01 Leicester & Nuneaton,Merchant Channel,Two-person,5 Days,Tuesday|Thursday|Friday
LE87,TKC01 Leicester & Nuneaton,Merchant Channel,Two-person,5 Days,Tuesday|Thursday|Friday
LE9,TKC01 Leicester & Nuneaton,Merchant Channel,Two-person,5 Days,Tuesday|Thursday|Friday
LE95,TKC01 Leicester & Nuneaton,Merchant Channel,Two-person,5 Days,Tuesday|Thursday|Friday
CV1,TKC01 Leicester & Nuneaton,Retail Channel,Two-person,21 Days,Tuesday|Thursday|Friday
CV10,TKC01 Leicester & Nuneaton,Retail Channel,Two-person,21 Days,Tuesday|Thursday|Friday
CV11,TKC01 Leicester & Nuneaton,Retail Channel,Two-person,21 Days,Tuesday|Thursday|Friday
CV12,TKC01 Leicester & Nuneaton,Retail Channel,Two-person,21 Days,Tuesday|Thursday|Friday
CV13,TKC01 Leicester & Nuneaton,Retail Channel,Two-person,21 Days,Tuesday|Thursday|Friday
CV2,TKC01 Leicester & Nuneaton,Retail Channel,Two-person,21 Days,Tuesday|Thursday|Friday
CV21,TKC01 Leicester & Nuneaton,Retail Channel,Two-person,21 Days,Tuesday|Thursday|Friday
CV22,TKC01 Leicester & Nuneaton,Retail Channel,Two-person,21 Days,Tuesday|Thursday|Friday
CV23,TKC01 Leicester & Nuneaton,Retail Channel,Two-person,21 Days,Tuesday|Thursday|Friday
CV3,TKC01 Leicester & Nuneaton,Retail Channel,Two-person,21 Days,Tuesday|Thursday|Friday
CV31,TKC01 Leicester & Nuneaton,Retail Channel,Two-person,21 Days,Tuesday|Thursday|Friday
CV32,TKC01 Leicester & Nuneaton,Retail Channel,Two-person,21 Days,Tuesday|Thursday|Friday
CV33,TKC01 Leicester & Nuneaton,Retail Channel,Two-person,21 Days,Tuesday|Thursday|Friday
CV34,TKC01 Leicester & Nuneaton,Retail Channel,Two-person,21 Days,Tuesday|Thursday|Friday
CV35,TKC01 Leicester & Nuneaton,Retail Channel,Two-person,21 Days,Tuesday|Thursday|Friday
CV36,TKC01 Leicester & Nuneaton,Retail Channel,Two-person,21 Days,Tuesday|Thursday|Friday
CV37,TKC01 Leicester & Nuneaton,Retail Channel,Two-person,21 Days,Tuesday|Thursday|Friday
CV4,TKC01 Leicester & Nuneaton,Retail Channel,Two-person,21 Days,Tuesday|Thursday|Friday
CV47,TKC01 Leicester & Nuneaton,Retail Channel,Two-person,21 Days,Tuesday|Thursday|Friday
CV5,TKC01 Leicester & Nuneaton,Retail Channel,Two-person,21 Days,Tuesday|Thursday|Friday
CV6,TKC01 Leicester & Nuneaton,Retail Channel,Two-person,21 Days,Tuesday|Thursday|Friday
CV7,TKC01 Leicester & Nuneaton,Retail Channel,Two-person,21 Days,Tuesday|Thursday|Friday
CV8,TKC01 Leicester & Nuneaton,Retail Channel,Two-person,21 Days,Tuesday|Thursday|Friday
CV9,TKC01 Leicester & Nuneaton,Retail Channel,Two-person,21 Days,Tuesday|Thursday|Friday
DE11,TKC01 Leicester & Nuneaton,Retail Channel,Two-person,21 Days,Tuesday|Thursday|Friday
DE12,TKC01 Leicester & Nuneaton,Retail Channel,Two-person,21 Days,Tuesday|Thursday|Friday
DE13,TKC01 Leicester & Nuneaton,Retail Channel,Two-person,21 Days,Tuesday|Thursday|Friday
DE14,TKC01 Leicester & Nuneaton,Retail Channel,Two-person,21 Days,Tuesday|Thursday|Friday
DE15,TKC01 Leicester & Nuneaton,Retail Channel,Two-person,21 Days,Tuesday|Thursday|Friday
LE1,TKC01 Leicester & Nuneaton,Retail Channel,Two-person,21 Days,Tuesday|Thursday|Friday
LE10,TKC01 Leicester & Nuneaton,Retail Channel,Two-person,21 Days,Tuesday|Thursday|Friday
LE11,TKC01 Leicester & Nuneaton,Retail Channel,Two-person,21 Days,Tuesday|Thursday|Friday
LE12,TKC01 Leicester & Nuneaton,Retail Channel,Two-person,21 Days,Tuesday|Thursday|Friday
LE13,TKC01 Leicester & Nuneaton,Retail Channel,Two-person,21 Days,Tuesday|Thursday|Friday
LE14,TKC01 Leicester & Nuneaton,Retail Channel,Two-person,21 Days,Tuesday|Thursday|Friday
LE17,TKC01 Leicester & Nuneaton,Retail Channel,Two-person,21 Days,Tuesday|Thursday|Friday
LE18,TKC01 Leicester & Nuneaton,Retail Channel,Two-person,21 Days,Tuesday|Thursday|Friday
LE19,TKC01 Leicester & Nuneaton,Retail Channel,Two-person,21 Days,Tuesday|Thursday|Friday
LE2,TKC01 Leicester & Nuneaton,Retail Channel,Two-person,21 Days,Tuesday|Thursday|Friday
LE21,TKC01 Leicester & Nuneaton,Retail Channel,Two-person,21 Days,Tuesday|Thursday|Friday
LE3,TKC01 Leicester & Nuneaton,Retail Channel,Two-person,21 Days,Tuesday|Thursday|Friday
LE4,TKC01 Leicester & Nuneaton,Retail Channel,Two-person,21 Days,Tuesday|Thursday|Friday
LE41,TKC01 Leicester & Nuneaton,Retail Channel,Two-person,21 Days,Tuesday|Thursday|Friday
LE5,TKC01 Leicester & Nuneaton,Retail Channel,Two-person,21 Days,Tuesday|Thursday|Friday
LE55,TKC01 Leicester & Nuneaton,Retail Channel,Two-person,21 Days,Tuesday|Thursday|Friday
LE6,TKC01 Leicester & Nuneaton,Retail Channel,Two-person,21 Days,Tuesday|Thursday|Friday
LE65,TKC01 Leicester & Nuneaton,Retail Channel,Two-person,21 Days,Tuesday|Thursday|Friday
LE67,TKC01 Leicester & Nuneaton,Retail Channel,Two-person,21 Days,Tuesday|Thursday|Friday
LE7,TKC01 Leicester & Nuneaton,Retail Channel,Two-person,21 Days,Tuesday|Thursday|Friday
LE8,TKC01 Leicester & Nuneaton,Retail Channel,Two-person,21 Days,Tuesday|Thursday|Friday
LE87,TKC01 Leicester & Nuneaton,Retail Channel,Two-person,21 Days,Tuesday|Thursday|Friday
LE9,TKC01 Leicester & Nuneaton,Retail Channel,Two-person,21 Days,Tuesday|Thursday|Friday
LE95,TKC01 Leicester & Nuneaton,Retail Channel,Two-person,21 Days,Tuesday|Thursday|Friday
LN1,TKC01 Lincoln,Component Channel,One-person,1 Day,Wednesday|Friday
LN10,TKC01 Lincoln,Component Channel,One-person,1 Day,Wednesday|Friday
LN11,TKC01 Lincoln,Component Channel,One-person,1 Day,Wednesday|Friday
LN12,TKC01 Lincoln,Component Channel,One-person,1 Day,Wednesday|Friday
LN13,TKC01 Lincoln,Component Channel,One-person,1 Day,Wednesday|Friday
LN2,TKC01 Lincoln,Component Channel,One-person,1 Day,Wednesday|Friday
LN3,TKC01 Lincoln,Component Channel,One-person,1 Day,Wednesday|Friday
LN4,TKC01 Lincoln,Component Channel,One-person,1 Day,Wednesday|Friday
LN5,TKC01 Lincoln,Component Channel,One-person,1 Day,Wednesday|Friday
LN6,TKC01 Lincoln,Component Channel,One-person,1 Day,Wednesday|Friday
LN7,TKC01 Lincoln,Component Channel,One-person,1 Day,Wednesday|Friday
LN8,TKC01 Lincoln,Component Channel,One-person,1 Day,Wednesday|Friday
LN9,TKC01 Lincoln,Component Channel,One-person,1 Day,Wednesday|Friday
PE22,TKC01 Lincoln,Component Channel,One-person,2 Days,Wednesday|Friday
PE23,TKC01 Lincoln,Component Channel,One-person,2 Days,Wednesday|Friday
PE24,TKC01 Lincoln,Component Channel,One-person,2 Days,Wednesday|Friday
PE25,TKC01 Lincoln,Component Channel,One-person,2 Days,Wednesday|Friday
LN1,TKC01 Lincoln,Jigsaw Channel,Two-person,5 Days,Wednesday|Friday
LN10,TKC01 Lincoln,Jigsaw Channel,Two-person,5 Days,Wednesday|Friday
LN11,TKC01 Lincoln,Jigsaw Channel,Two-person,5 Days,Wednesday|Friday
LN12,TKC01 Lincoln,Jigsaw Channel,Two-person,5 Days,Wednesday|Friday
LN13,TKC01 Lincoln,Jigsaw Channel,Two-person,5 Days,Wednesday|Friday
LN2,TKC01 Lincoln,Jigsaw Channel,Two-person,5 Days,Wednesday|Friday
LN3,TKC01 Lincoln,Jigsaw Channel,Two-person,5 Days,Wednesday|Friday
LN4,TKC01 Lincoln,Jigsaw Channel,Two-person,5 Days,Wednesday|Friday
LN5,TKC01 Lincoln,Jigsaw Channel,Two-person,5 Days,Wednesday|Friday
LN6,TKC01 Lincoln,Jigsaw Channel,Two-person,5 Days,Wednesday|Friday
LN7,TKC01 Lincoln,Jigsaw Channel,Two-person,5 Days,Wednesday|Friday
LN8,TKC01 Lincoln,Jigsaw Channel,Two-person,5 Days,Wednesday|Friday
LN9,TKC01 Lincoln,Jigsaw Channel,Two-person,5 Days,Wednesday|Friday
PE22,TKC01 Lincoln,Jigsaw Channel,Two-person,5 Days,Wednesday|Friday
PE23,TKC01 Lincoln,Jigsaw Channel,Two-person,5 Days,Wednesday|Friday
PE24,TKC01 Lincoln,Jigsaw Channel,Two-person,5 Days,Wednesday|Friday
PE25,TKC01 Lincoln,Jigsaw Channel,Two-person,5 Days,Wednesday|Friday
LN1,TKC01 Lincoln,Merchant Channel,Two-person,5 Days,Wednesday|Friday
LN10,TKC01 Lincoln,Merchant Channel,Two-person,5 Days,Wednesday|Friday
LN11,TKC01 Lincoln,Merchant Channel,Two-person,5 Days,Wednesday|Friday
LN12,TKC01 Lincoln,Merchant Channel,Two-person,5 Days,Wednesday|Friday
LN13,TKC01 Lincoln,Merchant Channel,Two-person,5 Days,Wednesday|Friday
LN2,TKC01 Lincoln,Merchant Channel,Two-person,5 Days,Wednesday|Friday
LN3,TKC01 Lincoln,Merchant Channel,Two-person,5 Days,Wednesday|Friday
LN4,TKC01 Lincoln,Merchant Channel,Two-person,5 Days,Wednesday|Friday
LN5,TKC01 Lincoln,Merchant Channel,Two-person,5 Days,Wednesday|Friday
LN6,TKC01 Lincoln,Merchant Channel,Two-person,5 Days,Wednesday|Friday
LN7,TKC01 Lincoln,Merchant Channel,Two-person,5 Days,Wednesday|Friday
LN8,TKC01 Lincoln,Merchant Channel,Two-person,5 Days,Wednesday|Friday
LN9,TKC01 Lincoln,Merchant Channel,Two-person,5 Days,Wednesday|Friday
PE22,TKC01 Lincoln,Merchant Channel,Two-person,5 Days,Wednesday|Friday
PE23,TKC01 Lincoln,Merchant Channel,Two-person,5 Days,Wednesday|Friday
PE24,TKC01 Lincoln,Merchant Channel,Two-person,5 Days,Wednesday|Friday
PE25,TKC01 Lincoln,Merchant Channel,Two-person,5 Days,Wednesday|Friday
LN1,TKC01 Lincoln,Retail Channel,Two-person,21 Days,Wednesday|Friday
LN10,TKC01 Lincoln,Retail Channel,Two-person,21 Days,Wednesday|Friday
LN11,TKC01 Lincoln,Retail Channel,Two-person,21 Days,Wednesday|Friday
LN12,TKC01 Lincoln,Retail Channel,Two-person,21 Days,Wednesday|Friday
LN13,TKC01 Lincoln,Retail Channel,Two-person,21 Days,Wednesday|Friday
LN2,TKC01 Lincoln,Retail Channel,Two-person,21 Days,Wednesday|Friday
LN3,TKC01 Lincoln,Retail Channel,Two-person,21 Days,Wednesday|Friday
LN4,TKC01 Lincoln,Retail Channel,Two-person,21 Days,Wednesday|Friday
LN5,TKC01 Lincoln,Retail Channel,Two-person,21 Days,Wednesday|Friday
LN6,TKC01 Lincoln,Retail Channel,Two-person,21 Days,Wednesday|Friday
LN7,TKC01 Lincoln,Retail Channel,Two-person,21 Days,Wednesday|Friday
LN8,TKC01 Lincoln,Retail Channel,Two-person,21 Days,Wednesday|Friday
LN9,TKC01 Lincoln,Retail Channel,Two-person,21 Days,Wednesday|Friday
PE22,TKC01 Lincoln,Retail Channel,Two-person,21 Days,Wednesday|Friday
PE23,TKC01 Lincoln,Retail Channel,Two-person,21 Days,Wednesday|Friday
PE24,TKC01 Lincoln,Retail Channel,Two-person,21 Days,Wednesday|Friday
PE25,TKC01 Lincoln,Retail Channel,Two-person,21 Days,Wednesday|Friday
L1,TKC01 Liverpool (A),Component Channel,One-person,1 Day,Tuesday|Wednesday|Thursday|Friday
L10,TKC01 Liverpool (A),Component Channel,One-person,1 Day,Tuesday|Wednesday|Thursday|Friday
L11,TKC01 Liverpool (A),Component Channel,One-person,1 Day,Tuesday|Wednesday|Thursday|Friday
L12,TKC01 Liverpool (A),Component Channel,One-person,1 Day,Tuesday|Wednesday|Thursday|Friday
L13,TKC01 Liverpool (A),Component Channel,One-person,1 Day,Tuesday|Wednesday|Thursday|Friday
L14,TKC01 Liverpool (A),Component Channel,One-person,1 Day,Tuesday|Wednesday|Thursday|Friday
L15,TKC01 Liverpool (A),Component Channel,One-person,1 Day,Tuesday|Wednesday|Thursday|Friday
L16,TKC01 Liverpool (A),Component Channel,One-person,1 Day,Tuesday|Wednesday|Thursday|Friday
L17,TKC01 Liverpool (A),Component Channel,One-person,1 Day,Tuesday|Wednesday|Thursday|Friday
L18,TKC01 Liverpool (A),Component Channel,One-person,1 Day,Tuesday|Wednesday|Thursday|Friday
L19,TKC01 Liverpool (A),Component Channel,One-person,1 Day,Tuesday|Wednesday|Thursday|Friday
L2,TKC01 Liverpool (A),Component Channel,One-person,1 Day,Tuesday|Wednesday|Thursday|Friday
L20,TKC01 Liverpool (A),Component Channel,One-person,1 Day,Tuesday|Wednesday|Thursday|Friday
L21,TKC01 Liverpool (A),Component Channel,One-person,1 Day,Tuesday|Wednesday|Thursday|Friday
L22,TKC01 Liverpool (A),Component Channel,One-person,1 Day,Tuesday|Wednesday|Thursday|Friday
L23,TKC01 Liverpool (A),Component Channel,One-person,1 Day,Tuesday|Wednesday|Thursday|Friday
L24,TKC01 Liverpool (A),Component Channel,One-person,1 Day,Tuesday|Wednesday|Thursday|Friday
L25,TKC01 Liverpool (A),Component Channel,One-person,1 Day,Tuesday|Wednesday|Thursday|Friday
L26,TKC01 Liverpool (A),Component Channel,One-person,1 Day,Tuesday|Wednesday|Thursday|Friday
L27,TKC01 Liverpool (A),Component Channel,One-person,1 Day,Tuesday|Wednesday|Thursday|Friday
L28,TKC01 Liverpool (A),Component Channel,One-person,1 Day,Tuesday|Wednesday|Thursday|Friday
L29,TKC01 Liverpool (A),Component Channel,One-person,1 Day,Tuesday|Wednesday|Thursday|Friday
L3,TKC01 Liverpool (A),Component Channel,One-person,1 Day,Tuesday|Wednesday|Thursday|Friday
L30,TKC01 Liverpool (A),Component Channel,One-person,1 Day,Tuesday|Wednesday|Thursday|Friday
L32,TKC01 Liverpool (A),Component Channel,One-person,1 Day,Tuesday|Wednesday|Thursday|Friday
L33,TKC01 Liverpool (A),Component Channel,One-person,1 Day,Tuesday|Wednesday|Thursday|Friday
L34,TKC01 Liverpool (A),Component Channel,One-person,1 Day,Tuesday|Wednesday|Thursday|Friday
L35,TKC01 Liverpool (A),Component Channel,One-person,1 Day,Tuesday|Wednesday|Thursday|Friday
L36,TKC01 Liverpool (A),Component Channel,One-person,1 Day,Tuesday|Wednesday|Thursday|Friday
L4,TKC01 Liverpool (A),Component Channel,One-person,1 Day,Tuesday|Wednesday|Thursday|Friday
L5,TKC01 Liverpool (A),Component Channel,One-person,1 Day,Tuesday|Wednesday|Thursday|Friday
L6,TKC01 Liverpool (A),Component Channel,One-person,1 Day,Tuesday|Wednesday|Thursday|Friday
L67,TKC01 Liverpool (A),Component Channel,One-person,1 Day,Tuesday|Wednesday|Thursday|Friday
L68,TKC01 Liverpool (A),Component Channel,One-person,1 Day,Tuesday|Wednesday|Thursday|Friday
L69,TKC01 Liverpool (A),Component Channel,One-person,1 Day,Tuesday|Wednesday|Thursday|Friday
L7,TKC01 Liverpool (A),Component Channel,One-person,1 Day,Tuesday|Wednesday|Thursday|Friday
L70,TKC01 Liverpool (A),Component Channel,One-person,1 Day,Tuesday|Wednesday|Thursday|Friday
L71,TKC01 Liverpool (A),Component Channel,One-person,1 Day,Tuesday|Wednesday|Thursday|Friday
L72,TKC01 Liverpool (A),Component Channel,One-person,1 Day,Tuesday|Wednesday|Thursday|Friday
L73,TKC01 Liverpool (A),Component Channel,One-person,1 Day,Tuesday|Wednesday|Thursday|Friday
L74,TKC01 Liverpool (A),Component Channel,One-person,1 Day,Tuesday|Wednesday|Thursday|Friday
L75,TKC01 Liverpool (A),Component Channel,One-person,1 Day,Tuesday|Wednesday|Thursday|Friday
L8,TKC01 Liverpool (A),Component Channel,One-person,1 Day,Tuesday|Wednesday|Thursday|Friday
L80,TKC01 Liverpool (A),Component Channel,One-person,1 Day,Tuesday|Wednesday|Thursday|Friday
L9,TKC01 Liverpool (A),Component Channel,One-person,1 Day,Tuesday|Wednesday|Thursday|Friday
L31,TKC01 Liverpool (B),Component Channel,One-person,1 Day,Tuesday|Thursday|Friday
L37,TKC01 Liverpool (B),Component Channel,One-person,1 Day,Tuesday|Thursday|Friday
L38,TKC01 Liverpool (B),Component Channel,One-person,1 Day,Tuesday|Thursday|Friday
WA8,TKC01 Liverpool (A),Component Channel,One-person,1 Day,Tuesday|Wednesday|Thursday|Friday
L1,TKC01 Liverpool (A),Jigsaw Channel,Two-person,5 Days,Tuesday|Wednesday|Thursday|Friday
L10,TKC01 Liverpool (A),Jigsaw Channel,Two-person,5 Days,Tuesday|Wednesday|Thursday|Friday
L11,TKC01 Liverpool (A),Jigsaw Channel,Two-person,5 Days,Tuesday|Wednesday|Thursday|Friday
L12,TKC01 Liverpool (A),Jigsaw Channel,Two-person,5 Days,Tuesday|Wednesday|Thursday|Friday
L13,TKC01 Liverpool (A),Jigsaw Channel,Two-person,5 Days,Tuesday|Wednesday|Thursday|Friday
L14,TKC01 Liverpool (A),Jigsaw Channel,Two-person,5 Days,Tuesday|Wednesday|Thursday|Friday
L15,TKC01 Liverpool (A),Jigsaw Channel,Two-person,5 Days,Tuesday|Wednesday|Thursday|Friday
L16,TKC01 Liverpool (A),Jigsaw Channel,Two-person,5 Days,Tuesday|Wednesday|Thursday|Friday
L17,TKC01 Liverpool (A),Jigsaw Channel,Two-person,5 Days,Tuesday|Wednesday|Thursday|Friday
L18,TKC01 Liverpool (A),Jigsaw Channel,Two-person,5 Days,Tuesday|Wednesday|Thursday|Friday
L19,TKC01 Liverpool (A),Jigsaw Channel,Two-person,5 Days,Tuesday|Wednesday|Thursday|Friday
L2,TKC01 Liverpool (A),Jigsaw Channel,Two-person,5 Days,Tuesday|Wednesday|Thursday|Friday
L20,TKC01 Liverpool (A),Jigsaw Channel,Two-person,5 Days,Tuesday|Wednesday|Thursday|Friday
L21,TKC01 Liverpool (A),Jigsaw Channel,Two-person,5 Days,Tuesday|Wednesday|Thursday|Friday
L22,TKC01 Liverpool (A),Jigsaw Channel,Two-person,5 Days,Tuesday|Wednesday|Thursday|Friday
L23,TKC01 Liverpool (A),Jigsaw Channel,Two-person,5 Days,Tuesday|Wednesday|Thursday|Friday
L24,TKC01 Liverpool (A),Jigsaw Channel,Two-person,5 Days,Tuesday|Wednesday|Thursday|Friday
L25,TKC01 Liverpool (A),Jigsaw Channel,Two-person,5 Days,Tuesday|Wednesday|Thursday|Friday
L26,TKC01 Liverpool (A),Jigsaw Channel,Two-person,5 Days,Tuesday|Wednesday|Thursday|Friday
L27,TKC01 Liverpool (A),Jigsaw Channel,Two-person,5 Days,Tuesday|Wednesday|Thursday|Friday
L28,TKC01 Liverpool (A),Jigsaw Channel,Two-person,5 Days,Tuesday|Wednesday|Thursday|Friday
L29,TKC01 Liverpool (A),Jigsaw Channel,Two-person,5 Days,Tuesday|Wednesday|Thursday|Friday
L3,TKC01 Liverpool (A),Jigsaw Channel,Two-person,5 Days,Tuesday|Wednesday|Thursday|Friday
L30,TKC01 Liverpool (A),Jigsaw Channel,Two-person,5 Days,Tuesday|Wednesday|Thursday|Friday
L32,TKC01 Liverpool (A),Jigsaw Channel,Two-person,5 Days,Tuesday|Wednesday|Thursday|Friday
L33,TKC01 Liverpool (A),Jigsaw Channel,Two-person,5 Days,Tuesday|Wednesday|Thursday|Friday
L34,TKC01 Liverpool (A),Jigsaw Channel,Two-person,5 Days,Tuesday|Wednesday|Thursday|Friday
L35,TKC01 Liverpool (A),Jigsaw Channel,Two-person,5 Days,Tuesday|Wednesday|Thursday|Friday
L36,TKC01 Liverpool (A),Jigsaw Channel,Two-person,5 Days,Tuesday|Wednesday|Thursday|Friday
L4,TKC01 Liverpool (A),Jigsaw Channel,Two-person,5 Days,Tuesday|Wednesday|Thursday|Friday
L5,TKC01 Liverpool (A),Jigsaw Channel,Two-person,5 Days,Tuesday|Wednesday|Thursday|Friday
L6,TKC01 Liverpool (A),Jigsaw Channel,Two-person,5 Days,Tuesday|Wednesday|Thursday|Friday
L67,TKC01 Liverpool (A),Jigsaw Channel,Two-person,5 Days,Tuesday|Wednesday|Thursday|Friday
L68,TKC01 Liverpool (A),Jigsaw Channel,Two-person,5 Days,Tuesday|Wednesday|Thursday|Friday
L69,TKC01 Liverpool (A),Jigsaw Channel,Two-person,5 Days,Tuesday|Wednesday|Thursday|Friday
L7,TKC01 Liverpool (A),Jigsaw Channel,Two-person,5 Days,Tuesday|Wednesday|Thursday|Friday
L70,TKC01 Liverpool (A),Jigsaw Channel,Two-person,5 Days,Tuesday|Wednesday|Thursday|Friday
L71,TKC01 Liverpool (A),Jigsaw Channel,Two-person,5 Days,Tuesday|Wednesday|Thursday|Friday
L72,TKC01 Liverpool (A),Jigsaw Channel,Two-person,5 Days,Tuesday|Wednesday|Thursday|Friday
L73,TKC01 Liverpool (A),Jigsaw Channel,Two-person,5 Days,Tuesday|Wednesday|Thursday|Friday
L74,TKC01 Liverpool (A),Jigsaw Channel,Two-person,5 Days,Tuesday|Wednesday|Thursday|Friday
L75,TKC01 Liverpool (A),Jigsaw Channel,Two-person,5 Days,Tuesday|Wednesday|Thursday|Friday
L8,TKC01 Liverpool (A),Jigsaw Channel,Two-person,5 Days,Tuesday|Wednesday|Thursday|Friday
L80,TKC01 Liverpool (A),Jigsaw Channel,Two-person,5 Days,Tuesday|Wednesday|Thursday|Friday
L9,TKC01 Liverpool (A),Jigsaw Channel,Two-person,5 Days,Tuesday|Wednesday|Thursday|Friday
L31,TKC01 Liverpool (B),Jigsaw Channel,Two-person,5 Days,Tuesday|Thursday|Friday
L37,TKC01 Liverpool (B),Jigsaw Channel,Two-person,5 Days,Tuesday|Thursday|Friday
L38,TKC01 Liverpool (B),Jigsaw Channel,Two-person,5 Days,Tuesday|Thursday|Friday
WA8,TKC01 Liverpool (A),Jigsaw Channel,Two-person,5 Days,Tuesday|Wednesday|Thursday|Friday
L1,TKC01 Liverpool (A),Merchant Channel,Two-person,5 Days,Tuesday|Wednesday|Thursday|Friday
L10,TKC01 Liverpool (A),Merchant Channel,Two-person,5 Days,Tuesday|Wednesday|Thursday|Friday
L11,TKC01 Liverpool (A),Merchant Channel,Two-person,5 Days,Tuesday|Wednesday|Thursday|Friday
L12,TKC01 Liverpool (A),Merchant Channel,Two-person,5 Days,Tuesday|Wednesday|Thursday|Friday
L13,TKC01 Liverpool (A),Merchant Channel,Two-person,5 Days,Tuesday|Wednesday|Thursday|Friday
L14,TKC01 Liverpool (A),Merchant Channel,Two-person,5 Days,Tuesday|Wednesday|Thursday|Friday
L15,TKC01 Liverpool (A),Merchant Channel,Two-person,5 Days,Tuesday|Wednesday|Thursday|Friday
L16,TKC01 Liverpool (A),Merchant Channel,Two-person,5 Days,Tuesday|Wednesday|Thursday|Friday
L17,TKC01 Liverpool (A),Merchant Channel,Two-person,5 Days,Tuesday|Wednesday|Thursday|Friday
L18,TKC01 Liverpool (A),Merchant Channel,Two-person,5 Days,Tuesday|Wednesday|Thursday|Friday
L19,TKC01 Liverpool (A),Merchant Channel,Two-person,5 Days,Tuesday|Wednesday|Thursday|Friday
L2,TKC01 Liverpool (A),Merchant Channel,Two-person,5 Days,Tuesday|Wednesday|Thursday|Friday
L20,TKC01 Liverpool (A),Merchant Channel,Two-person,5 Days,Tuesday|Wednesday|Thursday|Friday
L21,TKC01 Liverpool (A),Merchant Channel,Two-person,5 Days,Tuesday|Wednesday|Thursday|Friday
L22,TKC01 Liverpool (A),Merchant Channel,Two-person,5 Days,Tuesday|Wednesday|Thursday|Friday
L23,TKC01 Liverpool (A),Merchant Channel,Two-person,5 Days,Tuesday|Wednesday|Thursday|Friday
L24,TKC01 Liverpool (A),Merchant Channel,Two-person,5 Days,Tuesday|Wednesday|Thursday|Friday
L25,TKC01 Liverpool (A),Merchant Channel,Two-person,5 Days,Tuesday|Wednesday|Thursday|Friday
L26,TKC01 Liverpool (A),Merchant Channel,Two-person,5 Days,Tuesday|Wednesday|Thursday|Friday
L27,TKC01 Liverpool (A),Merchant Channel,Two-person,5 Days,Tuesday|Wednesday|Thursday|Friday
L28,TKC01 Liverpool (A),Merchant Channel,Two-person,5 Days,Tuesday|Wednesday|Thursday|Friday
L29,TKC01 Liverpool (A),Merchant Channel,Two-person,5 Days,Tuesday|Wednesday|Thursday|Friday
L3,TKC01 Liverpool (A),Merchant Channel,Two-person,5 Days,Tuesday|Wednesday|Thursday|Friday
L30,TKC01 Liverpool (A),Merchant Channel,Two-person,5 Days,Tuesday|Wednesday|Thursday|Friday
L32,TKC01 Liverpool (A),Merchant Channel,Two-person,5 Days,Tuesday|Wednesday|Thursday|Friday
L33,TKC01 Liverpool (A),Merchant Channel,Two-person,5 Days,Tuesday|Wednesday|Thursday|Friday
L34,TKC01 Liverpool (A),Merchant Channel,Two-person,5 Days,Tuesday|Wednesday|Thursday|Friday
L35,TKC01 Liverpool (A),Merchant Channel,Two-person,5 Days,Tuesday|Wednesday|Thursday|Friday
L36,TKC01 Liverpool (A),Merchant Channel,Two-person,5 Days,Tuesday|Wednesday|Thursday|Friday
L4,TKC01 Liverpool (A),Merchant Channel,Two-person,5 Days,Tuesday|Wednesday|Thursday|Friday
L5,TKC01 Liverpool (A),Merchant Channel,Two-person,5 Days,Tuesday|Wednesday|Thursday|Friday
L6,TKC01 Liverpool (A),Merchant Channel,Two-person,5 Days,Tuesday|Wednesday|Thursday|Friday
L67,TKC01 Liverpool (A),Merchant Channel,Two-person,5 Days,Tuesday|Wednesday|Thursday|Friday
L68,TKC01 Liverpool (A),Merchant Channel,Two-person,5 Days,Tuesday|Wednesday|Thursday|Friday
L69,TKC01 Liverpool (A),Merchant Channel,Two-person,5 Days,Tuesday|Wednesday|Thursday|Friday
L7,TKC01 Liverpool (A),Merchant Channel,Two-person,5 Days,Tuesday|Wednesday|Thursday|Friday
L70,TKC01 Liverpool (A),Merchant Channel,Two-person,5 Days,Tuesday|Wednesday|Thursday|Friday
L71,TKC01 Liverpool (A),Merchant Channel,Two-person,5 Days,Tuesday|Wednesday|Thursday|Friday
L72,TKC01 Liverpool (A),Merchant Channel,Two-person,5 Days,Tuesday|Wednesday|Thursday|Friday
L73,TKC01 Liverpool (A),Merchant Channel,Two-person,5 Days,Tuesday|Wednesday|Thursday|Friday
L74,TKC01 Liverpool (A),Merchant Channel,Two-person,5 Days,Tuesday|Wednesday|Thursday|Friday
L75,TKC01 Liverpool (A),Merchant Channel,Two-person,5 Days,Tuesday|Wednesday|Thursday|Friday
L8,TKC01 Liverpool (A),Merchant Channel,Two-person,5 Days,Tuesday|Wednesday|Thursday|Friday
L80,TKC01 Liverpool (A),Merchant Channel,Two-person,5 Days,Tuesday|Wednesday|Thursday|Friday
L9,TKC01 Liverpool (A),Merchant Channel,Two-person,5 Days,Tuesday|Wednesday|Thursday|Friday
L31,TKC01 Liverpool (B),Merchant Channel,Two-person,5 Days,Tuesday|Thursday|Friday
L37,TKC01 Liverpool (B),Merchant Channel,Two-person,5 Days,Tuesday|Thursday|Friday
L38,TKC01 Liverpool (B),Merchant Channel,Two-person,5 Days,Tuesday|Thursday|Friday
WA8,TKC01 Liverpool (A),Merchant Channel,Two-person,5 Days,Tuesday|Wednesday|Thursday|Friday
L1,TKC01 Liverpool (A),Retail Channel,Two-person,21 Days,Tuesday|Wednesday|Thursday|Friday
L10,TKC01 Liverpool (A),Retail Channel,Two-person,21 Days,Tuesday|Wednesday|Thursday|Friday
L11,TKC01 Liverpool (A),Retail Channel,Two-person,21 Days,Tuesday|Wednesday|Thursday|Friday
L12,TKC01 Liverpool (A),Retail Channel,Two-person,21 Days,Tuesday|Wednesday|Thursday|Friday
L13,TKC01 Liverpool (A),Retail Channel,Two-person,21 Days,Tuesday|Wednesday|Thursday|Friday
L14,TKC01 Liverpool (A),Retail Channel,Two-person,21 Days,Tuesday|Wednesday|Thursday|Friday
L15,TKC01 Liverpool (A),Retail Channel,Two-person,21 Days,Tuesday|Wednesday|Thursday|Friday
L16,TKC01 Liverpool (A),Retail Channel,Two-person,21 Days,Tuesday|Wednesday|Thursday|Friday
L17,TKC01 Liverpool (A),Retail Channel,Two-person,21 Days,Tuesday|Wednesday|Thursday|Friday
L18,TKC01 Liverpool (A),Retail Channel,Two-person,21 Days,Tuesday|Wednesday|Thursday|Friday
L19,TKC01 Liverpool (A),Retail Channel,Two-person,21 Days,Tuesday|Wednesday|Thursday|Friday
L2,TKC01 Liverpool (A),Retail Channel,Two-person,21 Days,Tuesday|Wednesday|Thursday|Friday
L20,TKC01 Liverpool (A),Retail Channel,Two-person,21 Days,Tuesday|Wednesday|Thursday|Friday
L21,TKC01 Liverpool (A),Retail Channel,Two-person,21 Days,Tuesday|Wednesday|Thursday|Friday
L22,TKC01 Liverpool (A),Retail Channel,Two-person,21 Days,Tuesday|Wednesday|Thursday|Friday
L23,TKC01 Liverpool (A),Retail Channel,Two-person,21 Days,Tuesday|Wednesday|Thursday|Friday
L24,TKC01 Liverpool (A),Retail Channel,Two-person,21 Days,Tuesday|Wednesday|Thursday|Friday
L25,TKC01 Liverpool (A),Retail Channel,Two-person,21 Days,Tuesday|Wednesday|Thursday|Friday
L26,TKC01 Liverpool (A),Retail Channel,Two-person,21 Days,Tuesday|Wednesday|Thursday|Friday
L27,TKC01 Liverpool (A),Retail Channel,Two-person,21 Days,Tuesday|Wednesday|Thursday|Friday
L28,TKC01 Liverpool (A),Retail Channel,Two-person,21 Days,Tuesday|Wednesday|Thursday|Friday
L29,TKC01 Liverpool (A),Retail Channel,Two-person,21 Days,Tuesday|Wednesday|Thursday|Friday
L3,TKC01 Liverpool (A),Retail Channel,Two-person,21 Days,Tuesday|Wednesday|Thursday|Friday
L30,TKC01 Liverpool (A),Retail Channel,Two-person,21 Days,Tuesday|Wednesday|Thursday|Friday
L32,TKC01 Liverpool (A),Retail Channel,Two-person,21 Days,Tuesday|Wednesday|Thursday|Friday
L33,TKC01 Liverpool (A),Retail Channel,Two-person,21 Days,Tuesday|Wednesday|Thursday|Friday
L34,TKC01 Liverpool (A),Retail Channel,Two-person,21 Days,Tuesday|Wednesday|Thursday|Friday
L35,TKC01 Liverpool (A),Retail Channel,Two-person,21 Days,Tuesday|Wednesday|Thursday|Friday
L36,TKC01 Liverpool (A),Retail Channel,Two-person,21 Days,Tuesday|Wednesday|Thursday|Friday
L4,TKC01 Liverpool (A),Retail Channel,Two-person,21 Days,Tuesday|Wednesday|Thursday|Friday
L5,TKC01 Liverpool (A),Retail Channel,Two-person,21 Days,Tuesday|Wednesday|Thursday|Friday
L6,TKC01 Liverpool (A),Retail Channel,Two-person,21 Days,Tuesday|Wednesday|Thursday|Friday
L67,TKC01 Liverpool (A),Retail Channel,Two-person,21 Days,Tuesday|Wednesday|Thursday|Friday
L68,TKC01 Liverpool (A),Retail Channel,Two-person,21 Days,Tuesday|Wednesday|Thursday|Friday
L69,TKC01 Liverpool (A),Retail Channel,Two-person,21 Days,Tuesday|Wednesday|Thursday|Friday
L7,TKC01 Liverpool (A),Retail Channel,Two-person,21 Days,Tuesday|Wednesday|Thursday|Friday
L70,TKC01 Liverpool (A),Retail Channel,Two-person,21 Days,Tuesday|Wednesday|Thursday|Friday
L71,TKC01 Liverpool (A),Retail Channel,Two-person,21 Days,Tuesday|Wednesday|Thursday|Friday
L72,TKC01 Liverpool (A),Retail Channel,Two-person,21 Days,Tuesday|Wednesday|Thursday|Friday
L73,TKC01 Liverpool (A),Retail Channel,Two-person,21 Days,Tuesday|Wednesday|Thursday|Friday
L74,TKC01 Liverpool (A),Retail Channel,Two-person,21 Days,Tuesday|Wednesday|Thursday|Friday
L75,TKC01 Liverpool (A),Retail Channel,Two-person,21 Days,Tuesday|Wednesday|Thursday|Friday
L8,TKC01 Liverpool (A),Retail Channel,Two-person,21 Days,Tuesday|Wednesday|Thursday|Friday
L80,TKC01 Liverpool (A),Retail Channel,Two-person,21 Days,Tuesday|Wednesday|Thursday|Friday
L9,TKC01 Liverpool (A),Retail Channel,Two-person,21 Days,Tuesday|Wednesday|Thursday|Friday
L31,TKC01 Liverpool (B),Retail Channel,Two-person,21 Days,Tuesday|Thursday|Friday
L37,TKC01 Liverpool (B),Retail Channel,Two-person,21 Days,Tuesday|Thursday|Friday
L38,TKC01 Liverpool (B),Retail Channel,Two-person,21 Days,Tuesday|Thursday|Friday
WA8,TKC01 Liverpool (A),Retail Channel,Two-person,21 Days,Tuesday|Wednesday|Thursday|Friday
BL0,TKC01 Manchester (A),Component Channel,One-person,1 Day,Tuesday|Wednesday|Thursday|Friday
BL1,TKC01 Manchester (A),Component Channel,One-person,1 Day,Tuesday|Wednesday|Thursday|Friday
BL11,TKC01 Manchester (A),Component Channel,One-person,1 Day,Tuesday|Wednesday|Thursday|Friday
BL2,TKC01 Manchester (A),Component Channel,One-person,1 Day,Tuesday|Wednesday|Thursday|Friday
BL3,TKC01 Manchester (A),Component Channel,One-person,1 Day,Tuesday|Wednesday|Thursday|Friday
BL4,TKC01 Manchester (A),Component Channel,One-person,1 Day,Tuesday|Wednesday|Thursday|Friday
BL7,TKC01 Manchester (A),Component Channel,One-person,1 Day,Tuesday|Wednesday|Thursday|Friday
BL78,TKC01 Manchester (A),Component Channel,One-person,1 Day,Tuesday|Wednesday|Thursday|Friday
BL8,TKC01 Manchester (A),Component Channel,One-person,1 Day,Tuesday|Wednesday|Thursday|Friday
BL9,TKC01 Manchester (A),Component Channel,One-person,1 Day,Tuesday|Wednesday|Thursday|Friday
M1,TKC01 Manchester (A),Component Channel,One-person,1 Day,Tuesday|Wednesday|Thursday|Friday
M10,TKC01 Manchester (A),Component Channel,One-person,1 Day,Tuesday|Wednesday|Thursday|Friday
M11,TKC01 Manchester (A),Component Channel,One-person,1 Day,Tuesday|Wednesday|Thursday|Friday
M12,TKC01 Manchester (A),Component Channel,One-person,1 Day,Tuesday|Wednesday|Thursday|Friday
M13,TKC01 Manchester (A),Component Channel,One-person,1 Day,Tuesday|Wednesday|Thursday|Friday
M14,TKC01 Manchester (A),Component Channel,One-person,1 Day,Tuesday|Wednesday|Thursday|Friday
M15,TKC01 Manchester (A),Component Channel,One-person,1 Day,Tuesday|Wednesday|Thursday|Friday
M16,TKC01 Manchester (A),Component Channel,One-person,1 Day,Tuesday|Wednesday|Thursday|Friday
M17,TKC01 Manchester (A),Component Channel,One-person,1 Day,Tuesday|Wednesday|Thursday|Friday
M18,TKC01 Manchester (A),Component Channel,One-person,1 Day,Tuesday|Wednesday|Thursday|Friday
M19,TKC01 Manchester (A),Component Channel,One-person,1 Day,Tuesday|Wednesday|Thursday|Friday
M2,TKC01 Manchester (A),Component Channel,One-person,1 Day,Tuesday|Wednesday|Thursday|Friday
M20,TKC01 Manchester (A),Component Channel,One-person,1 Day,Tuesday|Wednesday|Thursday|Friday
M21,TKC01 Manchester (A),Component Channel,One-person,1 Day,Tuesday|Wednesday|Thursday|Friday
M22,TKC01 Manchester (A),Component Channel,One-person,1 Day,Tuesday|Wednesday|Thursday|Friday
M23,TKC01 Manchester (A),Component Channel,One-person,1 Day,Tuesday|Wednesday|Thursday|Friday
M24,TKC01 Manchester (A),Component Channel,One-person,1 Day,Tuesday|Wednesday|Thursday|Friday
M25,TKC01 Manchester (A),Component Channel,One-person,1 Day,Tuesday|Wednesday|Thursday|Friday
M26,TKC01 Manchester (A),Component Channel,One-person,1 Day,Tuesday|Wednesday|Thursday|Friday
M27,TKC01 Manchester (A),Component Channel,One-person,1 Day,Tuesday|Wednesday|Thursday|Friday
M28,TKC01 Manchester (A),Component Channel,One-person,1 Day,Tuesday|Wednesday|Thursday|Friday
M3,TKC01 Manchester (A),Component Channel,One-person,1 Day,Tuesday|Wednesday|Thursday|Friday
M30,TKC01 Manchester (A),Component Channel,One-person,1 Day,Tuesday|Wednesday|Thursday|Friday
M31,TKC01 Manchester (A),Component Channel,One-person,1 Day,Tuesday|Wednesday|Thursday|Friday
M32,TKC01 Manchester (A),Component Channel,One-person,1 Day,Tuesday|Wednesday|Thursday|Friday
M33,TKC01 Manchester (A),Component Channel,One-person,1 Day,Tuesday|Wednesday|Thursday|Friday
M34,TKC01 Manchester (A),Component Channel,One-person,1 Day,Tuesday|Wednesday|Thursday|Friday
M35,TKC01 Manchester (A),Component Channel,One-person,1 Day,Tuesday|Wednesday|Thursday|Friday
M38,TKC01 Manchester (A),Component Channel,One-person,1 Day,Tuesday|Wednesday|Thursday|Friday
M4,TKC01 Manchester (A),Component Channel,One-person,1 Day,Tuesday|Wednesday|Thursday|Friday
M40,TKC01 Manchester (A),Component Channel,One-person,1 Day,Tuesday|Wednesday|Thursday|Friday
M41,TKC01 Manchester (A),Component Channel,One-person,1 Day,Tuesday|Wednesday|Thursday|Friday
M43,TKC01 Manchester (A),Component Channel,One-person,1 Day,Tuesday|Wednesday|Thursday|Friday
M44,TKC01 Manchester (A),Component Channel,One-person,1 Day,Tuesday|Wednesday|Thursday|Friday
M45,TKC01 Manchester (A),Component Channel,One-person,1 Day,Tuesday|Wednesday|Thursday|Friday
M5,TKC01 Manchester (A),Component Channel,One-person,1 Day,Tuesday|Wednesday|Thursday|Friday
M50,TKC01 Manchester (A),Component Channel,One-person,1 Day,Tuesday|Wednesday|Thursday|Friday
M52,TKC01 Manchester (A),Component Channel,One-person,1 Day,Tuesday|Wednesday|Thursday|Friday
M6,TKC01 Manchester (A),Component Channel,One-person,1 Day,Tuesday|Wednesday|Thursday|Friday
M60,TKC01 Manchester (A),Component Channel,One-person,1 Day,Tuesday|Wednesday|Thursday|Friday
M61,TKC01 Manchester (A),Component Channel,One-person,1 Day,Tuesday|Wednesday|Thursday|Friday
M7,TKC01 Manchester (A),Component Channel,One-person,1 Day,Tuesday|Wednesday|Thursday|Friday
M8,TKC01 Manchester (A),Component Channel,One-person,1 Day,Tuesday|Wednesday|Thursday|Friday
M9,TKC01 Manchester (A),Component Channel,One-person,1 Day,Tuesday|Wednesday|Thursday|Friday
M90,TKC01 Manchester (A),Component Channel,One-person,1 Day,Tuesday|Wednesday|Thursday|Friday
OL1,TKC01 Manchester (A),Component Channel,One-person,1 Day,Tuesday|Wednesday|Thursday|Friday
OL10,TKC01 Manchester (A),Component Channel,One-person,1 Day,Tuesday|Wednesday|Thursday|Friday
OL11,TKC01 Manchester (A),Component Channel,One-person,1 Day,Tuesday|Wednesday|Thursday|Friday
OL12,TKC01 Manchester (A),Component Channel,One-person,1 Day,Tuesday|Wednesday|Thursday|Friday
OL16,TKC01 Manchester (A),Component Channel,One-person,1 Day,Tuesday|Wednesday|Thursday|Friday
OL2,TKC01 Manchester (A),Component Channel,One-person,1 Day,Tuesday|Wednesday|Thursday|Friday
OL4,TKC01 Manchester (A),Component Channel,One-person,1 Day,Tuesday|Wednesday|Thursday|Friday
OL5,TKC01 Manchester (A),Component Channel,One-person,1 Day,Tuesday|Wednesday|Thursday|Friday
OL6,TKC01 Manchester (A),Component Channel,One-person,1 Day,Tuesday|Wednesday|Thursday|Friday
OL7,TKC01 Manchester (A),Component Channel,One-person,1 Day,Tuesday|Wednesday|Thursday|Friday
OL8,TKC01 Manchester (A),Component Channel,One-person,1 Day,Tuesday|Wednesday|Thursday|Friday
OL9,TKC01 Manchester (A),Component Channel,One-person,1 Day,Tuesday|Wednesday|Thursday|Friday
SK13,TKC01 Manchester (C),Component Channel,One-person,1 Day,Tuesday|Wednesday|Thursday|Friday
SK1,TKC01 Manchester (A),Component Channel,One-person,1 Day,Tuesday|Wednesday|Thursday|Friday
SK14,TKC01 Manchester (A),Component Channel,One-person,1 Day,Tuesday|Wednesday|Thursday|Friday
SK15,TKC01 Manchester (A),Component Channel,One-person,1 Day,Tuesday|Wednesday|Thursday|Friday
SK16,TKC01 Manchester (A),Component Channel,One-person,1 Day,Tuesday|Wednesday|Thursday|Friday
SK2,TKC01 Manchester (A),Component Channel,One-person,1 Day,Tuesday|Wednesday|Thursday|Friday
SK3,TKC01 Manchester (A),Component Channel,One-person,1 Day,Tuesday|Wednesday|Thursday|Friday
SK4,TKC01 Manchester (A),Component Channel,One-person,1 Day,Tuesday|Wednesday|Thursday|Friday
SK5,TKC01 Manchester (A),Component Channel,One-person,1 Day,Tuesday|Wednesday|Thursday|Friday
SK8,TKC01 Manchester (A),Component Channel,One-person,1 Day,Tuesday|Wednesday|Thursday|Friday
SK12,TKC01 Manchester (B),Component Channel,One-person,1 Day,Tuesday|Wednesday|Thursday|Friday
SK22,TKC01 Manchester (B),Component Channel,One-person,1 Day,Tuesday|Wednesday|Friday
SK23,TKC01 Manchester (B),Component Channel,One-person,1 Day,Tuesday|Wednesday|Friday
SK6,TKC01 Manchester (B),Component Channel,One-person,1 Day,Tuesday|Wednesday|Friday
SK7,TKC01 Manchester (B),Component Channel,One-person,1 Day,Tuesday|Wednesday|Friday
SK9,TKC01 Manchester (B),Component Channel,One-person,1 Day,Tuesday|Wednesday|Friday
WA14,TKC01 Manchester (D),Component Channel,One-person,1 Day,Tuesday|Wednesday|Thursday|Friday
WA15,TKC01 Manchester (D),Component Channel,One-person,1 Day,Tuesday|Wednesday|Thursday|Friday
WA16,TKC01 Manchester (D),Component Channel,One-person,1 Day,Tuesday|Wednesday|Thursday|Friday
BL0,TKC01 Manchester (A),Jigsaw Channel,Two-person,5 Days,Tuesday|Wednesday|Thursday|Friday
BL1,TKC01 Manchester (A),Jigsaw Channel,Two-person,5 Days,Tuesday|Wednesday|Thursday|Friday
BL11,TKC01 Manchester (A),Jigsaw Channel,Two-person,5 Days,Tuesday|Wednesday|Thursday|Friday
BL2,TKC01 Manchester (A),Jigsaw Channel,Two-person,5 Days,Tuesday|Wednesday|Thursday|Friday
BL3,TKC01 Manchester (A),Jigsaw Channel,Two-person,5 Days,Tuesday|Wednesday|Thursday|Friday
BL4,TKC01 Manchester (A),Jigsaw Channel,Two-person,5 Days,Tuesday|Wednesday|Thursday|Friday
BL7,TKC01 Manchester (A),Jigsaw Channel,Two-person,5 Days,Tuesday|Wednesday|Thursday|Friday
BL78,TKC01 Manchester (A),Jigsaw Channel,Two-person,5 Days,Tuesday|Wednesday|Thursday|Friday
BL8,TKC01 Manchester (A),Jigsaw Channel,Two-person,5 Days,Tuesday|Wednesday|Thursday|Friday
BL9,TKC01 Manchester (A),Jigsaw Channel,Two-person,5 Days,Tuesday|Wednesday|Thursday|Friday
M1,TKC01 Manchester (A),Jigsaw Channel,Two-person,5 Days,Tuesday|Wednesday|Thursday|Friday
M10,TKC01 Manchester (A),Jigsaw Channel,Two-person,5 Days,Tuesday|Wednesday|Thursday|Friday
M11,TKC01 Manchester (A),Jigsaw Channel,Two-person,5 Days,Tuesday|Wednesday|Thursday|Friday
M12,TKC01 Manchester (A),Jigsaw Channel,Two-person,5 Days,Tuesday|Wednesday|Thursday|Friday
M13,TKC01 Manchester (A),Jigsaw Channel,Two-person,5 Days,Tuesday|Wednesday|Thursday|Friday
M14,TKC01 Manchester (A),Jigsaw Channel,Two-person,5 Days,Tuesday|Wednesday|Thursday|Friday
M15,TKC01 Manchester (A),Jigsaw Channel,Two-person,5 Days,Tuesday|Wednesday|Thursday|Friday
M16,TKC01 Manchester (A),Jigsaw Channel,Two-person,5 Days,Tuesday|Wednesday|Thursday|Friday
M17,TKC01 Manchester (A),Jigsaw Channel,Two-person,5 Days,Tuesday|Wednesday|Thursday|Friday
M18,TKC01 Manchester (A),Jigsaw Channel,Two-person,5 Days,Tuesday|Wednesday|Thursday|Friday
M19,TKC01 Manchester (A),Jigsaw Channel,Two-person,5 Days,Tuesday|Wednesday|Thursday|Friday
M2,TKC01 Manchester (A),Jigsaw Channel,Two-person,5 Days,Tuesday|Wednesday|Thursday|Friday
M20,TKC01 Manchester (A),Jigsaw Channel,Two-person,5 Days,Tuesday|Wednesday|Thursday|Friday
M21,TKC01 Manchester (A),Jigsaw Channel,Two-person,5 Days,Tuesday|Wednesday|Thursday|Friday
M22,TKC01 Manchester (A),Jigsaw Channel,Two-person,5 Days,Tuesday|Wednesday|Thursday|Friday
M23,TKC01 Manchester (A),Jigsaw Channel,Two-person,5 Days,Tuesday|Wednesday|Thursday|Friday
M24,TKC01 Manchester (A),Jigsaw Channel,Two-person,5 Days,Tuesday|Wednesday|Thursday|Friday
M25,TKC01 Manchester (A),Jigsaw Channel,Two-person,5 Days,Tuesday|Wednesday|Thursday|Friday
M26,TKC01 Manchester (A),Jigsaw Channel,Two-person,5 Days,Tuesday|Wednesday|Thursday|Friday
M27,TKC01 Manchester (A),Jigsaw Channel,Two-person,5 Days,Tuesday|Wednesday|Thursday|Friday
M28,TKC01 Manchester (A),Jigsaw Channel,Two-person,5 Days,Tuesday|Wednesday|Thursday|Friday
M3,TKC01 Manchester (A),Jigsaw Channel,Two-person,5 Days,Tuesday|Wednesday|Thursday|Friday
M30,TKC01 Manchester (A),Jigsaw Channel,Two-person,5 Days,Tuesday|Wednesday|Thursday|Friday
M31,TKC01 Manchester (A),Jigsaw Channel,Two-person,5 Days,Tuesday|Wednesday|Thursday|Friday
M32,TKC01 Manchester (A),Jigsaw Channel,Two-person,5 Days,Tuesday|Wednesday|Thursday|Friday
M33,TKC01 Manchester (A),Jigsaw Channel,Two-person,5 Days,Tuesday|Wednesday|Thursday|Friday
M34,TKC01 Manchester (A),Jigsaw Channel,Two-person,5 Days,Tuesday|Wednesday|Thursday|Friday
M35,TKC01 Manchester (A),Jigsaw Channel,Two-person,5 Days,Tuesday|Wednesday|Thursday|Friday
M38,TKC01 Manchester (A),Jigsaw Channel,Two-person,5 Days,Tuesday|Wednesday|Thursday|Friday
M4,TKC01 Manchester (A),Jigsaw Channel,Two-person,5 Days,Tuesday|Wednesday|Thursday|Friday
M40,TKC01 Manchester (A),Jigsaw Channel,Two-person,5 Days,Tuesday|Wednesday|Thursday|Friday
M41,TKC01 Manchester (A),Jigsaw Channel,Two-person,5 Days,Tuesday|Wednesday|Thursday|Friday
M43,TKC01 Manchester (A),Jigsaw Channel,Two-person,5 Days,Tuesday|Wednesday|Thursday|Friday
M44,TKC01 Manchester (A),Jigsaw Channel,Two-person,5 Days,Tuesday|Wednesday|Thursday|Friday
M45,TKC01 Manchester (A),Jigsaw Channel,Two-person,5 Days,Tuesday|Wednesday|Thursday|Friday
M5,TKC01 Manchester (A),Jigsaw Channel,Two-person,5 Days,Tuesday|Wednesday|Thursday|Friday
M50,TKC01 Manchester (A),Jigsaw Channel,Two-person,5 Days,Tuesday|Wednesday|Thursday|Friday
M52,TKC01 Manchester (A),Jigsaw Channel,Two-person,5 Days,Tuesday|Wednesday|Thursday|Friday
M6,TKC01 Manchester (A),Jigsaw Channel,Two-person,5 Days,Tuesday|Wednesday|Thursday|Friday
M60,TKC01 Manchester (A),Jigsaw Channel,Two-person,5 Days,Tuesday|Wednesday|Thursday|Friday
M61,TKC01 Manchester (A),Jigsaw Channel,Two-person,5 Days,Tuesday|Wednesday|Thursday|Friday
M7,TKC01 Manchester (A),Jigsaw Channel,Two-person,5 Days,Tuesday|Wednesday|Thursday|Friday
M8,TKC01 Manchester (A),Jigsaw Channel,Two-person,5 Days,Tuesday|Wednesday|Thursday|Friday
M9,TKC01 Manchester (A),Jigsaw Channel,Two-person,5 Days,Tuesday|Wednesday|Thursday|Friday
M90,TKC01 Manchester (A),Jigsaw Channel,Two-person,5 Days,Tuesday|Wednesday|Thursday|Friday
OL1,TKC01 Manchester (A),Jigsaw Channel,Two-person,5 Days,Tuesday|Wednesday|Thursday|Friday
OL10,TKC01 Manchester (A),Jigsaw Channel,Two-person,5 Days,Tuesday|Wednesday|Thursday|Friday
OL11,TKC01 Manchester (A),Jigsaw Channel,Two-person,5 Days,Tuesday|Wednesday|Thursday|Friday
OL12,TKC01 Manchester (A),Jigsaw Channel,Two-person,5 Days,Tuesday|Wednesday|Thursday|Friday
OL16,TKC01 Manchester (A),Jigsaw Channel,Two-person,5 Days,Tuesday|Wednesday|Thursday|Friday
OL2,TKC01 Manchester (A),Jigsaw Channel,Two-person,5 Days,Tuesday|Wednesday|Thursday|Friday
OL4,TKC01 Manchester (A),Jigsaw Channel,Two-person,5 Days,Tuesday|Wednesday|Thursday|Friday
OL5,TKC01 Manchester (A),Jigsaw Channel,Two-person,5 Days,Tuesday|Wednesday|Thursday|Friday
OL6,TKC01 Manchester (A),Jigsaw Channel,Two-person,5 Days,Tuesday|Wednesday|Thursday|Friday
OL7,TKC01 Manchester (A),Jigsaw Channel,Two-person,5 Days,Tuesday|Wednesday|Thursday|Friday
OL8,TKC01 Manchester (A),Jigsaw Channel,Two-person,5 Days,Tuesday|Wednesday|Thursday|Friday
OL9,TKC01 Manchester (A),Jigsaw Channel,Two-person,5 Days,Tuesday|Wednesday|Thursday|Friday
SK13,TKC01 Manchester (C),Jigsaw Channel,Two-person,5 Days,Tuesday|Wednesday|Thursday|Friday
SK1,TKC01 Manchester (A),Jigsaw Channel,Two-person,5 Days,Tuesday|Wednesday|Thursday|Friday
SK14,TKC01 Manchester (A),Jigsaw Channel,Two-person,5 Days,Tuesday|Wednesday|Thursday|Friday
SK15,TKC01 Manchester (A),Jigsaw Channel,Two-person,5 Days,Tuesday|Wednesday|Thursday|Friday
SK16,TKC01 Manchester (A),Jigsaw Channel,Two-person,5 Days,Tuesday|Wednesday|Thursday|Friday
SK2,TKC01 Manchester (A),Jigsaw Channel,Two-person,5 Days,Tuesday|Wednesday|Thursday|Friday
SK3,TKC01 Manchester (A),Jigsaw Channel,Two-person,5 Days,Tuesday|Wednesday|Thursday|Friday
SK4,TKC01 Manchester (A),Jigsaw Channel,Two-person,5 Days,Tuesday|Wednesday|Thursday|Friday
SK5,TKC01 Manchester (A),Jigsaw Channel,Two-person,5 Days,Tuesday|Wednesday|Thursday|Friday
SK8,TKC01 Manchester (A),Jigsaw Channel,Two-person,5 Days,Tuesday|Wednesday|Thursday|Friday
SK12,TKC01 Manchester (B),Jigsaw Channel,Two-person,5 Days,Tuesday|Wednesday|Friday
SK22,TKC01 Manchester (B),Jigsaw Channel,Two-person,5 Days,Tuesday|Wednesday|Friday
SK23,TKC01 Manchester (B),Jigsaw Channel,Two-person,5 Days,Tuesday|Wednesday|Friday
SK6,TKC01 Manchester (B),Jigsaw Channel,Two-person,5 Days,Tuesday|Wednesday|Friday
SK7,TKC01 Manchester (B),Jigsaw Channel,Two-person,5 Days,Tuesday|Wednesday|Friday
SK9,TKC01 Manchester (B),Jigsaw Channel,Two-person,5 Days,Tuesday|Wednesday|Thursday|Friday
WA14,TKC01 Manchester (D),Jigsaw Channel,Two-person,5 Days,Tuesday|Wednesday|Thursday|Friday
WA15,TKC01 Manchester (D),Jigsaw Channel,Two-person,5 Days,Tuesday|Wednesday|Thursday|Friday
WA16,TKC01 Manchester (D),Jigsaw Channel,Two-person,5 Days,Tuesday|Wednesday|Thursday|Friday
BL0,TKC01 Manchester (A),Merchant Channel,Two-person,5 Days,Tuesday|Wednesday|Thursday|Friday
BL1,TKC01 Manchester (A),Merchant Channel,Two-person,5 Days,Tuesday|Wednesday|Thursday|Friday
BL11,TKC01 Manchester (A),Merchant Channel,Two-person,5 Days,Tuesday|Wednesday|Thursday|Friday
BL2,TKC01 Manchester (A),Merchant Channel,Two-person,5 Days,Tuesday|Wednesday|Thursday|Friday
BL3,TKC01 Manchester (A),Merchant Channel,Two-person,5 Days,Tuesday|Wednesday|Thursday|Friday
BL4,TKC01 Manchester (A),Merchant Channel,Two-person,5 Days,Tuesday|Wednesday|Thursday|Friday
BL7,TKC01 Manchester (A),Merchant Channel,Two-person,5 Days,Tuesday|Wednesday|Thursday|Friday
BL78,TKC01 Manchester (A),Merchant Channel,Two-person,5 Days,Tuesday|Wednesday|Thursday|Friday
BL8,TKC01 Manchester (A),Merchant Channel,Two-person,5 Days,Tuesday|Wednesday|Thursday|Friday
BL9,TKC01 Manchester (A),Merchant Channel,Two-person,5 Days,Tuesday|Wednesday|Thursday|Friday
M1,TKC01 Manchester (A),Merchant Channel,Two-person,5 Days,Tuesday|Wednesday|Thursday|Friday
M10,TKC01 Manchester (A),Merchant Channel,Two-person,5 Days,Tuesday|Wednesday|Thursday|Friday
M11,TKC01 Manchester (A),Merchant Channel,Two-person,5 Days,Tuesday|Wednesday|Thursday|Friday
M12,TKC01 Manchester (A),Merchant Channel,Two-person,5 Days,Tuesday|Wednesday|Thursday|Friday
M13,TKC01 Manchester (A),Merchant Channel,Two-person,5 Days,Tuesday|Wednesday|Thursday|Friday
M14,TKC01 Manchester (A),Merchant Channel,Two-person,5 Days,Tuesday|Wednesday|Thursday|Friday
M15,TKC01 Manchester (A),Merchant Channel,Two-person,5 Days,Tuesday|Wednesday|Thursday|Friday
M16,TKC01 Manchester (A),Merchant Channel,Two-person,5 Days,Tuesday|Wednesday|Thursday|Friday
M17,TKC01 Manchester (A),Merchant Channel,Two-person,5 Days,Tuesday|Wednesday|Thursday|Friday
M18,TKC01 Manchester (A),Merchant Channel,Two-person,5 Days,Tuesday|Wednesday|Thursday|Friday
M19,TKC01 Manchester (A),Merchant Channel,Two-person,5 Days,Tuesday|Wednesday|Thursday|Friday
M2,TKC01 Manchester (A),Merchant Channel,Two-person,5 Days,Tuesday|Wednesday|Thursday|Friday
M20,TKC01 Manchester (A),Merchant Channel,Two-person,5 Days,Tuesday|Wednesday|Thursday|Friday
M21,TKC01 Manchester (A),Merchant Channel,Two-person,5 Days,Tuesday|Wednesday|Thursday|Friday
M22,TKC01 Manchester (A),Merchant Channel,Two-person,5 Days,Tuesday|Wednesday|Thursday|Friday
M23,TKC01 Manchester (A),Merchant Channel,Two-person,5 Days,Tuesday|Wednesday|Thursday|Friday
M24,TKC01 Manchester (A),Merchant Channel,Two-person,5 Days,Tuesday|Wednesday|Thursday|Friday
M25,TKC01 Manchester (A),Merchant Channel,Two-person,5 Days,Tuesday|Wednesday|Thursday|Friday
M26,TKC01 Manchester (A),Merchant Channel,Two-person,5 Days,Tuesday|Wednesday|Thursday|Friday
M27,TKC01 Manchester (A),Merchant Channel,Two-person,5 Days,Tuesday|Wednesday|Thursday|Friday
M28,TKC01 Manchester (A),Merchant Channel,Two-person,5 Days,Tuesday|Wednesday|Thursday|Friday
M3,TKC01 Manchester (A),Merchant Channel,Two-person,5 Days,Tuesday|Wednesday|Thursday|Friday
M30,TKC01 Manchester (A),Merchant Channel,Two-person,5 Days,Tuesday|Wednesday|Thursday|Friday
M31,TKC01 Manchester (A),Merchant Channel,Two-person,5 Days,Tuesday|Wednesday|Thursday|Friday
M32,TKC01 Manchester (A),Merchant Channel,Two-person,5 Days,Tuesday|Wednesday|Thursday|Friday
M33,TKC01 Manchester (A),Merchant Channel,Two-person,5 Days,Tuesday|Wednesday|Thursday|Friday
M34,TKC01 Manchester (A),Merchant Channel,Two-person,5 Days,Tuesday|Wednesday|Thursday|Friday
M35,TKC01 Manchester (A),Merchant Channel,Two-person,5 Days,Tuesday|Wednesday|Thursday|Friday
M38,TKC01 Manchester (A),Merchant Channel,Two-person,5 Days,Tuesday|Wednesday|Thursday|Friday
M4,TKC01 Manchester (A),Merchant Channel,Two-person,5 Days,Tuesday|Wednesday|Thursday|Friday
M40,TKC01 Manchester (A),Merchant Channel,Two-person,5 Days,Tuesday|Wednesday|Thursday|Friday
M41,TKC01 Manchester (A),Merchant Channel,Two-person,5 Days,Tuesday|Wednesday|Thursday|Friday
M43,TKC01 Manchester (A),Merchant Channel,Two-person,5 Days,Tuesday|Wednesday|Thursday|Friday
M44,TKC01 Manchester (A),Merchant Channel,Two-person,5 Days,Tuesday|Wednesday|Thursday|Friday
M45,TKC01 Manchester (A),Merchant Channel,Two-person,5 Days,Tuesday|Wednesday|Thursday|Friday
M5,TKC01 Manchester (A),Merchant Channel,Two-person,5 Days,Tuesday|Wednesday|Thursday|Friday
M50,TKC01 Manchester (A),Merchant Channel,Two-person,5 Days,Tuesday|Wednesday|Thursday|Friday
M52,TKC01 Manchester (A),Merchant Channel,Two-person,5 Days,Tuesday|Wednesday|Thursday|Friday
M6,TKC01 Manchester (A),Merchant Channel,Two-person,5 Days,Tuesday|Wednesday|Thursday|Friday
M60,TKC01 Manchester (A),Merchant Channel,Two-person,5 Days,Tuesday|Wednesday|Thursday|Friday
M61,TKC01 Manchester (A),Merchant Channel,Two-person,5 Days,Tuesday|Wednesday|Thursday|Friday
M7,TKC01 Manchester (A),Merchant Channel,Two-person,5 Days,Tuesday|Wednesday|Thursday|Friday
M8,TKC01 Manchester (A),Merchant Channel,Two-person,5 Days,Tuesday|Wednesday|Thursday|Friday
M9,TKC01 Manchester (A),Merchant Channel,Two-person,5 Days,Tuesday|Wednesday|Thursday|Friday
M90,TKC01 Manchester (A),Merchant Channel,Two-person,5 Days,Tuesday|Wednesday|Thursday|Friday
OL1,TKC01 Manchester (A),Merchant Channel,Two-person,5 Days,Tuesday|Wednesday|Thursday|Friday
OL10,TKC01 Manchester (A),Merchant Channel,Two-person,5 Days,Tuesday|Wednesday|Thursday|Friday
OL11,TKC01 Manchester (A),Merchant Channel,Two-person,5 Days,Tuesday|Wednesday|Thursday|Friday
OL12,TKC01 Manchester (A),Merchant Channel,Two-person,5 Days,Tuesday|Wednesday|Thursday|Friday
OL16,TKC01 Manchester (A),Merchant Channel,Two-person,5 Days,Tuesday|Wednesday|Thursday|Friday
OL2,TKC01 Manchester (A),Merchant Channel,Two-person,5 Days,Tuesday|Wednesday|Thursday|Friday
OL4,TKC01 Manchester (A),Merchant Channel,Two-person,5 Days,Tuesday|Wednesday|Thursday|Friday
OL5,TKC01 Manchester (A),Merchant Channel,Two-person,5 Days,Tuesday|Wednesday|Thursday|Friday
OL6,TKC01 Manchester (A),Merchant Channel,Two-person,5 Days,Tuesday|Wednesday|Thursday|Friday
OL7,TKC01 Manchester (A),Merchant Channel,Two-person,5 Days,Tuesday|Wednesday|Thursday|Friday
OL8,TKC01 Manchester (A),Merchant Channel,Two-person,5 Days,Tuesday|Wednesday|Thursday|Friday
OL9,TKC01 Manchester (A),Merchant Channel,Two-person,5 Days,Tuesday|Wednesday|Thursday|Friday
SK13,TKC01 Manchester (C),Merchant Channel,Two-person,5 Days,Tuesday|Wednesday|Friday
SK1,TKC01 Manchester (A),Merchant Channel,Two-person,5 Days,Tuesday|Wednesday|Friday
SK14,TKC01 Manchester (A),Merchant Channel,Two-person,5 Days,Tuesday|Wednesday|Friday
SK15,TKC01 Manchester (A),Merchant Channel,Two-person,5 Days,Tuesday|Wednesday|Friday
SK16,TKC01 Manchester (A),Merchant Channel,Two-person,5 Days,Tuesday|Wednesday|Friday
SK2,TKC01 Manchester (A),Merchant Channel,Two-person,5 Days,Tuesday|Wednesday|Friday
SK3,TKC01 Manchester (A),Merchant Channel,Two-person,5 Days,Tuesday|Wednesday|Friday
SK4,TKC01 Manchester (A),Merchant Channel,Two-person,5 Days,Tuesday|Wednesday|Friday
SK5,TKC01 Manchester (A),Merchant Channel,Two-person,5 Days,Tuesday|Wednesday|Friday
SK8,TKC01 Manchester (A),Merchant Channel,Two-person,5 Days,Tuesday|Wednesday|Friday
SK12,TKC01 Manchester (B),Merchant Channel,Two-person,5 Days,Tuesday|Wednesday|Friday
SK22,TKC01 Manchester (B),Merchant Channel,Two-person,5 Days,Tuesday|Wednesday|Friday
SK23,TKC01 Manchester (B),Merchant Channel,Two-person,5 Days,Tuesday|Wednesday|Friday
SK6,TKC01 Manchester (B),Merchant Channel,Two-person,5 Days,Tuesday|Wednesday|Friday
SK7,TKC01 Manchester (B),Merchant Channel,Two-person,5 Days,Tuesday|Wednesday|Friday
SK9,TKC01 Manchester (B),Merchant Channel,Two-person,5 Days,Tuesday|Wednesday|Friday
WA14,TKC01 Manchester (D),Merchant Channel,Two-person,5 Days,Tuesday|Wednesday|Friday
WA15,TKC01 Manchester (D),Merchant Channel,Two-person,5 Days,Tuesday|Wednesday|Friday
WA16,TKC01 Manchester (D),Merchant Channel,Two-person,5 Days,Tuesday|Wednesday|Friday
BL0,TKC01 Manchester (A),Retail Channel,Two-person,21 Days,Tuesday|Wednesday|Friday
BL1,TKC01 Manchester (A),Retail Channel,Two-person,21 Days,Tuesday|Wednesday|Friday
BL11,TKC01 Manchester (A),Retail Channel,Two-person,21 Days,Tuesday|Wednesday|Friday
BL2,TKC01 Manchester (A),Retail Channel,Two-person,21 Days,Tuesday|Wednesday|Thursday|Friday
BL3,TKC01 Manchester (A),Retail Channel,Two-person,21 Days,Tuesday|Wednesday|Thursday|Friday
BL4,TKC01 Manchester (A),Retail Channel,Two-person,21 Days,Tuesday|Wednesday|Thursday|Friday
BL7,TKC01 Manchester (A),Retail Channel,Two-person,21 Days,Tuesday|Wednesday|Thursday|Friday
BL78,TKC01 Manchester (A),Retail Channel,Two-person,21 Days,Tuesday|Wednesday|Thursday|Friday
BL8,TKC01 Manchester (A),Retail Channel,Two-person,21 Days,Tuesday|Wednesday|Thursday|Friday
BL9,TKC01 Manchester (A),Retail Channel,Two-person,21 Days,Tuesday|Wednesday|Thursday|Friday
M1,TKC01 Manchester (A),Retail Channel,Two-person,21 Days,Tuesday|Wednesday|Thursday|Friday
M10,TKC01 Manchester (A),Retail Channel,Two-person,21 Days,Tuesday|Wednesday|Thursday|Friday
M11,TKC01 Manchester (A),Retail Channel,Two-person,21 Days,Tuesday|Wednesday|Thursday|Friday
M12,TKC01 Manchester (A),Retail Channel,Two-person,21 Days,Tuesday|Wednesday|Thursday|Friday
M13,TKC01 Manchester (A),Retail Channel,Two-person,21 Days,Tuesday|Wednesday|Thursday|Friday
M14,TKC01 Manchester (A),Retail Channel,Two-person,21 Days,Tuesday|Wednesday|Thursday|Friday
M15,TKC01 Manchester (A),Retail Channel,Two-person,21 Days,Tuesday|Wednesday|Thursday|Friday
M16,TKC01 Manchester (A),Retail Channel,Two-person,21 Days,Tuesday|Wednesday|Thursday|Friday
M17,TKC01 Manchester (A),Retail Channel,Two-person,21 Days,Tuesday|Wednesday|Thursday|Friday
M18,TKC01 Manchester (A),Retail Channel,Two-person,21 Days,Tuesday|Wednesday|Thursday|Friday
M19,TKC01 Manchester (A),Retail Channel,Two-person,21 Days,Tuesday|Wednesday|Thursday|Friday
M2,TKC01 Manchester (A),Retail Channel,Two-person,21 Days,Tuesday|Wednesday|Thursday|Friday
M20,TKC01 Manchester (A),Retail Channel,Two-person,21 Days,Tuesday|Wednesday|Thursday|Friday
M21,TKC01 Manchester (A),Retail Channel,Two-person,21 Days,Tuesday|Wednesday|Thursday|Friday
M22,TKC01 Manchester (A),Retail Channel,Two-person,21 Days,Tuesday|Wednesday|Thursday|Friday
M23,TKC01 Manchester (A),Retail Channel,Two-person,21 Days,Tuesday|Wednesday|Thursday|Friday
M24,TKC01 Manchester (A),Retail Channel,Two-person,21 Days,Tuesday|Wednesday|Thursday|Friday
M25,TKC01 Manchester (A),Retail Channel,Two-person,21 Days,Tuesday|Wednesday|Thursday|Friday
M26,TKC01 Manchester (A),Retail Channel,Two-person,21 Days,Tuesday|Wednesday|Thursday|Friday
M27,TKC01 Manchester (A),Retail Channel,Two-person,21 Days,Tuesday|Wednesday|Thursday|Friday
M28,TKC01 Manchester (A),Retail Channel,Two-person,21 Days,Tuesday|Wednesday|Thursday|Friday
M3,TKC01 Manchester (A),Retail Channel,Two-person,21 Days,Tuesday|Wednesday|Thursday|Friday
M30,TKC01 Manchester (A),Retail Channel,Two-person,21 Days,Tuesday|Wednesday|Thursday|Friday
M31,TKC01 Manchester (A),Retail Channel,Two-person,21 Days,Tuesday|Wednesday|Thursday|Friday
M32,TKC01 Manchester (A),Retail Channel,Two-person,21 Days,Tuesday|Wednesday|Thursday|Friday
M33,TKC01 Manchester (A),Retail Channel,Two-person,21 Days,Tuesday|Wednesday|Thursday|Friday
M34,TKC01 Manchester (A),Retail Channel,Two-person,21 Days,Tuesday|Wednesday|Thursday|Friday
M35,TKC01 Manchester (A),Retail Channel,Two-person,21 Days,Tuesday|Wednesday|Thursday|Friday
M38,TKC01 Manchester (A),Retail Channel,Two-person,21 Days,Tuesday|Wednesday|Thursday|Friday
M4,TKC01 Manchester (A),Retail Channel,Two-person,21 Days,Tuesday|Wednesday|Thursday|Friday
M40,TKC01 Manchester (A),Retail Channel,Two-person,21 Days,Tuesday|Wednesday|Thursday|Friday
M41,TKC01 Manchester (A),Retail Channel,Two-person,21 Days,Tuesday|Wednesday|Thursday|Friday
M43,TKC01 Manchester (A),Retail Channel,Two-person,21 Days,Tuesday|Wednesday|Thursday|Friday
M44,TKC01 Manchester (A),Retail Channel,Two-person,21 Days,Tuesday|Wednesday|Thursday|Friday
M45,TKC01 Manchester (A),Retail Channel,Two-person,21 Days,Tuesday|Wednesday|Thursday|Friday
M5,TKC01 Manchester (A),Retail Channel,Two-person,21 Days,Tuesday|Wednesday|Thursday|Friday
M50,TKC01 Manchester (A),Retail Channel,Two-person,21 Days,Tuesday|Wednesday|Thursday|Friday
M52,TKC01 Manchester (A),Retail Channel,Two-person,21 Days,Tuesday|Wednesday|Thursday|Friday
M6,TKC01 Manchester (A),Retail Channel,Two-person,21 Days,Tuesday|Wednesday|Thursday|Friday
M60,TKC01 Manchester (A),Retail Channel,Two-person,21 Days,Tuesday|Wednesday|Thursday|Friday
M61,TKC01 Manchester (A),Retail Channel,Two-person,21 Days,Tuesday|Wednesday|Thursday|Friday
M7,TKC01 Manchester (A),Retail Channel,Two-person,21 Days,Tuesday|Wednesday|Thursday|Friday
M8,TKC01 Manchester (A),Retail Channel,Two-person,21 Days,Tuesday|Wednesday|Thursday|Friday
M9,TKC01 Manchester (A),Retail Channel,Two-person,21 Days,Tuesday|Wednesday|Thursday|Friday
M90,TKC01 Manchester (A),Retail Channel,Two-person,21 Days,Tuesday|Wednesday|Thursday|Friday
OL1,TKC01 Manchester (A),Retail Channel,Two-person,21 Days,Tuesday|Wednesday|Thursday|Friday
OL10,TKC01 Manchester (A),Retail Channel,Two-person,21 Days,Tuesday|Wednesday|Thursday|Friday
OL11,TKC01 Manchester (A),Retail Channel,Two-person,21 Days,Tuesday|Wednesday|Thursday|Friday
OL12,TKC01 Manchester (A),Retail Channel,Two-person,21 Days,Tuesday|Wednesday|Thursday|Friday
OL16,TKC01 Manchester (A),Retail Channel,Two-person,21 Days,Tuesday|Wednesday|Thursday|Friday
OL2,TKC01 Manchester (A),Retail Channel,Two-person,21 Days,Tuesday|Wednesday|Thursday|Friday
OL4,TKC01 Manchester (A),Retail Channel,Two-person,21 Days,Tuesday|Wednesday|Thursday|Friday
OL5,TKC01 Manchester (A),Retail Channel,Two-person,21 Days,Tuesday|Wednesday|Thursday|Friday
OL6,TKC01 Manchester (A),Retail Channel,Two-person,21 Days,Tuesday|Wednesday|Thursday|Friday
OL7,TKC01 Manchester (A),Retail Channel,Two-person,21 Days,Tuesday|Wednesday|Thursday|Friday
OL8,TKC01 Manchester (A),Retail Channel,Two-person,21 Days,Tuesday|Wednesday|Thursday|Friday
OL9,TKC01 Manchester (A),Retail Channel,Two-person,21 Days,Tuesday|Wednesday|Thursday|Friday
SK13,TKC01 Manchester (C),Retail Channel,Two-person,21 Days,Tuesday|Wednesday|Thursday|Friday
SK1,TKC01 Manchester (A),Retail Channel,Two-person,21 Days,Tuesday|Wednesday|Thursday|Friday
SK14,TKC01 Manchester (A),Retail Channel,Two-person,21 Days,Tuesday|Wednesday|Thursday|Friday
SK15,TKC01 Manchester (A),Retail Channel,Two-person,21 Days,Tuesday|Wednesday|Thursday|Friday
SK16,TKC01 Manchester (A),Retail Channel,Two-person,21 Days,Tuesday|Wednesday|Thursday|Friday
SK2,TKC01 Manchester (A),Retail Channel,Two-person,21 Days,Tuesday|Wednesday|Thursday|Friday
SK3,TKC01 Manchester (A),Retail Channel,Two-person,21 Days,Tuesday|Wednesday|Thursday|Friday
SK4,TKC01 Manchester (A),Retail Channel,Two-person,21 Days,Tuesday|Wednesday|Thursday|Friday
SK5,TKC01 Manchester (A),Retail Channel,Two-person,21 Days,Tuesday|Wednesday|Thursday|Friday
SK8,TKC01 Manchester (A),Retail Channel,Two-person,21 Days,Tuesday|Wednesday|Thursday|Friday
SK12,TKC01 Manchester (B),Retail Channel,Two-person,21 Days,Tuesday|Wednesday|Friday
SK22,TKC01 Manchester (B),Retail Channel,Two-person,21 Days,Tuesday|Wednesday|Friday
SK23,TKC01 Manchester (B),Retail Channel,Two-person,21 Days,Tuesday|Wednesday|Friday
SK6,TKC01 Manchester (B),Retail Channel,Two-person,21 Days,Tuesday|Wednesday|Friday
SK7,TKC01 Manchester (B),Retail Channel,Two-person,21 Days,Tuesday|Wednesday|Friday
SK9,TKC01 Manchester (B),Retail Channel,Two-person,21 Days,Tuesday|Wednesday|Friday
WA14,TKC01 Manchester (D),Retail Channel,Two-person,21 Days,Tuesday|Wednesday|Friday
WA15,TKC01 Manchester (D),Retail Channel,Two-person,21 Days,Tuesday|Wednesday|Friday
WA16,TKC01 Manchester (D),Retail Channel,Two-person,21 Days,Tuesday|Wednesday|Friday
DH2,TKC01 Newcastle (A),Component Channel,One-person,1 Day,Tuesday|Wednesday|Friday
DH3,TKC01 Newcastle (A),Component Channel,One-person,1 Day,Tuesday|Wednesday|Friday
DH4,TKC01 Newcastle (A),Component Channel,One-person,1 Day,Tuesday|Wednesday|Friday
DH5,TKC01 Newcastle (A),Component Channel,One-person,1 Day,Tuesday|Wednesday|Friday
DH9,TKC01 Newcastle (A),Component Channel,One-person,1 Day,Tuesday|Wednesday|Friday
DH8,TKC01 Newcastle (B),Component Channel,One-person,1 Day,Wednesday
NE1,TKC01 Newcastle (A),Component Channel,One-person,1 Day,Wednesday|Friday
NE10,TKC01 Newcastle (A),Component Channel,One-person,1 Day,Wednesday|Friday
NE11,TKC01 Newcastle (A),Component Channel,One-person,1 Day,Wednesday|Friday
NE12,TKC01 Newcastle (A),Component Channel,One-person,1 Day,Wednesday|Friday
NE15,TKC01 Newcastle (A),Component Channel,One-person,1 Day,Wednesday|Friday
NE16,TKC01 Newcastle (A),Component Channel,One-person,1 Day,Wednesday|Friday
NE17,TKC01 Newcastle (A),Component Channel,One-person,1 Day,Wednesday|Friday
NE2,TKC01 Newcastle (A),Component Channel,One-person,1 Day,Wednesday|Friday
NE21,TKC01 Newcastle (A),Component Channel,One-person,1 Day,Wednesday|Friday
NE27,TKC01 Newcastle (A),Component Channel,One-person,1 Day,Wednesday|Friday
NE28,TKC01 Newcastle (A),Component Channel,One-person,1 Day,Wednesday|Friday
NE29,TKC01 Newcastle (A),Component Channel,One-person,1 Day,Wednesday|Friday
NE3,TKC01 Newcastle (A),Component Channel,One-person,1 Day,Wednesday|Friday
NE30,TKC01 Newcastle (A),Component Channel,One-person,1 Day,Wednesday|Friday
NE31,TKC01 Newcastle (A),Component Channel,One-person,1 Day,Wednesday|Friday
NE32,TKC01 Newcastle (A),Component Channel,One-person,1 Day,Wednesday|Friday
NE33,TKC01 Newcastle (A),Component Channel,One-person,1 Day,Wednesday|Friday
NE34,TKC01 Newcastle (A),Component Channel,One-person,1 Day,Wednesday|Friday
NE35,TKC01 Newcastle (A),Component Channel,One-person,1 Day,Wednesday|Friday
NE36,TKC01 Newcastle (A),Component Channel,One-person,1 Day,Wednesday|Friday
NE37,TKC01 Newcastle (A),Component Channel,One-person,1 Day,Wednesday|Friday
NE38,TKC01 Newcastle (A),Component Channel,One-person,1 Day,Wednesday|Friday
NE39,TKC01 Newcastle (A),Component Channel,One-person,1 Day,Wednesday|Friday
NE4,TKC01 Newcastle (A),Component Channel,One-person,1 Day,Wednesday|Friday
NE40,TKC01 Newcastle (A),Component Channel,One-person,1 Day,Wednesday|Friday
NE41,TKC01 Newcastle (A),Component Channel,One-person,1 Day,Wednesday|Friday
NE42,TKC01 Newcastle (A),Component Channel,One-person,1 Day,Wednesday|Friday
NE5,TKC01 Newcastle (A),Component Channel,One-person,1 Day,Wednesday|Friday
NE6,TKC01 Newcastle (A),Component Channel,One-person,1 Day,Wednesday|Friday
NE7,TKC01 Newcastle (A),Component Channel,One-person,1 Day,Wednesday|Friday
NE8,TKC01 Newcastle (A),Component Channel,One-person,1 Day,Wednesday|Friday
NE82,TKC01 Newcastle (A),Component Channel,One-person,1 Day,Wednesday|Friday
NE83,TKC01 Newcastle (A),Component Channel,One-person,1 Day,Wednesday|Friday
NE85,TKC01 Newcastle (A),Component Channel,One-person,1 Day,Wednesday|Friday
NE88,TKC01 Newcastle (A),Component Channel,One-person,1 Day,Wednesday|Friday
NE89,TKC01 Newcastle (A),Component Channel,One-person,1 Day,Wednesday|Friday
NE9,TKC01 Newcastle (A),Component Channel,One-person,1 Day,Wednesday|Friday
NE92,TKC01 Newcastle (A),Component Channel,One-person,1 Day,Wednesday|Friday
NE98,TKC01 Newcastle (A),Component Channel,One-person,1 Day,Wednesday|Friday
NE99,TKC01 Newcastle (A),Component Channel,One-person,1 Day,Wednesday|Friday
SR1,TKC01 Newcastle (A),Component Channel,One-person,1 Day,Wednesday|Friday
SR2,TKC01 Newcastle (A),Component Channel,One-person,1 Day,Wednesday|Friday
SR3,TKC01 Newcastle (A),Component Channel,One-person,1 Day,Wednesday|Friday
SR4,TKC01 Newcastle (A),Component Channel,One-person,1 Day,Wednesday|Friday
SR43,TKC01 Newcastle (A),Component Channel,One-person,1 Day,Wednesday|Friday
SR5,TKC01 Newcastle (A),Component Channel,One-person,1 Day,Wednesday|Friday
SR6,TKC01 Newcastle (A),Component Channel,One-person,1 Day,Wednesday|Friday
SR7,TKC01 Newcastle (A),Component Channel,One-person,1 Day,Wednesday|Friday
SR9,TKC01 Newcastle (A),Component Channel,One-person,1 Day,Wednesday|Friday
DH2,TKC01 Newcastle (A),Jigsaw Channel,Two-person,5 Days,Wednesday|Friday
DH3,TKC01 Newcastle (A),Jigsaw Channel,Two-person,5 Days,Wednesday|Friday
DH4,TKC01 Newcastle (A),Jigsaw Channel,Two-person,5 Days,Wednesday|Friday
DH5,TKC01 Newcastle (A),Jigsaw Channel,Two-person,5 Days,Wednesday|Friday
DH9,TKC01 Newcastle (A),Jigsaw Channel,Two-person,5 Days,Wednesday|Friday
DH8,TKC01 Newcastle (B),Jigsaw Channel,Two-person,5 Days,Wednesday|Friday
NE1,TKC01 Newcastle (A),Jigsaw Channel,Two-person,5 Days,Wednesday|Friday
NE10,TKC01 Newcastle (A),Jigsaw Channel,Two-person,5 Days,Wednesday|Friday
NE11,TKC01 Newcastle (A),Jigsaw Channel,Two-person,5 Days,Wednesday|Friday
NE12,TKC01 Newcastle (A),Jigsaw Channel,Two-person,5 Days,Wednesday|Friday
NE15,TKC01 Newcastle (A),Jigsaw Channel,Two-person,5 Days,Wednesday|Friday
NE16,TKC01 Newcastle (A),Jigsaw Channel,Two-person,5 Days,Wednesday|Friday
NE17,TKC01 Newcastle (A),Jigsaw Channel,Two-person,5 Days,Wednesday|Friday
NE2,TKC01 Newcastle (A),Jigsaw Channel,Two-person,5 Days,Wednesday|Friday
NE21,TKC01 Newcastle (A),Jigsaw Channel,Two-person,5 Days,Wednesday|Friday
NE27,TKC01 Newcastle (A),Jigsaw Channel,Two-person,5 Days,Wednesday|Friday
NE28,TKC01 Newcastle (A),Jigsaw Channel,Two-person,5 Days,Wednesday|Friday
NE29,TKC01 Newcastle (A),Jigsaw Channel,Two-person,5 Days,Wednesday|Friday
NE3,TKC01 Newcastle (A),Jigsaw Channel,Two-person,5 Days,Wednesday|Friday
NE30,TKC01 Newcastle (A),Jigsaw Channel,Two-person,5 Days,Wednesday|Friday
NE31,TKC01 Newcastle (A),Jigsaw Channel,Two-person,5 Days,Wednesday|Friday
NE32,TKC01 Newcastle (A),Jigsaw Channel,Two-person,5 Days,Wednesday|Friday
NE33,TKC01 Newcastle (A),Jigsaw Channel,Two-person,5 Days,Wednesday|Friday
NE34,TKC01 Newcastle (A),Jigsaw Channel,Two-person,5 Days,Wednesday|Friday
NE35,TKC01 Newcastle (A),Jigsaw Channel,Two-person,5 Days,Wednesday|Friday
NE36,TKC01 Newcastle (A),Jigsaw Channel,Two-person,5 Days,Wednesday|Friday
NE37,TKC01 Newcastle (A),Jigsaw Channel,Two-person,5 Days,Wednesday|Friday
NE38,TKC01 Newcastle (A),Jigsaw Channel,Two-person,5 Days,Wednesday|Friday
NE39,TKC01 Newcastle (A),Jigsaw Channel,Two-person,5 Days,Wednesday|Friday
NE4,TKC01 Newcastle (A),Jigsaw Channel,Two-person,5 Days,Wednesday|Friday
NE40,TKC01 Newcastle (A),Jigsaw Channel,Two-person,5 Days,Wednesday|Friday
NE41,TKC01 Newcastle (A),Jigsaw Channel,Two-person,5 Days,Wednesday|Friday
NE42,TKC01 Newcastle (A),Jigsaw Channel,Two-person,5 Days,Wednesday|Friday
NE5,TKC01 Newcastle (A),Jigsaw Channel,Two-person,5 Days,Wednesday|Friday
NE6,TKC01 Newcastle (A),Jigsaw Channel,Two-person,5 Days,Wednesday|Friday
NE7,TKC01 Newcastle (A),Jigsaw Channel,Two-person,5 Days,Wednesday|Friday
NE8,TKC01 Newcastle (A),Jigsaw Channel,Two-person,5 Days,Wednesday|Friday
NE82,TKC01 Newcastle (A),Jigsaw Channel,Two-person,5 Days,Wednesday|Friday
NE83,TKC01 Newcastle (A),Jigsaw Channel,Two-person,5 Days,Wednesday|Friday
NE85,TKC01 Newcastle (A),Jigsaw Channel,Two-person,5 Days,Wednesday|Friday
NE88,TKC01 Newcastle (A),Jigsaw Channel,Two-person,5 Days,Wednesday|Friday
NE89,TKC01 Newcastle (A),Jigsaw Channel,Two-person,5 Days,Wednesday|Friday
NE9,TKC01 Newcastle (A),Jigsaw Channel,Two-person,5 Days,Wednesday|Friday
NE92,TKC01 Newcastle (A),Jigsaw Channel,Two-person,5 Days,Wednesday|Friday
NE98,TKC01 Newcastle (A),Jigsaw Channel,Two-person,5 Days,Wednesday|Friday
NE99,TKC01 Newcastle (A),Jigsaw Channel,Two-person,5 Days,Wednesday|Friday
SR1,TKC01 Newcastle (A),Jigsaw Channel,Two-person,5 Days,Wednesday|Friday
SR2,TKC01 Newcastle (A),Jigsaw Channel,Two-person,5 Days,Wednesday|Friday
SR3,TKC01 Newcastle (A),Jigsaw Channel,Two-person,5 Days,Wednesday|Friday
SR4,TKC01 Newcastle (A),Jigsaw Channel,Two-person,5 Days,Wednesday|Friday
SR43,TKC01 Newcastle (A),Jigsaw Channel,Two-person,5 Days,Wednesday|Friday
SR5,TKC01 Newcastle (A),Jigsaw Channel,Two-person,5 Days,Wednesday|Friday
SR6,TKC01 Newcastle (A),Jigsaw Channel,Two-person,5 Days,Wednesday|Friday
SR7,TKC01 Newcastle (A),Jigsaw Channel,Two-person,5 Days,Wednesday|Friday
SR9,TKC01 Newcastle (A),Jigsaw Channel,Two-person,5 Days,Wednesday|Friday
DH2,TKC01 Newcastle (A),Merchant Channel,Two-person,5 Days,Wednesday|Friday
DH3,TKC01 Newcastle (A),Merchant Channel,Two-person,5 Days,Wednesday|Friday
DH4,TKC01 Newcastle (A),Merchant Channel,Two-person,5 Days,Wednesday|Friday
DH5,TKC01 Newcastle (A),Merchant Channel,Two-person,5 Days,Wednesday|Friday
DH9,TKC01 Newcastle (A),Merchant Channel,Two-person,5 Days,Wednesday|Friday
DH8,TKC01 Newcastle (B),Merchant Channel,Two-person,5 Days,Wednesday|Friday
NE1,TKC01 Newcastle (A),Merchant Channel,Two-person,5 Days,Wednesday|Friday
NE10,TKC01 Newcastle (A),Merchant Channel,Two-person,5 Days,Wednesday|Friday
NE11,TKC01 Newcastle (A),Merchant Channel,Two-person,5 Days,Wednesday|Friday
NE12,TKC01 Newcastle (A),Merchant Channel,Two-person,5 Days,Wednesday|Friday
NE15,TKC01 Newcastle (A),Merchant Channel,Two-person,5 Days,Wednesday|Friday
NE16,TKC01 Newcastle (A),Merchant Channel,Two-person,5 Days,Wednesday|Friday
NE17,TKC01 Newcastle (A),Merchant Channel,Two-person,5 Days,Wednesday|Friday
NE2,TKC01 Newcastle (A),Merchant Channel,Two-person,5 Days,Wednesday|Friday
NE21,TKC01 Newcastle (A),Merchant Channel,Two-person,5 Days,Wednesday|Friday
NE27,TKC01 Newcastle (A),Merchant Channel,Two-person,5 Days,Wednesday|Friday
NE28,TKC01 Newcastle (A),Merchant Channel,Two-person,5 Days,Wednesday|Friday
NE29,TKC01 Newcastle (A),Merchant Channel,Two-person,5 Days,Wednesday|Friday
NE3,TKC01 Newcastle (A),Merchant Channel,Two-person,5 Days,Wednesday|Friday
NE30,TKC01 Newcastle (A),Merchant Channel,Two-person,5 Days,Wednesday|Friday
NE31,TKC01 Newcastle (A),Merchant Channel,Two-person,5 Days,Wednesday|Friday
NE32,TKC01 Newcastle (A),Merchant Channel,Two-person,5 Days,Wednesday|Friday
NE33,TKC01 Newcastle (A),Merchant Channel,Two-person,5 Days,Wednesday|Friday
NE34,TKC01 Newcastle (A),Merchant Channel,Two-person,5 Days,Wednesday|Friday
NE35,TKC01 Newcastle (A),Merchant Channel,Two-person,5 Days,Wednesday|Friday
NE36,TKC01 Newcastle (A),Merchant Channel,Two-person,5 Days,Wednesday|Friday
NE37,TKC01 Newcastle (A),Merchant Channel,Two-person,5 Days,Wednesday|Friday
NE38,TKC01 Newcastle (A),Merchant Channel,Two-person,5 Days,Wednesday|Friday
NE39,TKC01 Newcastle (A),Merchant Channel,Two-person,5 Days,Wednesday|Friday
NE4,TKC01 Newcastle (A),Merchant Channel,Two-person,5 Days,Wednesday|Friday
NE40,TKC01 Newcastle (A),Merchant Channel,Two-person,5 Days,Wednesday|Friday
NE41,TKC01 Newcastle (A),Merchant Channel,Two-person,5 Days,Wednesday|Friday
NE42,TKC01 Newcastle (A),Merchant Channel,Two-person,5 Days,Wednesday|Friday
NE5,TKC01 Newcastle (A),Merchant Channel,Two-person,5 Days,Wednesday|Friday
NE6,TKC01 Newcastle (A),Merchant Channel,Two-person,5 Days,Wednesday|Friday
NE7,TKC01 Newcastle (A),Merchant Channel,Two-person,5 Days,Wednesday|Friday
NE8,TKC01 Newcastle (A),Merchant Channel,Two-person,5 Days,Wednesday|Friday
NE82,TKC01 Newcastle (A),Merchant Channel,Two-person,5 Days,Wednesday|Friday
NE83,TKC01 Newcastle (A),Merchant Channel,Two-person,5 Days,Wednesday|Friday
NE85,TKC01 Newcastle (A),Merchant Channel,Two-person,5 Days,Wednesday|Friday
NE88,TKC01 Newcastle (A),Merchant Channel,Two-person,5 Days,Wednesday|Friday
NE89,TKC01 Newcastle (A),Merchant Channel,Two-person,5 Days,Wednesday|Friday
NE9,TKC01 Newcastle (A),Merchant Channel,Two-person,5 Days,Wednesday|Friday
NE92,TKC01 Newcastle (A),Merchant Channel,Two-person,5 Days,Wednesday|Friday
NE98,TKC01 Newcastle (A),Merchant Channel,Two-person,5 Days,Wednesday|Friday
NE99,TKC01 Newcastle (A),Merchant Channel,Two-person,5 Days,Wednesday|Friday
SR1,TKC01 Newcastle (A),Merchant Channel,Two-person,5 Days,Wednesday|Friday
SR2,TKC01 Newcastle (A),Merchant Channel,Two-person,5 Days,Wednesday|Friday
SR3,TKC01 Newcastle (A),Merchant Channel,Two-person,5 Days,Wednesday|Friday
SR4,TKC01 Newcastle (A),Merchant Channel,Two-person,5 Days,Wednesday|Friday
SR43,TKC01 Newcastle (A),Merchant Channel,Two-person,5 Days,Wednesday|Friday
SR5,TKC01 Newcastle (A),Merchant Channel,Two-person,5 Days,Wednesday|Friday
SR6,TKC01 Newcastle (A),Merchant Channel,Two-person,5 Days,Wednesday|Friday
SR7,TKC01 Newcastle (A),Merchant Channel,Two-person,5 Days,Wednesday|Friday
SR9,TKC01 Newcastle (A),Merchant Channel,Two-person,5 Days,Wednesday|Friday
DH2,TKC01 Newcastle (A),Retail Channel,Two-person,21 Days,Wednesday|Friday
DH3,TKC01 Newcastle (A),Retail Channel,Two-person,21 Days,Wednesday|Friday
DH4,TKC01 Newcastle (A),Retail Channel,Two-person,21 Days,Wednesday|Friday
DH5,TKC01 Newcastle (A),Retail Channel,Two-person,21 Days,Wednesday|Friday
DH9,TKC01 Newcastle (A),Retail Channel,Two-person,21 Days,Wednesday|Friday
DH8,TKC01 Newcastle (B),Retail Channel,Two-person,21 Days,Wednesday|Friday
NE1,TKC01 Newcastle (A),Retail Channel,Two-person,21 Days,Wednesday|Friday
NE10,TKC01 Newcastle (A),Retail Channel,Two-person,21 Days,Wednesday|Friday
NE11,TKC01 Newcastle (A),Retail Channel,Two-person,21 Days,Wednesday|Friday
NE12,TKC01 Newcastle (A),Retail Channel,Two-person,21 Days,Wednesday|Friday
NE15,TKC01 Newcastle (A),Retail Channel,Two-person,21 Days,Wednesday|Friday
NE16,TKC01 Newcastle (A),Retail Channel,Two-person,21 Days,Wednesday|Friday
NE17,TKC01 Newcastle (A),Retail Channel,Two-person,21 Days,Wednesday|Friday
NE2,TKC01 Newcastle (A),Retail Channel,Two-person,21 Days,Wednesday|Friday
NE21,TKC01 Newcastle (A),Retail Channel,Two-person,21 Days,Wednesday|Friday
NE27,TKC01 Newcastle (A),Retail Channel,Two-person,21 Days,Wednesday|Friday
NE28,TKC01 Newcastle (A),Retail Channel,Two-person,21 Days,Wednesday|Friday
NE29,TKC01 Newcastle (A),Retail Channel,Two-person,21 Days,Wednesday|Friday
NE3,TKC01 Newcastle (A),Retail Channel,Two-person,21 Days,Wednesday|Friday
NE30,TKC01 Newcastle (A),Retail Channel,Two-person,21 Days,Wednesday|Friday
NE31,TKC01 Newcastle (A),Retail Channel,Two-person,21 Days,Wednesday|Friday
NE32,TKC01 Newcastle (A),Retail Channel,Two-person,21 Days,Wednesday|Friday
NE33,TKC01 Newcastle (A),Retail Channel,Two-person,21 Days,Wednesday|Friday
NE34,TKC01 Newcastle (A),Retail Channel,Two-person,21 Days,Wednesday|Friday
NE35,TKC01 Newcastle (A),Retail Channel,Two-person,21 Days,Wednesday|Friday
NE36,TKC01 Newcastle (A),Retail Channel,Two-person,21 Days,Wednesday|Friday
NE37,TKC01 Newcastle (A),Retail Channel,Two-person,21 Days,Wednesday|Friday
NE38,TKC01 Newcastle (A),Retail Channel,Two-person,21 Days,Wednesday|Friday
NE39,TKC01 Newcastle (A),Retail Channel,Two-person,21 Days,Wednesday|Friday
NE4,TKC01 Newcastle (A),Retail Channel,Two-person,21 Days,Wednesday|Friday
NE40,TKC01 Newcastle (A),Retail Channel,Two-person,21 Days,Wednesday|Friday
NE41,TKC01 Newcastle (A),Retail Channel,Two-person,21 Days,Wednesday|Friday
NE42,TKC01 Newcastle (A),Retail Channel,Two-person,21 Days,Wednesday|Friday
NE5,TKC01 Newcastle (A),Retail Channel,Two-person,21 Days,Wednesday|Friday
NE6,TKC01 Newcastle (A),Retail Channel,Two-person,21 Days,Wednesday|Friday
NE7,TKC01 Newcastle (A),Retail Channel,Two-person,21 Days,Wednesday|Friday
NE8,TKC01 Newcastle (A),Retail Channel,Two-person,21 Days,Wednesday|Friday
NE82,TKC01 Newcastle (A),Retail Channel,Two-person,21 Days,Wednesday|Friday
NE83,TKC01 Newcastle (A),Retail Channel,Two-person,21 Days,Wednesday|Friday
NE85,TKC01 Newcastle (A),Retail Channel,Two-person,21 Days,Wednesday|Friday
NE88,TKC01 Newcastle (A),Retail Channel,Two-person,21 Days,Wednesday|Friday
NE89,TKC01 Newcastle (A),Retail Channel,Two-person,21 Days,Wednesday|Friday
NE9,TKC01 Newcastle (A),Retail Channel,Two-person,21 Days,Wednesday|Friday
NE92,TKC01 Newcastle (A),Retail Channel,Two-person,21 Days,Wednesday|Friday
NE98,TKC01 Newcastle (A),Retail Channel,Two-person,21 Days,Wednesday|Friday
NE99,TKC01 Newcastle (A),Retail Channel,Two-person,21 Days,Wednesday|Friday
SR1,TKC01 Newcastle (A),Retail Channel,Two-person,21 Days,Wednesday|Friday
SR2,TKC01 Newcastle (A),Retail Channel,Two-person,21 Days,Wednesday|Friday
SR3,TKC01 Newcastle (A),Retail Channel,Two-person,21 Days,Wednesday|Friday
SR4,TKC01 Newcastle (A),Retail Channel,Two-person,21 Days,Wednesday|Friday
SR43,TKC01 Newcastle (A),Retail Channel,Two-person,21 Days,Wednesday|Friday
SR5,TKC01 Newcastle (A),Retail Channel,Two-person,21 Days,Wednesday|Friday
SR6,TKC01 Newcastle (A),Retail Channel,Two-person,21 Days,Wednesday|Friday
SR7,TKC01 Newcastle (A),Retail Channel,Two-person,21 Days,Wednesday|Friday
SR9,TKC01 Newcastle (A),Retail Channel,Two-person,21 Days,Wednesday|Friday
NE13,TKC01 Newcastle North,Component Channel,One-person,1 Day,Wednesday
NE18,TKC01 Newcastle North,Component Channel,One-person,1 Day,Wednesday
NE19,TKC01 Newcastle North,Component Channel,One-person,1 Day,Wednesday
NE20,TKC01 Newcastle North,Component Channel,One-person,1 Day,Wednesday
NE22,TKC01 Newcastle North,Component Channel,One-person,1 Day,Wednesday
NE23,TKC01 Newcastle North,Component Channel,One-person,1 Day,Wednesday
NE24,TKC01 Newcastle North,Component Channel,One-person,1 Day,Wednesday
NE25,TKC01 Newcastle North,Component Channel,One-person,1 Day,Wednesday
NE26,TKC01 Newcastle North,Component Channel,One-person,1 Day,Wednesday
NE43,TKC01 Newcastle North,Component Channel,One-person,1 Day,Wednesday
NE44,TKC01 Newcastle North,Component Channel,One-person,1 Day,Wednesday
NE45,TKC01 Newcastle North,Component Channel,One-person,1 Day,Wednesday
NE46,TKC01 Newcastle North,Component Channel,One-person,1 Day,Wednesday
NE47,TKC01 Newcastle North,Component Channel,One-person,1 Day,Wednesday
NE48,TKC01 Newcastle North,Component Channel,One-person,1 Day,Wednesday
NE49,TKC01 Newcastle North,Component Channel,One-person,1 Day,Wednesday
NE61,TKC01 Newcastle North,Component Channel,One-person,1 Day,Wednesday
NE62,TKC01 Newcastle North,Component Channel,One-person,1 Day,Wednesday
NE63,TKC01 Newcastle North,Component Channel,One-person,1 Day,Wednesday
NE64,TKC01 Newcastle North,Component Channel,One-person,1 Day,Wednesday
NE65,TKC01 Newcastle North,Component Channel,One-person,1 Day,Wednesday
NE66,TKC01 Newcastle North,Component Channel,One-person,1 Day,Wednesday
NE67,TKC01 Newcastle North,Component Channel,One-person,1 Day,Wednesday
NE68,TKC01 Newcastle North,Component Channel,One-person,1 Day,Wednesday
NE69,TKC01 Newcastle North,Component Channel,One-person,1 Day,Wednesday
NE70,TKC01 Newcastle North,Component Channel,One-person,1 Day,Wednesday
NE71,TKC01 Newcastle North,Component Channel,One-person,1 Day,Wednesday
NE13,TKC01 Newcastle North,Jigsaw Channel,Two-person,5 Days,Wednesday
NE18,TKC01 Newcastle North,Jigsaw Channel,Two-person,5 Days,Wednesday
NE19,TKC01 Newcastle North,Jigsaw Channel,Two-person,5 Days,Wednesday
NE20,TKC01 Newcastle North,Jigsaw Channel,Two-person,5 Days,Wednesday
NE22,TKC01 Newcastle North,Jigsaw Channel,Two-person,5 Days,Wednesday
NE23,TKC01 Newcastle North,Jigsaw Channel,Two-person,5 Days,Wednesday
NE24,TKC01 Newcastle North,Jigsaw Channel,Two-person,5 Days,Wednesday
NE25,TKC01 Newcastle North,Jigsaw Channel,Two-person,5 Days,Wednesday
NE26,TKC01 Newcastle North,Jigsaw Channel,Two-person,5 Days,Wednesday
NE43,TKC01 Newcastle North,Jigsaw Channel,Two-person,5 Days,Wednesday
NE44,TKC01 Newcastle North,Jigsaw Channel,Two-person,5 Days,Wednesday
NE45,TKC01 Newcastle North,Jigsaw Channel,Two-person,5 Days,Wednesday
NE46,TKC01 Newcastle North,Jigsaw Channel,Two-person,5 Days,Wednesday
NE47,TKC01 Newcastle North,Jigsaw Channel,Two-person,5 Days,Wednesday
NE48,TKC01 Newcastle North,Jigsaw Channel,Two-person,5 Days,Wednesday
NE49,TKC01 Newcastle North,Jigsaw Channel,Two-person,5 Days,Wednesday
NE61,TKC01 Newcastle North,Jigsaw Channel,Two-person,5 Days,Wednesday
NE62,TKC01 Newcastle North,Jigsaw Channel,Two-person,5 Days,Wednesday
NE63,TKC01 Newcastle North,Jigsaw Channel,Two-person,5 Days,Wednesday
NE64,TKC01 Newcastle North,Jigsaw Channel,Two-person,5 Days,Wednesday
NE65,TKC01 Newcastle North,Jigsaw Channel,Two-person,5 Days,Wednesday
NE66,TKC01 Newcastle North,Jigsaw Channel,Two-person,5 Days,Wednesday
NE67,TKC01 Newcastle North,Jigsaw Channel,Two-person,5 Days,Wednesday
NE68,TKC01 Newcastle North,Jigsaw Channel,Two-person,5 Days,Wednesday
NE69,TKC01 Newcastle North,Jigsaw Channel,Two-person,5 Days,Wednesday
NE70,TKC01 Newcastle North,Jigsaw Channel,Two-person,5 Days,Wednesday
NE71,TKC01 Newcastle North,Jigsaw Channel,Two-person,5 Days,Wednesday
NE13,TKC01 Newcastle North,Merchant Channel,Two-person,5 Days,Wednesday
NE18,TKC01 Newcastle North,Merchant Channel,Two-person,5 Days,Wednesday
NE19,TKC01 Newcastle North,Merchant Channel,Two-person,5 Days,Wednesday
NE20,TKC01 Newcastle North,Merchant Channel,Two-person,5 Days,Wednesday
NE22,TKC01 Newcastle North,Merchant Channel,Two-person,5 Days,Wednesday
NE23,TKC01 Newcastle North,Merchant Channel,Two-person,5 Days,Wednesday
NE24,TKC01 Newcastle North,Merchant Channel,Two-person,5 Days,Wednesday
NE25,TKC01 Newcastle North,Merchant Channel,Two-person,5 Days,Wednesday
NE26,TKC01 Newcastle North,Merchant Channel,Two-person,5 Days,Wednesday
NE43,TKC01 Newcastle North,Merchant Channel,Two-person,5 Days,Wednesday
NE44,TKC01 Newcastle North,Merchant Channel,Two-person,5 Days,Wednesday
NE45,TKC01 Newcastle North,Merchant Channel,Two-person,5 Days,Wednesday
NE46,TKC01 Newcastle North,Merchant Channel,Two-person,5 Days,Wednesday
NE47,TKC01 Newcastle North,Merchant Channel,Two-person,5 Days,Wednesday
NE48,TKC01 Newcastle North,Merchant Channel,Two-person,5 Days,Wednesday
NE49,TKC01 Newcastle North,Merchant Channel,Two-person,5 Days,Wednesday
NE61,TKC01 Newcastle North,Merchant Channel,Two-person,5 Days,Wednesday
NE62,TKC01 Newcastle North,Merchant Channel,Two-person,5 Days,Wednesday
NE63,TKC01 Newcastle North,Merchant Channel,Two-person,5 Days,Wednesday
NE64,TKC01 Newcastle North,Merchant Channel,Two-person,5 Days,Wednesday
NE65,TKC01 Newcastle North,Merchant Channel,Two-person,5 Days,Wednesday
NE66,TKC01 Newcastle North,Merchant Channel,Two-person,5 Days,Wednesday
NE67,TKC01 Newcastle North,Merchant Channel,Two-person,5 Days,Wednesday
NE68,TKC01 Newcastle North,Merchant Channel,Two-person,5 Days,Wednesday
NE69,TKC01 Newcastle North,Merchant Channel,Two-person,5 Days,Wednesday
NE70,TKC01 Newcastle North,Merchant Channel,Two-person,5 Days,Wednesday
NE71,TKC01 Newcastle North,Merchant Channel,Two-person,5 Days,Wednesday
NE13,TKC01 Newcastle North,Retail Channel,Two-person,21 Days,Wednesday
NE18,TKC01 Newcastle North,Retail Channel,Two-person,21 Days,Wednesday
NE19,TKC01 Newcastle North,Retail Channel,Two-person,21 Days,Wednesday
NE20,TKC01 Newcastle North,Retail Channel,Two-person,21 Days,Wednesday
NE22,TKC01 Newcastle North,Retail Channel,Two-person,21 Days,Wednesday
NE23,TKC01 Newcastle North,Retail Channel,Two-person,21 Days,Wednesday
NE24,TKC01 Newcastle North,Retail Channel,Two-person,21 Days,Wednesday
NE25,TKC01 Newcastle North,Retail Channel,Two-person,21 Days,Wednesday
NE26,TKC01 Newcastle North,Retail Channel,Two-person,21 Days,Wednesday
NE43,TKC01 Newcastle North,Retail Channel,Two-person,21 Days,Wednesday
NE44,TKC01 Newcastle North,Retail Channel,Two-person,21 Days,Wednesday
NE45,TKC01 Newcastle North,Retail Channel,Two-person,21 Days,Wednesday
NE46,TKC01 Newcastle North,Retail Channel,Two-person,21 Days,Wednesday
NE47,TKC01 Newcastle North,Retail Channel,Two-person,21 Days,Wednesday
NE48,TKC01 Newcastle North,Retail Channel,Two-person,21 Days,Wednesday
NE49,TKC01 Newcastle North,Retail Channel,Two-person,21 Days,Wednesday
NE61,TKC01 Newcastle North,Retail Channel,Two-person,21 Days,Wednesday
NE62,TKC01 Newcastle North,Retail Channel,Two-person,21 Days,Wednesday
NE63,TKC01 Newcastle North,Retail Channel,Two-person,21 Days,Wednesday
NE64,TKC01 Newcastle North,Retail Channel,Two-person,21 Days,Wednesday
NE65,TKC01 Newcastle North,Retail Channel,Two-person,21 Days,Wednesday
NE66,TKC01 Newcastle North,Retail Channel,Two-person,21 Days,Wednesday
NE67,TKC01 Newcastle North,Retail Channel,Two-person,21 Days,Wednesday
NE68,TKC01 Newcastle North,Retail Channel,Two-person,21 Days,Wednesday
NE69,TKC01 Newcastle North,Retail Channel,Two-person,21 Days,Wednesday
NE70,TKC01 Newcastle North,Retail Channel,Two-person,21 Days,Wednesday
NE71,TKC01 Newcastle North,Retail Channel,Two-person,21 Days,Wednesday
LL11,TKC01 North Wales,Component Channel,One-person,1 Day,Wednesday|Friday
LL12,TKC01 North Wales,Component Channel,One-person,1 Day,Wednesday|Friday
LL13,TKC01 North Wales,Component Channel,One-person,1 Day,Wednesday|Friday
LL14,TKC01 North Wales,Component Channel,One-person,1 Day,Wednesday|Friday
LL15,TKC01 North Wales,Component Channel,One-person,1 Day,Wednesday|Friday
LL16,TKC01 North Wales,Component Channel,One-person,1 Day,Wednesday|Friday
LL17,TKC01 North Wales,Component Channel,One-person,1 Day,Wednesday|Friday
LL18,TKC01 North Wales,Component Channel,One-person,1 Day,Wednesday|Friday
LL19,TKC01 North Wales,Component Channel,One-person,1 Day,Wednesday|Friday
LL20,TKC01 North Wales,Component Channel,One-person,1 Day,Wednesday|Friday
LL21,TKC01 North Wales,Component Channel,One-person,1 Day,Wednesday|Friday
LL22,TKC01 North Wales,Component Channel,One-person,1 Day,Wednesday|Friday
LL23,TKC01 North Wales,Component Channel,One-person,1 Day,Wednesday|Friday
LL24,TKC01 North Wales,Component Channel,One-person,1 Day,Wednesday|Friday
LL25,TKC01 North Wales,Component Channel,One-person,1 Day,Wednesday|Friday
LL26,TKC01 North Wales,Component Channel,One-person,1 Day,Wednesday|Friday
LL27,TKC01 North Wales,Component Channel,One-person,1 Day,Wednesday|Friday
LL28,TKC01 North Wales,Component Channel,One-person,1 Day,Wednesday|Friday
LL29,TKC01 North Wales,Component Channel,One-person,1 Day,Wednesday|Friday
LL30,TKC01 North Wales,Component Channel,One-person,1 Day,Wednesday|Friday
LL31,TKC01 North Wales,Component Channel,One-person,1 Day,Wednesday|Friday
LL32,TKC01 North Wales,Component Channel,One-person,1 Day,Wednesday|Friday
LL33,TKC01 North Wales,Component Channel,One-person,1 Day,Wednesday|Friday
LL34,TKC01 North Wales,Component Channel,One-person,1 Day,Wednesday|Friday
LL35,TKC01 North Wales,Component Channel,One-person,1 Day,Wednesday|Friday
LL36,TKC01 North Wales,Component Channel,One-person,1 Day,Wednesday|Friday
LL37,TKC01 North Wales,Component Channel,One-person,1 Day,Wednesday|Friday
LL38,TKC01 North Wales,Component Channel,One-person,1 Day,Wednesday|Friday
LL39,TKC01 North Wales,Component Channel,One-person,1 Day,Wednesday|Friday
LL40,TKC01 North Wales,Component Channel,One-person,1 Day,Wednesday|Friday
LL41,TKC01 North Wales,Component Channel,One-person,1 Day,Wednesday|Friday
LL42,TKC01 North Wales,Component Channel,One-person,1 Day,Wednesday|Friday
LL43,TKC01 North Wales,Component Channel,One-person,1 Day,Wednesday|Friday
LL44,TKC01 North Wales,Component Channel,One-person,1 Day,Wednesday|Friday
LL45,TKC01 North Wales,Component Channel,One-person,1 Day,Wednesday|Friday
LL46,TKC01 North Wales,Component Channel,One-person,1 Day,Wednesday|Friday
LL47,TKC01 North Wales,Component Channel,One-person,1 Day,Wednesday|Friday
LL48,TKC01 North Wales,Component Channel,One-person,1 Day,Wednesday|Friday
LL49,TKC01 North Wales,Component Channel,One-person,1 Day,Wednesday|Friday
LL51,TKC01 North Wales,Component Channel,One-person,1 Day,Wednesday|Friday
LL52,TKC01 North Wales,Component Channel,One-person,1 Day,Wednesday|Friday
LL53,TKC01 North Wales,Component Channel,One-person,1 Day,Wednesday|Friday
LL54,TKC01 North Wales,Component Channel,One-person,1 Day,Wednesday|Friday
LL55,TKC01 North Wales,Component Channel,One-person,1 Day,Wednesday|Friday
LL56,TKC01 North Wales,Component Channel,One-person,1 Day,Wednesday|Friday
LL57,TKC01 North Wales,Component Channel,One-person,1 Day,Wednesday|Friday
LL58,TKC01 North Wales,Component Channel,One-person,1 Day,Wednesday|Friday
LL59,TKC01 North Wales,Component Channel,One-person,1 Day,Wednesday|Friday
LL60,TKC01 North Wales,Component Channel,One-person,1 Day,Wednesday|Friday
LL61,TKC01 North Wales,Component Channel,One-person,1 Day,Wednesday|Friday
LL62,TKC01 North Wales,Component Channel,One-person,1 Day,Wednesday|Friday
LL63,TKC01 North Wales,Component Channel,One-person,1 Day,Wednesday|Friday
LL64,TKC01 North Wales,Component Channel,One-person,1 Day,Wednesday|Friday
LL65,TKC01 North Wales,Component Channel,One-person,1 Day,Wednesday|Friday
LL66,TKC01 North Wales,Component Channel,One-person,1 Day,Wednesday|Friday
LL67,TKC01 North Wales,Component Channel,One-person,1 Day,Wednesday|Friday
LL68,TKC01 North Wales,Component Channel,One-person,1 Day,Wednesday|Friday
LL69,TKC01 North Wales,Component Channel,One-person,1 Day,Wednesday|Friday
LL70,TKC01 North Wales,Component Channel,One-person,1 Day,Wednesday|Friday
LL71,TKC01 North Wales,Component Channel,One-person,1 Day,Wednesday|Friday
LL72,TKC01 North Wales,Component Channel,One-person,1 Day,Wednesday|Friday
LL73,TKC01 North Wales,Component Channel,One-person,1 Day,Wednesday|Friday
LL74,TKC01 North Wales,Component Channel,One-person,1 Day,Wednesday|Friday
LL75,TKC01 North Wales,Component Channel,One-person,1 Day,Wednesday|Friday
LL76,TKC01 North Wales,Component Channel,One-person,1 Day,Wednesday|Friday
LL77,TKC01 North Wales,Component Channel,One-person,1 Day,Wednesday|Friday
LL78,TKC01 North Wales,Component Channel,One-person,1 Day,Wednesday|Friday
LL11,TKC01 North Wales,Jigsaw Channel,Two-person,5 Days,Wednesday|Friday
LL12,TKC01 North Wales,Jigsaw Channel,Two-person,5 Days,Wednesday|Friday
LL13,TKC01 North Wales,Jigsaw Channel,Two-person,5 Days,Wednesday|Friday
LL14,TKC01 North Wales,Jigsaw Channel,Two-person,5 Days,Wednesday|Friday
LL15,TKC01 North Wales,Jigsaw Channel,Two-person,5 Days,Wednesday|Friday
LL16,TKC01 North Wales,Jigsaw Channel,Two-person,5 Days,Wednesday|Friday
LL17,TKC01 North Wales,Jigsaw Channel,Two-person,5 Days,Wednesday|Friday
LL18,TKC01 North Wales,Jigsaw Channel,Two-person,5 Days,Wednesday|Friday
LL19,TKC01 North Wales,Jigsaw Channel,Two-person,5 Days,Wednesday|Friday
LL20,TKC01 North Wales,Jigsaw Channel,Two-person,5 Days,Wednesday|Friday
LL21,TKC01 North Wales,Jigsaw Channel,Two-person,5 Days,Wednesday|Friday
LL22,TKC01 North Wales,Jigsaw Channel,Two-person,5 Days,Wednesday|Friday
LL23,TKC01 North Wales,Jigsaw Channel,Two-person,5 Days,Wednesday|Friday
LL24,TKC01 North Wales,Jigsaw Channel,Two-person,5 Days,Wednesday|Friday
LL25,TKC01 North Wales,Jigsaw Channel,Two-person,5 Days,Wednesday|Friday
LL26,TKC01 North Wales,Jigsaw Channel,Two-person,5 Days,Wednesday|Friday
LL27,TKC01 North Wales,Jigsaw Channel,Two-person,5 Days,Wednesday|Friday
LL28,TKC01 North Wales,Jigsaw Channel,Two-person,5 Days,Wednesday|Friday
LL29,TKC01 North Wales,Jigsaw Channel,Two-person,5 Days,Wednesday|Friday
LL30,TKC01 North Wales,Jigsaw Channel,Two-person,5 Days,Wednesday|Friday
LL31,TKC01 North Wales,Jigsaw Channel,Two-person,5 Days,Wednesday|Friday
LL32,TKC01 North Wales,Jigsaw Channel,Two-person,5 Days,Wednesday|Friday
LL33,TKC01 North Wales,Jigsaw Channel,Two-person,5 Days,Wednesday|Friday
LL34,TKC01 North Wales,Jigsaw Channel,Two-person,5 Days,Wednesday|Friday
LL35,TKC01 North Wales,Jigsaw Channel,Two-person,5 Days,Wednesday|Friday
LL36,TKC01 North Wales,Jigsaw Channel,Two-person,5 Days,Wednesday|Friday
LL37,TKC01 North Wales,Jigsaw Channel,Two-person,5 Days,Wednesday|Friday
LL38,TKC01 North Wales,Jigsaw Channel,Two-person,5 Days,Wednesday|Friday
LL39,TKC01 North Wales,Jigsaw Channel,Two-person,5 Days,Wednesday|Friday
LL40,TKC01 North Wales,Jigsaw Channel,Two-person,5 Days,Wednesday|Friday
LL41,TKC01 North Wales,Jigsaw Channel,Two-person,5 Days,Wednesday|Friday
LL42,TKC01 North Wales,Jigsaw Channel,Two-person,5 Days,Wednesday|Friday
LL43,TKC01 North Wales,Jigsaw Channel,Two-person,5 Days,Wednesday|Friday
LL44,TKC01 North Wales,Jigsaw Channel,Two-person,5 Days,Wednesday|Friday
LL45,TKC01 North Wales,Jigsaw Channel,Two-person,5 Days,Wednesday|Friday
LL46,TKC01 North Wales,Jigsaw Channel,Two-person,5 Days,Wednesday|Friday
LL47,TKC01 North Wales,Jigsaw Channel,Two-person,5 Days,Wednesday|Friday
LL48,TKC01 North Wales,Jigsaw Channel,Two-person,5 Days,Wednesday|Friday
LL49,TKC01 North Wales,Jigsaw Channel,Two-person,5 Days,Wednesday|Friday
LL51,TKC01 North Wales,Jigsaw Channel,Two-person,5 Days,Wednesday|Friday
LL52,TKC01 North Wales,Jigsaw Channel,Two-person,5 Days,Wednesday|Friday
LL53,TKC01 North Wales,Jigsaw Channel,Two-person,5 Days,Wednesday|Friday
LL54,TKC01 North Wales,Jigsaw Channel,Two-person,5 Days,Wednesday|Friday
LL55,TKC01 North Wales,Jigsaw Channel,Two-person,5 Days,Wednesday|Friday
LL56,TKC01 North Wales,Jigsaw Channel,Two-person,5 Days,Wednesday|Friday
LL57,TKC01 North Wales,Jigsaw Channel,Two-person,5 Days,Wednesday|Friday
LL58,TKC01 North Wales,Jigsaw Channel,Two-person,5 Days,Wednesday|Friday
LL59,TKC01 North Wales,Jigsaw Channel,Two-person,5 Days,Wednesday|Friday
LL60,TKC01 North Wales,Jigsaw Channel,Two-person,5 Days,Wednesday|Friday
LL61,TKC01 North Wales,Jigsaw Channel,Two-person,5 Days,Wednesday|Friday
LL62,TKC01 North Wales,Jigsaw Channel,Two-person,5 Days,Wednesday|Friday
LL63,TKC01 North Wales,Jigsaw Channel,Two-person,5 Days,Wednesday|Friday
LL64,TKC01 North Wales,Jigsaw Channel,Two-person,5 Days,Wednesday|Friday
LL65,TKC01 North Wales,Jigsaw Channel,Two-person,5 Days,Wednesday|Friday
LL66,TKC01 North Wales,Jigsaw Channel,Two-person,5 Days,Wednesday|Friday
LL67,TKC01 North Wales,Jigsaw Channel,Two-person,5 Days,Wednesday|Friday
LL68,TKC01 North Wales,Jigsaw Channel,Two-person,5 Days,Wednesday|Friday
LL69,TKC01 North Wales,Jigsaw Channel,Two-person,5 Days,Wednesday|Friday
LL70,TKC01 North Wales,Jigsaw Channel,Two-person,5 Days,Wednesday|Friday
LL71,TKC01 North Wales,Jigsaw Channel,Two-person,5 Days,Wednesday|Friday
LL72,TKC01 North Wales,Jigsaw Channel,Two-person,5 Days,Wednesday|Friday
LL73,TKC01 North Wales,Jigsaw Channel,Two-person,5 Days,Wednesday|Friday
LL74,TKC01 North Wales,Jigsaw Channel,Two-person,5 Days,Wednesday|Friday
LL75,TKC01 North Wales,Jigsaw Channel,Two-person,5 Days,Wednesday|Friday
LL76,TKC01 North Wales,Jigsaw Channel,Two-person,5 Days,Wednesday|Friday
LL77,TKC01 North Wales,Jigsaw Channel,Two-person,5 Days,Wednesday|Friday
LL78,TKC01 North Wales,Jigsaw Channel,Two-person,5 Days,Wednesday|Friday
LL11,TKC01 North Wales,Merchant Channel,Two-person,5 Days,Wednesday|Friday
LL12,TKC01 North Wales,Merchant Channel,Two-person,5 Days,Wednesday|Friday
LL13,TKC01 North Wales,Merchant Channel,Two-person,5 Days,Wednesday|Friday
LL14,TKC01 North Wales,Merchant Channel,Two-person,5 Days,Wednesday|Friday
LL15,TKC01 North Wales,Merchant Channel,Two-person,5 Days,Wednesday|Friday
LL16,TKC01 North Wales,Merchant Channel,Two-person,5 Days,Wednesday|Friday
LL17,TKC01 North Wales,Merchant Channel,Two-person,5 Days,Wednesday|Friday
LL18,TKC01 North Wales,Merchant Channel,Two-person,5 Days,Wednesday|Friday
LL19,TKC01 North Wales,Merchant Channel,Two-person,5 Days,Wednesday|Friday
LL20,TKC01 North Wales,Merchant Channel,Two-person,5 Days,Wednesday|Friday
LL21,TKC01 North Wales,Merchant Channel,Two-person,5 Days,Wednesday|Friday
LL22,TKC01 North Wales,Merchant Channel,Two-person,5 Days,Wednesday|Friday
LL23,TKC01 North Wales,Merchant Channel,Two-person,5 Days,Wednesday|Friday
LL24,TKC01 North Wales,Merchant Channel,Two-person,5 Days,Wednesday|Friday
LL25,TKC01 North Wales,Merchant Channel,Two-person,5 Days,Wednesday|Friday
LL26,TKC01 North Wales,Merchant Channel,Two-person,5 Days,Wednesday|Friday
LL27,TKC01 North Wales,Merchant Channel,Two-person,5 Days,Wednesday|Friday
LL28,TKC01 North Wales,Merchant Channel,Two-person,5 Days,Wednesday|Friday
LL29,TKC01 North Wales,Merchant Channel,Two-person,5 Days,Wednesday|Friday
LL30,TKC01 North Wales,Merchant Channel,Two-person,5 Days,Wednesday|Friday
LL31,TKC01 North Wales,Merchant Channel,Two-person,5 Days,Wednesday|Friday
LL32,TKC01 North Wales,Merchant Channel,Two-person,5 Days,Wednesday|Friday
LL33,TKC01 North Wales,Merchant Channel,Two-person,5 Days,Wednesday|Friday
LL34,TKC01 North Wales,Merchant Channel,Two-person,5 Days,Wednesday|Friday
LL35,TKC01 North Wales,Merchant Channel,Two-person,5 Days,Wednesday|Friday
LL36,TKC01 North Wales,Merchant Channel,Two-person,5 Days,Wednesday|Friday
LL37,TKC01 North Wales,Merchant Channel,Two-person,5 Days,Wednesday|Friday
LL38,TKC01 North Wales,Merchant Channel,Two-person,5 Days,Wednesday|Friday
LL39,TKC01 North Wales,Merchant Channel,Two-person,5 Days,Wednesday|Friday
LL40,TKC01 North Wales,Merchant Channel,Two-person,5 Days,Wednesday|Friday
LL41,TKC01 North Wales,Merchant Channel,Two-person,5 Days,Wednesday|Friday
LL42,TKC01 North Wales,Merchant Channel,Two-person,5 Days,Wednesday|Friday
LL43,TKC01 North Wales,Merchant Channel,Two-person,5 Days,Wednesday|Friday
LL44,TKC01 North Wales,Merchant Channel,Two-person,5 Days,Wednesday|Friday
LL45,TKC01 North Wales,Merchant Channel,Two-person,5 Days,Wednesday|Friday
LL46,TKC01 North Wales,Merchant Channel,Two-person,5 Days,Wednesday|Friday
LL47,TKC01 North Wales,Merchant Channel,Two-person,5 Days,Wednesday|Friday
LL48,TKC01 North Wales,Merchant Channel,Two-person,5 Days,Wednesday|Friday
LL49,TKC01 North Wales,Merchant Channel,Two-person,5 Days,Wednesday|Friday
LL51,TKC01 North Wales,Merchant Channel,Two-person,5 Days,Wednesday|Friday
LL52,TKC01 North Wales,Merchant Channel,Two-person,5 Days,Wednesday|Friday
LL53,TKC01 North Wales,Merchant Channel,Two-person,5 Days,Wednesday|Friday
LL54,TKC01 North Wales,Merchant Channel,Two-person,5 Days,Wednesday|Friday
LL55,TKC01 North Wales,Merchant Channel,Two-person,5 Days,Wednesday|Friday
LL56,TKC01 North Wales,Merchant Channel,Two-person,5 Days,Wednesday|Friday
LL57,TKC01 North Wales,Merchant Channel,Two-person,5 Days,Wednesday|Friday
LL58,TKC01 North Wales,Merchant Channel,Two-person,5 Days,Wednesday|Friday
LL59,TKC01 North Wales,Merchant Channel,Two-person,5 Days,Wednesday|Friday
LL60,TKC01 North Wales,Merchant Channel,Two-person,5 Days,Wednesday|Friday
LL61,TKC01 North Wales,Merchant Channel,Two-person,5 Days,Wednesday|Friday
LL62,TKC01 North Wales,Merchant Channel,Two-person,5 Days,Wednesday|Friday
LL63,TKC01 North Wales,Merchant Channel,Two-person,5 Days,Wednesday|Friday
LL64,TKC01 North Wales,Merchant Channel,Two-person,5 Days,Wednesday|Friday
LL65,TKC01 North Wales,Merchant Channel,Two-person,5 Days,Wednesday|Friday
LL66,TKC01 North Wales,Merchant Channel,Two-person,5 Days,Wednesday|Friday
LL67,TKC01 North Wales,Merchant Channel,Two-person,5 Days,Wednesday|Friday
LL68,TKC01 North Wales,Merchant Channel,Two-person,5 Days,Wednesday|Friday
LL69,TKC01 North Wales,Merchant Channel,Two-person,5 Days,Wednesday|Friday
LL70,TKC01 North Wales,Merchant Channel,Two-person,5 Days,Wednesday|Friday
LL71,TKC01 North Wales,Merchant Channel,Two-person,5 Days,Wednesday|Friday
LL72,TKC01 North Wales,Merchant Channel,Two-person,5 Days,Wednesday|Friday
LL73,TKC01 North Wales,Merchant Channel,Two-person,5 Days,Wednesday|Friday
LL74,TKC01 North Wales,Merchant Channel,Two-person,5 Days,Wednesday|Friday
LL75,TKC01 North Wales,Merchant Channel,Two-person,5 Days,Wednesday|Friday
LL76,TKC01 North Wales,Merchant Channel,Two-person,5 Days,Wednesday|Friday
LL77,TKC01 North Wales,Merchant Channel,Two-person,5 Days,Wednesday|Friday
LL78,TKC01 North Wales,Merchant Channel,Two-person,5 Days,Wednesday|Friday
LL11,TKC01 North Wales,Retail Channel,Two-person,21 Days,Wednesday|Friday
LL12,TKC01 North Wales,Retail Channel,Two-person,21 Days,Wednesday|Friday
LL13,TKC01 North Wales,Retail Channel,Two-person,21 Days,Wednesday|Friday
LL14,TKC01 North Wales,Retail Channel,Two-person,21 Days,Wednesday|Friday
LL15,TKC01 North Wales,Retail Channel,Two-person,21 Days,Wednesday|Friday
LL16,TKC01 North Wales,Retail Channel,Two-person,21 Days,Wednesday|Friday
LL17,TKC01 North Wales,Retail Channel,Two-person,21 Days,Wednesday|Friday
LL18,TKC01 North Wales,Retail Channel,Two-person,21 Days,Wednesday|Friday
LL19,TKC01 North Wales,Retail Channel,Two-person,21 Days,Wednesday|Friday
LL20,TKC01 North Wales,Retail Channel,Two-person,21 Days,Wednesday|Friday
LL21,TKC01 North Wales,Retail Channel,Two-person,21 Days,Wednesday|Friday
LL22,TKC01 North Wales,Retail Channel,Two-person,21 Days,Wednesday|Friday
LL23,TKC01 North Wales,Retail Channel,Two-person,21 Days,Wednesday|Friday
LL24,TKC01 North Wales,Retail Channel,Two-person,21 Days,Wednesday|Friday
LL25,TKC01 North Wales,Retail Channel,Two-person,21 Days,Wednesday|Friday
LL26,TKC01 North Wales,Retail Channel,Two-person,21 Days,Wednesday|Friday
LL27,TKC01 North Wales,Retail Channel,Two-person,21 Days,Wednesday|Friday
LL28,TKC01 North Wales,Retail Channel,Two-person,21 Days,Wednesday|Friday
LL29,TKC01 North Wales,Retail Channel,Two-person,21 Days,Wednesday|Friday
LL30,TKC01 North Wales,Retail Channel,Two-person,21 Days,Wednesday|Friday
LL31,TKC01 North Wales,Retail Channel,Two-person,21 Days,Wednesday|Friday
LL32,TKC01 North Wales,Retail Channel,Two-person,21 Days,Wednesday|Friday
LL33,TKC01 North Wales,Retail Channel,Two-person,21 Days,Wednesday|Friday
LL34,TKC01 North Wales,Retail Channel,Two-person,21 Days,Wednesday|Friday
LL35,TKC01 North Wales,Retail Channel,Two-person,21 Days,Wednesday|Friday
LL36,TKC01 North Wales,Retail Channel,Two-person,21 Days,Wednesday|Friday
LL37,TKC01 North Wales,Retail Channel,Two-person,21 Days,Wednesday|Friday
LL38,TKC01 North Wales,Retail Channel,Two-person,21 Days,Wednesday|Friday
LL39,TKC01 North Wales,Retail Channel,Two-person,21 Days,Wednesday|Friday
LL40,TKC01 North Wales,Retail Channel,Two-person,21 Days,Wednesday|Friday
LL41,TKC01 North Wales,Retail Channel,Two-person,21 Days,Wednesday|Friday
LL42,TKC01 North Wales,Retail Channel,Two-person,21 Days,Wednesday|Friday
LL43,TKC01 North Wales,Retail Channel,Two-person,21 Days,Wednesday|Friday
LL44,TKC01 North Wales,Retail Channel,Two-person,21 Days,Wednesday|Friday
LL45,TKC01 North Wales,Retail Channel,Two-person,21 Days,Wednesday|Friday
LL46,TKC01 North Wales,Retail Channel,Two-person,21 Days,Wednesday|Friday
LL47,TKC01 North Wales,Retail Channel,Two-person,21 Days,Wednesday|Friday
LL48,TKC01 North Wales,Retail Channel,Two-person,21 Days,Wednesday|Friday
LL49,TKC01 North Wales,Retail Channel,Two-person,21 Days,Wednesday|Friday
LL51,TKC01 North Wales,Retail Channel,Two-person,21 Days,Wednesday|Friday
LL52,TKC01 North Wales,Retail Channel,Two-person,21 Days,Wednesday|Friday
LL53,TKC01 North Wales,Retail Channel,Two-person,21 Days,Wednesday|Friday
LL54,TKC01 North Wales,Retail Channel,Two-person,21 Days,Wednesday|Friday
LL55,TKC01 North Wales,Retail Channel,Two-person,21 Days,Wednesday|Friday
LL56,TKC01 North Wales,Retail Channel,Two-person,21 Days,Wednesday|Friday
LL57,TKC01 North Wales,Retail Channel,Two-person,21 Days,Wednesday|Friday
LL58,TKC01 North Wales,Retail Channel,Two-person,21 Days,Wednesday|Friday
LL59,TKC01 North Wales,Retail Channel,Two-person,21 Days,Wednesday|Friday
LL60,TKC01 North Wales,Retail Channel,Two-person,21 Days,Wednesday|Friday
LL61,TKC01 North Wales,Retail Channel,Two-person,21 Days,Wednesday|Friday
LL62,TKC01 North Wales,Retail Channel,Two-person,21 Days,Wednesday|Friday
LL63,TKC01 North Wales,Retail Channel,Two-person,21 Days,Wednesday|Friday
LL64,TKC01 North Wales,Retail Channel,Two-person,21 Days,Wednesday|Friday
LL65,TKC01 North Wales,Retail Channel,Two-person,21 Days,Wednesday|Friday
LL66,TKC01 North Wales,Retail Channel,Two-person,21 Days,Wednesday|Friday
LL67,TKC01 North Wales,Retail Channel,Two-person,21 Days,Wednesday|Friday
LL68,TKC01 North Wales,Retail Channel,Two-person,21 Days,Wednesday|Friday
LL69,TKC01 North Wales,Retail Channel,Two-person,21 Days,Wednesday|Friday
LL70,TKC01 North Wales,Retail Channel,Two-person,21 Days,Wednesday|Friday
LL71,TKC01 North Wales,Retail Channel,Two-person,21 Days,Wednesday|Friday
LL72,TKC01 North Wales,Retail Channel,Two-person,21 Days,Wednesday|Friday
LL73,TKC01 North Wales,Retail Channel,Two-person,21 Days,Wednesday|Friday
LL74,TKC01 North Wales,Retail Channel,Two-person,21 Days,Wednesday|Friday
LL75,TKC01 North Wales,Retail Channel,Two-person,21 Days,Wednesday|Friday
LL76,TKC01 North Wales,Retail Channel,Two-person,21 Days,Wednesday|Friday
LL77,TKC01 North Wales,Retail Channel,Two-person,21 Days,Wednesday|Friday
LL78,TKC01 North Wales,Retail Channel,Two-person,21 Days,Wednesday|Friday
DE1,TKC01 Nottingham,Component Channel,One-person,1 Day,Tuesday|Wednesday|Friday
DE2,TKC01 Nottingham,Component Channel,One-person,1 Day,Tuesday|Wednesday|Friday
DE21,TKC01 Nottingham,Component Channel,One-person,1 Day,Tuesday|Wednesday|Friday
DE22,TKC01 Nottingham,Component Channel,One-person,1 Day,Tuesday|Wednesday|Friday
DE23,TKC01 Nottingham,Component Channel,One-person,1 Day,Tuesday|Wednesday|Friday
DE24,TKC01 Nottingham,Component Channel,One-person,1 Day,Tuesday|Wednesday|Friday
DE3,TKC01 Nottingham,Component Channel,One-person,1 Day,Tuesday|Wednesday|Friday
DE4,TKC01 Nottingham,Component Channel,One-person,1 Day,Tuesday|Wednesday|Friday
DE5,TKC01 Nottingham,Component Channel,One-person,1 Day,Tuesday|Wednesday|Friday
DE55,TKC01 Nottingham,Component Channel,One-person,1 Day,Tuesday|Wednesday|Friday
DE56,TKC01 Nottingham,Component Channel,One-person,1 Day,Tuesday|Wednesday|Friday
DE6,TKC01 Nottingham,Component Channel,One-person,1 Day,Tuesday|Wednesday|Friday
DE65,TKC01 Nottingham,Component Channel,One-person,1 Day,Tuesday|Wednesday|Friday
DE7,TKC01 Nottingham,Component Channel,One-person,1 Day,Tuesday|Wednesday|Friday
DE72,TKC01 Nottingham,Component Channel,One-person,1 Day,Tuesday|Wednesday|Friday
DE73,TKC01 Nottingham,Component Channel,One-person,1 Day,Tuesday|Wednesday|Friday
DE74,TKC01 Nottingham,Component Channel,One-person,1 Day,Tuesday|Wednesday|Friday
DE75,TKC01 Nottingham,Component Channel,One-person,1 Day,Tuesday|Wednesday|Friday
DE99,TKC01 Nottingham,Component Channel,One-person,1 Day,Tuesday|Wednesday|Friday
NG1,TKC01 Nottingham,Component Channel,One-person,1 Day,Tuesday|Wednesday|Friday
NG10,TKC01 Nottingham,Component Channel,One-person,1 Day,Tuesday|Wednesday|Friday
NG11,TKC01 Nottingham,Component Channel,One-person,1 Day,Tuesday|Wednesday|Friday
NG12,TKC01 Nottingham,Component Channel,One-person,1 Day,Tuesday|Wednesday|Friday
NG13,TKC01 Nottingham,Component Channel,One-person,1 Day,Tuesday|Wednesday|Friday
NG14,TKC01 Nottingham,Component Channel,One-person,1 Day,Tuesday|Wednesday|Friday
NG15,TKC01 Nottingham,Component Channel,One-person,1 Day,Tuesday|Wednesday|Friday
NG16,TKC01 Nottingham,Component Channel,One-person,1 Day,Tuesday|Wednesday|Friday
NG17,TKC01 Nottingham,Component Channel,One-person,1 Day,Tuesday|Wednesday|Friday
NG18,TKC01 Nottingham,Component Channel,One-person,1 Day,Tuesday|Wednesday|Friday
NG19,TKC01 Nottingham,Component Channel,One-person,1 Day,Tuesday|Wednesday|Friday
NG2,TKC01 Nottingham,Component Channel,One-person,1 Day,Tuesday|Wednesday|Friday
NG20,TKC01 Nottingham,Component Channel,One-person,1 Day,Tuesday|Wednesday|Friday
NG21,TKC01 Nottingham,Component Channel,One-person,1 Day,Tuesday|Wednesday|Friday
NG22,TKC01 Nottingham,Component Channel,One-person,1 Day,Tuesday|Wednesday|Friday
NG23,TKC01 Nottingham,Component Channel,One-person,1 Day,Tuesday|Wednesday|Friday
NG24,TKC01 Nottingham,Component Channel,One-person,1 Day,Tuesday|Wednesday|Friday
NG25,TKC01 Nottingham,Component Channel,One-person,1 Day,Tuesday|Wednesday|Friday
NG3,TKC01 Nottingham,Component Channel,One-person,1 Day,Tuesday|Wednesday|Friday
NG4,TKC01 Nottingham,Component Channel,One-person,1 Day,Tuesday|Wednesday|Friday
NG5,TKC01 Nottingham,Component Channel,One-person,1 Day,Tuesday|Wednesday|Friday
NG6,TKC01 Nottingham,Component Channel,One-person,1 Day,Tuesday|Wednesday|Friday
NG7,TKC01 Nottingham,Component Channel,One-person,1 Day,Tuesday|Wednesday|Friday
NG70,TKC01 Nottingham,Component Channel,One-person,1 Day,Tuesday|Wednesday|Friday
NG8,TKC01 Nottingham,Component Channel,One-person,1 Day,Tuesday|Wednesday|Friday
NG80,TKC01 Nottingham,Component Channel,One-person,1 Day,Tuesday|Wednesday|Friday
NG9,TKC01 Nottingham,Component Channel,One-person,1 Day,Tuesday|Wednesday|Friday
NG90,TKC01 Nottingham,Component Channel,One-person,1 Day,Tuesday|Wednesday|Friday
DE1,TKC01 Nottingham,Jigsaw Channel,Two-person,5 Days,Tuesday|Wednesday|Friday
DE2,TKC01 Nottingham,Jigsaw Channel,Two-person,5 Days,Tuesday|Wednesday|Friday
DE21,TKC01 Nottingham,Jigsaw Channel,Two-person,5 Days,Tuesday|Wednesday|Friday
DE22,TKC01 Nottingham,Jigsaw Channel,Two-person,5 Days,Tuesday|Wednesday|Friday
DE23,TKC01 Nottingham,Jigsaw Channel,Two-person,5 Days,Tuesday|Wednesday|Friday
DE24,TKC01 Nottingham,Jigsaw Channel,Two-person,5 Days,Tuesday|Wednesday|Friday
DE3,TKC01 Nottingham,Jigsaw Channel,Two-person,5 Days,Tuesday|Wednesday|Friday
DE4,TKC01 Nottingham,Jigsaw Channel,Two-person,5 Days,Tuesday|Wednesday|Friday
DE5,TKC01 Nottingham,Jigsaw Channel,Two-person,5 Days,Tuesday|Wednesday|Friday
DE55,TKC01 Nottingham,Jigsaw Channel,Two-person,5 Days,Tuesday|Wednesday|Friday
DE56,TKC01 Nottingham,Jigsaw Channel,Two-person,5 Days,Tuesday|Wednesday|Friday
DE6,TKC01 Nottingham,Jigsaw Channel,Two-person,5 Days,Tuesday|Wednesday|Friday
DE65,TKC01 Nottingham,Jigsaw Channel,Two-person,5 Days,Tuesday|Wednesday|Friday
DE7,TKC01 Nottingham,Jigsaw Channel,Two-person,5 Days,Tuesday|Wednesday|Friday
DE72,TKC01 Nottingham,Jigsaw Channel,Two-person,5 Days,Tuesday|Wednesday|Friday
DE73,TKC01 Nottingham,Jigsaw Channel,Two-person,5 Days,Tuesday|Wednesday|Friday
DE74,TKC01 Nottingham,Jigsaw Channel,Two-person,5 Days,Tuesday|Wednesday|Friday
DE75,TKC01 Nottingham,Jigsaw Channel,Two-person,5 Days,Tuesday|Wednesday|Friday
DE99,TKC01 Nottingham,Jigsaw Channel,Two-person,5 Days,Tuesday|Wednesday|Friday
NG1,TKC01 Nottingham,Jigsaw Channel,Two-person,5 Days,Tuesday|Wednesday|Friday
NG10,TKC01 Nottingham,Jigsaw Channel,Two-person,5 Days,Tuesday|Wednesday|Friday
NG11,TKC01 Nottingham,Jigsaw Channel,Two-person,5 Days,Tuesday|Wednesday|Friday
NG12,TKC01 Nottingham,Jigsaw Channel,Two-person,5 Days,Tuesday|Wednesday|Friday
NG13,TKC01 Nottingham,Jigsaw Channel,Two-person,5 Days,Tuesday|Wednesday|Friday
NG14,TKC01 Nottingham,Jigsaw Channel,Two-person,5 Days,Tuesday|Wednesday|Friday
NG15,TKC01 Nottingham,Jigsaw Channel,Two-person,5 Days,Tuesday|Wednesday|Friday
NG16,TKC01 Nottingham,Jigsaw Channel,Two-person,5 Days,Tuesday|Wednesday|Friday
NG17,TKC01 Nottingham,Jigsaw Channel,Two-person,5 Days,Tuesday|Wednesday|Friday
NG18,TKC01 Nottingham,Jigsaw Channel,Two-person,5 Days,Tuesday|Wednesday|Friday
NG19,TKC01 Nottingham,Jigsaw Channel,Two-person,5 Days,Tuesday|Wednesday|Friday
NG2,TKC01 Nottingham,Jigsaw Channel,Two-person,5 Days,Tuesday|Wednesday|Friday
NG20,TKC01 Nottingham,Jigsaw Channel,Two-person,5 Days,Tuesday|Wednesday|Friday
NG21,TKC01 Nottingham,Jigsaw Channel,Two-person,5 Days,Tuesday|Wednesday|Friday
NG22,TKC01 Nottingham,Jigsaw Channel,Two-person,5 Days,Tuesday|Wednesday|Friday
NG23,TKC01 Nottingham,Jigsaw Channel,Two-person,5 Days,Tuesday|Wednesday|Friday
NG24,TKC01 Nottingham,Jigsaw Channel,Two-person,5 Days,Tuesday|Wednesday|Friday
NG25,TKC01 Nottingham,Jigsaw Channel,Two-person,5 Days,Tuesday|Wednesday|Friday
NG3,TKC01 Nottingham,Jigsaw Channel,Two-person,5 Days,Tuesday|Wednesday|Friday
NG4,TKC01 Nottingham,Jigsaw Channel,Two-person,5 Days,Tuesday|Wednesday|Friday
NG5,TKC01 Nottingham,Jigsaw Channel,Two-person,5 Days,Tuesday|Wednesday|Friday
NG6,TKC01 Nottingham,Jigsaw Channel,Two-person,5 Days,Tuesday|Wednesday|Friday
NG7,TKC01 Nottingham,Jigsaw Channel,Two-person,5 Days,Tuesday|Wednesday|Friday
NG70,TKC01 Nottingham,Jigsaw Channel,Two-person,5 Days,Tuesday|Wednesday|Friday
NG8,TKC01 Nottingham,Jigsaw Channel,Two-person,5 Days,Tuesday|Wednesday|Friday
NG80,TKC01 Nottingham,Jigsaw Channel,Two-person,5 Days,Tuesday|Wednesday|Friday
NG9,TKC01 Nottingham,Jigsaw Channel,Two-person,5 Days,Tuesday|Wednesday|Friday
NG90,TKC01 Nottingham,Jigsaw Channel,Two-person,5 Days,Tuesday|Wednesday|Friday
DE1,TKC01 Nottingham,Merchant Channel,Two-person,5 Days,Tuesday|Wednesday|Friday
DE2,TKC01 Nottingham,Merchant Channel,Two-person,5 Days,Tuesday|Wednesday|Friday
DE21,TKC01 Nottingham,Merchant Channel,Two-person,5 Days,Tuesday|Wednesday|Friday
DE22,TKC01 Nottingham,Merchant Channel,Two-person,5 Days,Tuesday|Wednesday|Friday
DE23,TKC01 Nottingham,Merchant Channel,Two-person,5 Days,Tuesday|Wednesday|Friday
DE24,TKC01 Nottingham,Merchant Channel,Two-person,5 Days,Tuesday|Wednesday|Friday
DE3,TKC01 Nottingham,Merchant Channel,Two-person,5 Days,Tuesday|Wednesday|Friday
DE4,TKC01 Nottingham,Merchant Channel,Two-person,5 Days,Tuesday|Wednesday|Friday
DE5,TKC01 Nottingham,Merchant Channel,Two-person,5 Days,Tuesday|Wednesday|Friday
DE55,TKC01 Nottingham,Merchant Channel,Two-person,5 Days,Tuesday|Wednesday|Friday
DE56,TKC01 Nottingham,Merchant Channel,Two-person,5 Days,Tuesday|Wednesday|Friday
DE6,TKC01 Nottingham,Merchant Channel,Two-person,5 Days,Tuesday|Wednesday|Friday
DE65,TKC01 Nottingham,Merchant Channel,Two-person,5 Days,Tuesday|Wednesday|Friday
DE7,TKC01 Nottingham,Merchant Channel,Two-person,5 Days,Tuesday|Wednesday|Friday
DE72,TKC01 Nottingham,Merchant Channel,Two-person,5 Days,Tuesday|Wednesday|Friday
DE73,TKC01 Nottingham,Merchant Channel,Two-person,5 Days,Tuesday|Wednesday|Friday
DE74,TKC01 Nottingham,Merchant Channel,Two-person,5 Days,Tuesday|Wednesday|Friday
DE75,TKC01 Nottingham,Merchant Channel,Two-person,5 Days,Tuesday|Wednesday|Friday
DE99,TKC01 Nottingham,Merchant Channel,Two-person,5 Days,Tuesday|Wednesday|Friday
NG1,TKC01 Nottingham,Merchant Channel,Two-person,5 Days,Tuesday|Wednesday|Friday
NG10,TKC01 Nottingham,Merchant Channel,Two-person,5 Days,Tuesday|Wednesday|Friday
NG11,TKC01 Nottingham,Merchant Channel,Two-person,5 Days,Tuesday|Wednesday|Friday
NG12,TKC01 Nottingham,Merchant Channel,Two-person,5 Days,Tuesday|Wednesday|Friday
NG13,TKC01 Nottingham,Merchant Channel,Two-person,5 Days,Tuesday|Wednesday|Friday
NG14,TKC01 Nottingham,Merchant Channel,Two-person,5 Days,Tuesday|Wednesday|Friday
NG15,TKC01 Nottingham,Merchant Channel,Two-person,5 Days,Tuesday|Wednesday|Friday
NG16,TKC01 Nottingham,Merchant Channel,Two-person,5 Days,Tuesday|Wednesday|Friday
NG17,TKC01 Nottingham,Merchant Channel,Two-person,5 Days,Tuesday|Wednesday|Friday
NG18,TKC01 Nottingham,Merchant Channel,Two-person,5 Days,Tuesday|Wednesday|Friday
NG19,TKC01 Nottingham,Merchant Channel,Two-person,5 Days,Tuesday|Wednesday|Friday
NG2,TKC01 Nottingham,Merchant Channel,Two-person,5 Days,Tuesday|Wednesday|Friday
NG20,TKC01 Nottingham,Merchant Channel,Two-person,5 Days,Tuesday|Wednesday|Friday
NG21,TKC01 Nottingham,Merchant Channel,Two-person,5 Days,Tuesday|Wednesday|Friday
NG22,TKC01 Nottingham,Merchant Channel,Two-person,5 Days,Tuesday|Wednesday|Friday
NG23,TKC01 Nottingham,Merchant Channel,Two-person,5 Days,Tuesday|Wednesday|Friday
NG24,TKC01 Nottingham,Merchant Channel,Two-person,5 Days,Tuesday|Wednesday|Friday
NG25,TKC01 Nottingham,Merchant Channel,Two-person,5 Days,Tuesday|Wednesday|Friday
NG3,TKC01 Nottingham,Merchant Channel,Two-person,5 Days,Tuesday|Wednesday|Friday
NG4,TKC01 Nottingham,Merchant Channel,Two-person,5 Days,Tuesday|Wednesday|Friday
NG5,TKC01 Nottingham,Merchant Channel,Two-person,5 Days,Tuesday|Wednesday|Friday
NG6,TKC01 Nottingham,Merchant Channel,Two-person,5 Days,Tuesday|Wednesday|Friday
NG7,TKC01 Nottingham,Merchant Channel,Two-person,5 Days,Tuesday|Wednesday|Friday
NG70,TKC01 Nottingham,Merchant Channel,Two-person,5 Days,Tuesday|Wednesday|Friday
NG8,TKC01 Nottingham,Merchant Channel,Two-person,5 Days,Tuesday|Wednesday|Friday
NG80,TKC01 Nottingham,Merchant Channel,Two-person,5 Days,Tuesday|Wednesday|Friday
NG9,TKC01 Nottingham,Merchant Channel,Two-person,5 Days,Tuesday|Wednesday|Friday
NG90,TKC01 Nottingham,Merchant Channel,Two-person,5 Days,Tuesday|Wednesday|Friday
DE1,TKC01 Nottingham,Retail Channel,Two-person,21 Days,Tuesday|Wednesday|Friday
DE2,TKC01 Nottingham,Retail Channel,Two-person,21 Days,Tuesday|Wednesday|Friday
DE21,TKC01 Nottingham,Retail Channel,Two-person,21 Days,Tuesday|Wednesday|Friday
DE22,TKC01 Nottingham,Retail Channel,Two-person,21 Days,Tuesday|Wednesday|Friday
DE23,TKC01 Nottingham,Retail Channel,Two-person,21 Days,Tuesday|Wednesday|Friday
DE24,TKC01 Nottingham,Retail Channel,Two-person,21 Days,Tuesday|Wednesday|Friday
DE3,TKC01 Nottingham,Retail Channel,Two-person,21 Days,Tuesday|Wednesday|Friday
DE4,TKC01 Nottingham,Retail Channel,Two-person,21 Days,Tuesday|Wednesday|Friday
DE5,TKC01 Nottingham,Retail Channel,Two-person,21 Days,Tuesday|Wednesday|Friday
DE55,TKC01 Nottingham,Retail Channel,Two-person,21 Days,Tuesday|Wednesday|Friday
DE56,TKC01 Nottingham,Retail Channel,Two-person,21 Days,Tuesday|Wednesday|Friday
DE6,TKC01 Nottingham,Retail Channel,Two-person,21 Days,Tuesday|Wednesday|Friday
DE65,TKC01 Nottingham,Retail Channel,Two-person,21 Days,Tuesday|Wednesday|Friday
DE7,TKC01 Nottingham,Retail Channel,Two-person,21 Days,Tuesday|Wednesday|Friday
DE72,TKC01 Nottingham,Retail Channel,Two-person,21 Days,Tuesday|Wednesday|Friday
DE73,TKC01 Nottingham,Retail Channel,Two-person,21 Days,Tuesday|Wednesday|Friday
DE74,TKC01 Nottingham,Retail Channel,Two-person,21 Days,Tuesday|Wednesday|Friday
DE75,TKC01 Nottingham,Retail Channel,Two-person,21 Days,Tuesday|Wednesday|Friday
DE99,TKC01 Nottingham,Retail Channel,Two-person,21 Days,Tuesday|Wednesday|Friday
NG1,TKC01 Nottingham,Retail Channel,Two-person,21 Days,Tuesday|Wednesday|Friday
NG10,TKC01 Nottingham,Retail Channel,Two-person,21 Days,Tuesday|Wednesday|Friday
NG11,TKC01 Nottingham,Retail Channel,Two-person,21 Days,Tuesday|Wednesday|Friday
NG12,TKC01 Nottingham,Retail Channel,Two-person,21 Days,Tuesday|Wednesday|Friday
NG13,TKC01 Nottingham,Retail Channel,Two-person,21 Days,Tuesday|Wednesday|Friday
NG14,TKC01 Nottingham,Retail Channel,Two-person,21 Days,Tuesday|Wednesday|Friday
NG15,TKC01 Nottingham,Retail Channel,Two-person,21 Days,Tuesday|Wednesday|Friday
NG16,TKC01 Nottingham,Retail Channel,Two-person,21 Days,Tuesday|Wednesday|Friday
NG17,TKC01 Nottingham,Retail Channel,Two-person,21 Days,Tuesday|Wednesday|Friday
NG18,TKC01 Nottingham,Retail Channel,Two-person,21 Days,Tuesday|Wednesday|Friday
NG19,TKC01 Nottingham,Retail Channel,Two-person,21 Days,Tuesday|Wednesday|Friday
NG2,TKC01 Nottingham,Retail Channel,Two-person,21 Days,Tuesday|Wednesday|Friday
NG20,TKC01 Nottingham,Retail Channel,Two-person,21 Days,Tuesday|Wednesday|Friday
NG21,TKC01 Nottingham,Retail Channel,Two-person,21 Days,Tuesday|Wednesday|Friday
NG22,TKC01 Nottingham,Retail Channel,Two-person,21 Days,Tuesday|Wednesday|Friday
NG23,TKC01 Nottingham,Retail Channel,Two-person,21 Days,Tuesday|Wednesday|Friday
NG24,TKC01 Nottingham,Retail Channel,Two-person,21 Days,Tuesday|Wednesday|Friday
NG25,TKC01 Nottingham,Retail Channel,Two-person,21 Days,Tuesday|Wednesday|Friday
NG3,TKC01 Nottingham,Retail Channel,Two-person,21 Days,Tuesday|Wednesday|Friday
NG4,TKC01 Nottingham,Retail Channel,Two-person,21 Days,Tuesday|Wednesday|Friday
NG5,TKC01 Nottingham,Retail Channel,Two-person,21 Days,Tuesday|Wednesday|Friday
NG6,TKC01 Nottingham,Retail Channel,Two-person,21 Days,Tuesday|Wednesday|Friday
NG7,TKC01 Nottingham,Retail Channel,Two-person,21 Days,Tuesday|Wednesday|Friday
NG70,TKC01 Nottingham,Retail Channel,Two-person,21 Days,Tuesday|Wednesday|Friday
NG8,TKC01 Nottingham,Retail Channel,Two-person,21 Days,Tuesday|Wednesday|Friday
NG80,TKC01 Nottingham,Retail Channel,Two-person,21 Days,Tuesday|Wednesday|Friday
NG9,TKC01 Nottingham,Retail Channel,Two-person,21 Days,Tuesday|Wednesday|Friday
NG90,TKC01 Nottingham,Retail Channel,Two-person,21 Days,Tuesday|Wednesday|Friday
PL1,TKC01 Plymouth O/N,Component Channel,One-person,1 Day,Tuesday
PL2,TKC01 Plymouth O/N,Component Channel,One-person,1 Day,Tuesday
PL3,TKC01 Plymouth O/N,Component Channel,One-person,1 Day,Tuesday
PL4,TKC01 Plymouth O/N,Component Channel,One-person,1 Day,Tuesday
PL5,TKC01 Plymouth O/N,Component Channel,One-person,1 Day,Tuesday
PL6,TKC01 Plymouth O/N,Component Channel,One-person,1 Day,Tuesday
PL7,TKC01 Plymouth O/N,Component Channel,One-person,1 Day,Tuesday
PL8,TKC01 Plymouth O/N,Component Channel,One-person,1 Day,Tuesday
PL9,TKC01 Plymouth O/N,Component Channel,One-person,1 Day,Tuesday
PL10,TKC01 Plymouth O/N,Component Channel,One-person,1 Day,Tuesday
PL11,TKC01 Plymouth O/N,Component Channel,One-person,1 Day,Tuesday
PL12,TKC01 Plymouth O/N,Component Channel,One-person,1 Day,Tuesday
PL13,TKC01 Plymouth O/N,Component Channel,One-person,1 Day,Tuesday
PL14,TKC01 Plymouth O/N,Component Channel,One-person,1 Day,Tuesday
PL21,TKC01 Plymouth O/N,Component Channel,One-person,1 Day,Tuesday
PL22,TKC01 Plymouth O/N,Component Channel,One-person,1 Day,Tuesday
PL23,TKC01 Plymouth O/N,Component Channel,One-person,1 Day,Tuesday
PL24,TKC01 Plymouth O/N,Component Channel,One-person,1 Day,Tuesday
PL25,TKC01 Plymouth O/N,Component Channel,One-person,1 Day,Tuesday
PL26,TKC01 Plymouth O/N,Component Channel,One-person,1 Day,Tuesday
TQ10,TKC01 Plymouth O/N,Component Channel,One-person,1 Day,Tuesday
TQ11,TKC01 Plymouth O/N,Component Channel,One-person,1 Day,Tuesday
TQ6,TKC01 Plymouth O/N,Component Channel,One-person,1 Day,Tuesday
TQ7,TKC01 Plymouth O/N,Component Channel,One-person,1 Day,Tuesday
TQ8,TKC01 Plymouth O/N,Component Channel,One-person,1 Day,Tuesday
TQ9,TKC01 Plymouth O/N,Component Channel,One-person,1 Day,Tuesday
TR1,TKC01 Plymouth O/N,Component Channel,One-person,1 Day,Tuesday
TR2,TKC01 Plymouth O/N,Component Channel,One-person,1 Day,Tuesday
TR3,TKC01 Plymouth O/N,Component Channel,One-person,1 Day,Tuesday
TR4,TKC01 Plymouth O/N,Component Channel,One-person,1 Day,Tuesday
TR5,TKC01 Plymouth O/N,Component Channel,One-person,1 Day,Tuesday
TR6,TKC01 Plymouth O/N,Component Channel,One-person,1 Day,Tuesday
TR7,TKC01 Plymouth O/N,Component Channel,One-person,1 Day,Tuesday
TR8,TKC01 Plymouth O/N,Component Channel,One-person,1 Day,Tuesday
TR9,TKC01 Plymouth O/N,Component Channel,One-person,1 Day,Tuesday
TR10,TKC01 Plymouth O/N,Component Channel,One-person,1 Day,Tuesday
TR11,TKC01 Plymouth O/N,Component Channel,One-person,1 Day,Tuesday
TR12,TKC01 Plymouth O/N,Component Channel,One-person,1 Day,Tuesday
TR13,TKC01 Plymouth O/N,Component Channel,One-person,1 Day,Tuesday
TR14,TKC01 Plymouth O/N,Component Channel,One-person,1 Day,Tuesday
TR15,TKC01 Plymouth O/N,Component Channel,One-person,1 Day,Tuesday
TR16,TKC01 Plymouth O/N,Component Channel,One-person,1 Day,Tuesday
TR17,TKC01 Plymouth O/N,Component Channel,One-person,1 Day,Tuesday
TR18,TKC01 Plymouth O/N,Component Channel,One-person,1 Day,Tuesday
TR19,TKC01 Plymouth O/N,Component Channel,One-person,1 Day,Tuesday
TR20,TKC01 Plymouth O/N,Component Channel,One-person,1 Day,Tuesday
TR21,TKC01 Plymouth O/N,Component Channel,One-person,1 Day,Tuesday
TR22,TKC01 Plymouth O/N,Component Channel,One-person,1 Day,Tuesday
TR23,TKC01 Plymouth O/N,Component Channel,One-person,1 Day,Tuesday
TR24,TKC01 Plymouth O/N,Component Channel,One-person,1 Day,Tuesday
TR25,TKC01 Plymouth O/N,Component Channel,One-person,1 Day,Tuesday
TR26,TKC01 Plymouth O/N,Component Channel,One-person,1 Day,Tuesday
TR27,TKC01 Plymouth O/N,Component Channel,One-person,1 Day,Tuesday
PL1,TKC01 Plymouth O/N,Jigsaw Channel,Two-person,5 Days,Tuesday
PL2,TKC01 Plymouth O/N,Jigsaw Channel,Two-person,5 Days,Tuesday
PL3,TKC01 Plymouth O/N,Jigsaw Channel,Two-person,5 Days,Tuesday
PL4,TKC01 Plymouth O/N,Jigsaw Channel,Two-person,5 Days,Tuesday
PL5,TKC01 Plymouth O/N,Jigsaw Channel,Two-person,5 Days,Tuesday
PL6,TKC01 Plymouth O/N,Jigsaw Channel,Two-person,5 Days,Tuesday
PL7,TKC01 Plymouth O/N,Jigsaw Channel,Two-person,5 Days,Tuesday
PL8,TKC01 Plymouth O/N,Jigsaw Channel,Two-person,5 Days,Tuesday
PL9,TKC01 Plymouth O/N,Jigsaw Channel,Two-person,5 Days,Tuesday
PL10,TKC01 Plymouth O/N,Jigsaw Channel,Two-person,5 Days,Tuesday
PL11,TKC01 Plymouth O/N,Jigsaw Channel,Two-person,5 Days,Tuesday
PL12,TKC01 Plymouth O/N,Jigsaw Channel,Two-person,5 Days,Tuesday
PL13,TKC01 Plymouth O/N,Jigsaw Channel,Two-person,5 Days,Tuesday
PL14,TKC01 Plymouth O/N,Jigsaw Channel,Two-person,5 Days,Tuesday
PL21,TKC01 Plymouth O/N,Jigsaw Channel,Two-person,5 Days,Tuesday
PL22,TKC01 Plymouth O/N,Jigsaw Channel,Two-person,5 Days,Tuesday
PL23,TKC01 Plymouth O/N,Jigsaw Channel,Two-person,5 Days,Tuesday
PL24,TKC01 Plymouth O/N,Jigsaw Channel,Two-person,5 Days,Tuesday
PL25,TKC01 Plymouth O/N,Jigsaw Channel,Two-person,5 Days,Tuesday
PL26,TKC01 Plymouth O/N,Jigsaw Channel,Two-person,5 Days,Tuesday
TQ10,TKC01 Plymouth O/N,Jigsaw Channel,Two-person,5 Days,Tuesday
TQ11,TKC01 Plymouth O/N,Jigsaw Channel,Two-person,5 Days,Tuesday
TQ6,TKC01 Plymouth O/N,Jigsaw Channel,Two-person,5 Days,Tuesday
TQ7,TKC01 Plymouth O/N,Jigsaw Channel,Two-person,5 Days,Tuesday
TQ8,TKC01 Plymouth O/N,Jigsaw Channel,Two-person,5 Days,Tuesday
TQ9,TKC01 Plymouth O/N,Jigsaw Channel,Two-person,5 Days,Tuesday
TR1,TKC01 Plymouth O/N,Jigsaw Channel,Two-person,5 Days,Tuesday
TR2,TKC01 Plymouth O/N,Jigsaw Channel,Two-person,5 Days,Tuesday
TR3,TKC01 Plymouth O/N,Jigsaw Channel,Two-person,5 Days,Tuesday
TR4,TKC01 Plymouth O/N,Jigsaw Channel,Two-person,5 Days,Tuesday
TR5,TKC01 Plymouth O/N,Jigsaw Channel,Two-person,5 Days,Tuesday
TR6,TKC01 Plymouth O/N,Jigsaw Channel,Two-person,5 Days,Tuesday
TR7,TKC01 Plymouth O/N,Jigsaw Channel,Two-person,5 Days,Tuesday
TR8,TKC01 Plymouth O/N,Jigsaw Channel,Two-person,5 Days,Tuesday
TR9,TKC01 Plymouth O/N,Jigsaw Channel,Two-person,5 Days,Tuesday
TR10,TKC01 Plymouth O/N,Jigsaw Channel,Two-person,5 Days,Tuesday
TR11,TKC01 Plymouth O/N,Jigsaw Channel,Two-person,5 Days,Tuesday
TR12,TKC01 Plymouth O/N,Jigsaw Channel,Two-person,5 Days,Tuesday
TR13,TKC01 Plymouth O/N,Jigsaw Channel,Two-person,5 Days,Tuesday
TR14,TKC01 Plymouth O/N,Jigsaw Channel,Two-person,5 Days,Tuesday
TR15,TKC01 Plymouth O/N,Jigsaw Channel,Two-person,5 Days,Tuesday
TR16,TKC01 Plymouth O/N,Jigsaw Channel,Two-person,5 Days,Tuesday
TR17,TKC01 Plymouth O/N,Jigsaw Channel,Two-person,5 Days,Tuesday
TR18,TKC01 Plymouth O/N,Jigsaw Channel,Two-person,5 Days,Tuesday
TR19,TKC01 Plymouth O/N,Jigsaw Channel,Two-person,5 Days,Tuesday
TR20,TKC01 Plymouth O/N,Jigsaw Channel,Two-person,5 Days,Tuesday
TR21,TKC01 Plymouth O/N,Jigsaw Channel,Two-person,5 Days,Tuesday
TR22,TKC01 Plymouth O/N,Jigsaw Channel,Two-person,5 Days,Tuesday
TR23,TKC01 Plymouth O/N,Jigsaw Channel,Two-person,5 Days,Tuesday
TR24,TKC01 Plymouth O/N,Jigsaw Channel,Two-person,5 Days,Tuesday
TR25,TKC01 Plymouth O/N,Jigsaw Channel,Two-person,5 Days,Tuesday
TR26,TKC01 Plymouth O/N,Jigsaw Channel,Two-person,5 Days,Tuesday
TR27,TKC01 Plymouth O/N,Jigsaw Channel,Two-person,5 Days,Tuesday
PL1,TKC01 Plymouth O/N,Merchant Channel,Two-person,5 Days,Tuesday
PL2,TKC01 Plymouth O/N,Merchant Channel,Two-person,5 Days,Tuesday
PL3,TKC01 Plymouth O/N,Merchant Channel,Two-person,5 Days,Tuesday
PL4,TKC01 Plymouth O/N,Merchant Channel,Two-person,5 Days,Tuesday
PL5,TKC01 Plymouth O/N,Merchant Channel,Two-person,5 Days,Tuesday
PL6,TKC01 Plymouth O/N,Merchant Channel,Two-person,5 Days,Tuesday
PL7,TKC01 Plymouth O/N,Merchant Channel,Two-person,5 Days,Tuesday
PL8,TKC01 Plymouth O/N,Merchant Channel,Two-person,5 Days,Tuesday
PL9,TKC01 Plymouth O/N,Merchant Channel,Two-person,5 Days,Tuesday
PL10,TKC01 Plymouth O/N,Merchant Channel,Two-person,5 Days,Tuesday
PL11,TKC01 Plymouth O/N,Merchant Channel,Two-person,5 Days,Tuesday
PL12,TKC01 Plymouth O/N,Merchant Channel,Two-person,5 Days,Tuesday
PL13,TKC01 Plymouth O/N,Merchant Channel,Two-person,5 Days,Tuesday
PL14,TKC01 Plymouth O/N,Merchant Channel,Two-person,5 Days,Tuesday
PL21,TKC01 Plymouth O/N,Merchant Channel,Two-person,5 Days,Tuesday
PL22,TKC01 Plymouth O/N,Merchant Channel,Two-person,5 Days,Tuesday
PL23,TKC01 Plymouth O/N,Merchant Channel,Two-person,5 Days,Tuesday
PL24,TKC01 Plymouth O/N,Merchant Channel,Two-person,5 Days,Tuesday
PL25,TKC01 Plymouth O/N,Merchant Channel,Two-person,5 Days,Tuesday
PL26,TKC01 Plymouth O/N,Merchant Channel,Two-person,5 Days,Tuesday
TQ10,TKC01 Plymouth O/N,Merchant Channel,Two-person,5 Days,Tuesday
TQ11,TKC01 Plymouth O/N,Merchant Channel,Two-person,5 Days,Tuesday
TQ6,TKC01 Plymouth O/N,Merchant Channel,Two-person,5 Days,Tuesday
TQ7,TKC01 Plymouth O/N,Merchant Channel,Two-person,5 Days,Tuesday
TQ8,TKC01 Plymouth O/N,Merchant Channel,Two-person,5 Days,Tuesday
TQ9,TKC01 Plymouth O/N,Merchant Channel,Two-person,5 Days,Tuesday
TR1,TKC01 Plymouth O/N,Merchant Channel,Two-person,5 Days,Tuesday
TR2,TKC01 Plymouth O/N,Merchant Channel,Two-person,5 Days,Tuesday
TR3,TKC01 Plymouth O/N,Merchant Channel,Two-person,5 Days,Tuesday
TR4,TKC01 Plymouth O/N,Merchant Channel,Two-person,5 Days,Tuesday
TR5,TKC01 Plymouth O/N,Merchant Channel,Two-person,5 Days,Tuesday
TR6,TKC01 Plymouth O/N,Merchant Channel,Two-person,5 Days,Tuesday
TR7,TKC01 Plymouth O/N,Merchant Channel,Two-person,5 Days,Tuesday
TR8,TKC01 Plymouth O/N,Merchant Channel,Two-person,5 Days,Tuesday
TR9,TKC01 Plymouth O/N,Merchant Channel,Two-person,5 Days,Tuesday
TR10,TKC01 Plymouth O/N,Merchant Channel,Two-person,5 Days,Tuesday
TR11,TKC01 Plymouth O/N,Merchant Channel,Two-person,5 Days,Tuesday
TR12,TKC01 Plymouth O/N,Merchant Channel,Two-person,5 Days,Tuesday
TR13,TKC01 Plymouth O/N,Merchant Channel,Two-person,5 Days,Tuesday
TR14,TKC01 Plymouth O/N,Merchant Channel,Two-person,5 Days,Tuesday
TR15,TKC01 Plymouth O/N,Merchant Channel,Two-person,5 Days,Tuesday
TR16,TKC01 Plymouth O/N,Merchant Channel,Two-person,5 Days,Tuesday
TR17,TKC01 Plymouth O/N,Merchant Channel,Two-person,5 Days,Tuesday
TR18,TKC01 Plymouth O/N,Merchant Channel,Two-person,5 Days,Tuesday
TR19,TKC01 Plymouth O/N,Merchant Channel,Two-person,5 Days,Tuesday
TR20,TKC01 Plymouth O/N,Merchant Channel,Two-person,5 Days,Tuesday
TR21,TKC01 Plymouth O/N,Merchant Channel,Two-person,5 Days,Tuesday
TR22,TKC01 Plymouth O/N,Merchant Channel,Two-person,5 Days,Tuesday
TR23,TKC01 Plymouth O/N,Merchant Channel,Two-person,5 Days,Tuesday
TR24,TKC01 Plymouth O/N,Merchant Channel,Two-person,5 Days,Tuesday
TR25,TKC01 Plymouth O/N,Merchant Channel,Two-person,5 Days,Tuesday
TR26,TKC01 Plymouth O/N,Merchant Channel,Two-person,5 Days,Tuesday
TR27,TKC01 Plymouth O/N,Merchant Channel,Two-person,5 Days,Tuesday
PL1,TKC01 Plymouth O/N,Retail Channel,Two-person,21 Days,Tuesday
PL2,TKC01 Plymouth O/N,Retail Channel,Two-person,21 Days,Tuesday
PL3,TKC01 Plymouth O/N,Retail Channel,Two-person,21 Days,Tuesday
PL4,TKC01 Plymouth O/N,Retail Channel,Two-person,21 Days,Tuesday
PL5,TKC01 Plymouth O/N,Retail Channel,Two-person,21 Days,Tuesday
PL6,TKC01 Plymouth O/N,Retail Channel,Two-person,21 Days,Tuesday
PL7,TKC01 Plymouth O/N,Retail Channel,Two-person,21 Days,Tuesday
PL8,TKC01 Plymouth O/N,Retail Channel,Two-person,21 Days,Tuesday
PL9,TKC01 Plymouth O/N,Retail Channel,Two-person,21 Days,Tuesday
PL10,TKC01 Plymouth O/N,Retail Channel,Two-person,21 Days,Tuesday
PL11,TKC01 Plymouth O/N,Retail Channel,Two-person,21 Days,Tuesday
PL12,TKC01 Plymouth O/N,Retail Channel,Two-person,21 Days,Tuesday
PL13,TKC01 Plymouth O/N,Retail Channel,Two-person,21 Days,Tuesday
PL14,TKC01 Plymouth O/N,Retail Channel,Two-person,21 Days,Tuesday
PL21,TKC01 Plymouth O/N,Retail Channel,Two-person,21 Days,Tuesday
PL22,TKC01 Plymouth O/N,Retail Channel,Two-person,21 Days,Tuesday
PL23,TKC01 Plymouth O/N,Retail Channel,Two-person,21 Days,Tuesday
PL24,TKC01 Plymouth O/N,Retail Channel,Two-person,21 Days,Tuesday
PL25,TKC01 Plymouth O/N,Retail Channel,Two-person,21 Days,Tuesday
PL26,TKC01 Plymouth O/N,Retail Channel,Two-person,21 Days,Tuesday
TQ10,TKC01 Plymouth O/N,Retail Channel,Two-person,21 Days,Tuesday
TQ11,TKC01 Plymouth O/N,Retail Channel,Two-person,21 Days,Tuesday
TQ6,TKC01 Plymouth O/N,Retail Channel,Two-person,21 Days,Tuesday
TQ7,TKC01 Plymouth O/N,Retail Channel,Two-person,21 Days,Tuesday
TQ8,TKC01 Plymouth O/N,Retail Channel,Two-person,21 Days,Tuesday
TQ9,TKC01 Plymouth O/N,Retail Channel,Two-person,21 Days,Tuesday
TR1,TKC01 Plymouth O/N,Retail Channel,Two-person,21 Days,Tuesday
TR2,TKC01 Plymouth O/N,Retail Channel,Two-person,21 Days,Tuesday
TR3,TKC01 Plymouth O/N,Retail Channel,Two-person,21 Days,Tuesday
TR4,TKC01 Plymouth O/N,Retail Channel,Two-person,21 Days,Tuesday
TR5,TKC01 Plymouth O/N,Retail Channel,Two-person,21 Days,Tuesday
TR6,TKC01 Plymouth O/N,Retail Channel,Two-person,21 Days,Tuesday
TR7,TKC01 Plymouth O/N,Retail Channel,Two-person,21 Days,Tuesday
TR8,TKC01 Plymouth O/N,Retail Channel,Two-person,21 Days,Tuesday
TR9,TKC01 Plymouth O/N,Retail Channel,Two-person,21 Days,Tuesday
TR10,TKC01 Plymouth O/N,Retail Channel,Two-person,21 Days,Tuesday
TR11,TKC01 Plymouth O/N,Retail Channel,Two-person,21 Days,Tuesday
TR12,TKC01 Plymouth O/N,Retail Channel,Two-person,21 Days,Tuesday
TR13,TKC01 Plymouth O/N,Retail Channel,Two-person,21 Days,Tuesday
TR14,TKC01 Plymouth O/N,Retail Channel,Two-person,21 Days,Tuesday
TR15,TKC01 Plymouth O/N,Retail Channel,Two-person,21 Days,Tuesday
TR16,TKC01 Plymouth O/N,Retail Channel,Two-person,21 Days,Tuesday
TR17,TKC01 Plymouth O/N,Retail Channel,Two-person,21 Days,Tuesday
TR18,TKC01 Plymouth O/N,Retail Channel,Two-person,21 Days,Tuesday
TR19,TKC01 Plymouth O/N,Retail Channel,Two-person,21 Days,Tuesday
TR20,TKC01 Plymouth O/N,Retail Channel,Two-person,21 Days,Tuesday
TR21,TKC01 Plymouth O/N,Retail Channel,Two-person,21 Days,Tuesday
TR22,TKC01 Plymouth O/N,Retail Channel,Two-person,21 Days,Tuesday
TR23,TKC01 Plymouth O/N,Retail Channel,Two-person,21 Days,Tuesday
TR24,TKC01 Plymouth O/N,Retail Channel,Two-person,21 Days,Tuesday
TR25,TKC01 Plymouth O/N,Retail Channel,Two-person,21 Days,Tuesday
TR26,TKC01 Plymouth O/N,Retail Channel,Two-person,21 Days,Tuesday
TR27,TKC01 Plymouth O/N,Retail Channel,Two-person,21 Days,Tuesday
CA4,TKC01 Scotland O/N (A),Component Channel,One-person,1 Day,Tuesday
CA6,TKC01 Scotland O/N (A),Component Channel,One-person,1 Day,Tuesday
CA8,TKC01 Scotland O/N (A),Component Channel,One-person,1 Day,Tuesday
CA9,TKC01 Scotland O/N (A),Component Channel,One-person,1 Day,Tuesday
CA12,TKC01 Scotland O/N (A),Component Channel,One-person,1 Day,Tuesday
CA13,TKC01 Scotland O/N (A),Component Channel,One-person,1 Day,Tuesday
CA14,TKC01 Scotland O/N (A),Component Channel,One-person,1 Day,Tuesday
CA15,TKC01 Scotland O/N (A),Component Channel,One-person,1 Day,Tuesday
CA16,TKC01 Scotland O/N (A),Component Channel,One-person,1 Day,Tuesday
CA17,TKC01 Scotland O/N (A),Component Channel,One-person,1 Day,Tuesday
CA18,TKC01 Scotland O/N (A),Component Channel,One-person,1 Day,Tuesday
CA19,TKC01 Scotland O/N (A),Component Channel,One-person,1 Day,Tuesday
CA20,TKC01 Scotland O/N (A),Component Channel,One-person,1 Day,Tuesday
CA21,TKC01 Scotland O/N (A),Component Channel,One-person,1 Day,Tuesday
CA22,TKC01 Scotland O/N (A),Component Channel,One-person,1 Day,Tuesday
CA23,TKC01 Scotland O/N (A),Component Channel,One-person,1 Day,Tuesday
CA24,TKC01 Scotland O/N (A),Component Channel,One-person,1 Day,Tuesday
CA25,TKC01 Scotland O/N (A),Component Channel,One-person,1 Day,Tuesday
CA26,TKC01 Scotland O/N (A),Component Channel,One-person,1 Day,Tuesday
CA27,TKC01 Scotland O/N (A),Component Channel,One-person,1 Day,Tuesday
CA28,TKC01 Scotland O/N (A),Component Channel,One-person,1 Day,Tuesday
CA27,TKC01 Scotland O/N (A),Component Channel,One-person,1 Day,Tuesday
CA28,TKC01 Scotland O/N (A),Component Channel,One-person,1 Day,Tuesday
DD1,TKC01 Scotland O/N (B),Component Channel,One-person,1 Day,Tuesday|Thursday
DD10,TKC01 Scotland O/N (B),Component Channel,One-person,1 Day,Tuesday|Thursday
DD11,TKC01 Scotland O/N (B),Component Channel,One-person,1 Day,Tuesday|Thursday
DD2,TKC01 Scotland O/N (B),Component Channel,One-person,1 Day,Tuesday|Thursday
DD3,TKC01 Scotland O/N (B),Component Channel,One-person,1 Day,Tuesday|Thursday
DD4,TKC01 Scotland O/N (B),Component Channel,One-person,1 Day,Tuesday|Thursday
DD5,TKC01 Scotland O/N (B),Component Channel,One-person,1 Day,Tuesday|Thursday
DD6,TKC01 Scotland O/N (B),Component Channel,One-person,1 Day,Tuesday|Thursday
DD7,TKC01 Scotland O/N (B),Component Channel,One-person,1 Day,Tuesday|Thursday
DD8,TKC01 Scotland O/N (B),Component Channel,One-person,1 Day,Tuesday|Thursday
DD9,TKC01 Scotland O/N (B),Component Channel,One-person,1 Day,Tuesday|Thursday
DG1,TKC01 Scotland O/N (A),Component Channel,One-person,1 Day,Tuesday
DG2,TKC01 Scotland O/N (A),Component Channel,One-person,1 Day,Tuesday
DG3,TKC01 Scotland O/N (A),Component Channel,One-person,1 Day,Tuesday
DG4,TKC01 Scotland O/N (A),Component Channel,One-person,1 Day,Tuesday
DG5,TKC01 Scotland O/N (A),Component Channel,One-person,1 Day,Tuesday
DG6,TKC01 Scotland O/N (A),Component Channel,One-person,1 Day,Tuesday
DG7,TKC01 Scotland O/N (A),Component Channel,One-person,1 Day,Tuesday
DG8,TKC01 Scotland O/N (A),Component Channel,One-person,1 Day,Tuesday
DG9,TKC01 Scotland O/N (A),Component Channel,One-person,1 Day,Tuesday
DG10,TKC01 Scotland O/N (A),Component Channel,One-person,1 Day,Tuesday
DG11,TKC01 Scotland O/N (A),Component Channel,One-person,1 Day,Tuesday
DG12,TKC01 Scotland O/N (A),Component Channel,One-person,1 Day,Tuesday
DG13,TKC01 Scotland O/N (A),Component Channel,One-person,1 Day,Tuesday
DG14,TKC01 Scotland O/N (A),Component Channel,One-person,1 Day,Tuesday
DG15,TKC01 Scotland O/N (A),Component Channel,One-person,1 Day,Tuesday
DG16,TKC01 Scotland O/N (A),Component Channel,One-person,1 Day,Tuesday
FK1,TKC01 Scotland O/N (B),Component Channel,One-person,1 Day,Tuesday|Thursday
FK10,TKC01 Scotland O/N (B),Component Channel,One-person,1 Day,Tuesday|Thursday
FK11,TKC01 Scotland O/N (B),Component Channel,One-person,1 Day,Tuesday|Thursday
FK12,TKC01 Scotland O/N (B),Component Channel,One-person,1 Day,Tuesday|Thursday
FK13,TKC01 Scotland O/N (B),Component Channel,One-person,1 Day,Tuesday|Thursday
FK14,TKC01 Scotland O/N (B),Component Channel,One-person,1 Day,Tuesday|Thursday
FK15,TKC01 Scotland O/N (B),Component Channel,One-person,1 Day,Tuesday|Thursday
FK16,TKC01 Scotland O/N (B),Component Channel,One-person,1 Day,Tuesday|Thursday
FK17,TKC01 Scotland O/N (B),Component Channel,One-person,1 Day,Tuesday|Thursday
FK18,TKC01 Scotland O/N (B),Component Channel,One-person,1 Day,Tuesday|Thursday
FK19,TKC01 Scotland O/N (B),Component Channel,One-person,1 Day,Tuesday|Thursday
FK2,TKC01 Scotland O/N (B),Component Channel,One-person,1 Day,Tuesday|Thursday
FK20,TKC01 Scotland O/N (B),Component Channel,One-person,1 Day,Tuesday|Thursday
FK21,TKC01 Scotland O/N (B),Component Channel,One-person,1 Day,Tuesday|Thursday
FK3,TKC01 Scotland O/N (B),Component Channel,One-person,1 Day,Tuesday|Thursday
FK4,TKC01 Scotland O/N (B),Component Channel,One-person,1 Day,Tuesday|Thursday
FK5,TKC01 Scotland O/N (B),Component Channel,One-person,1 Day,Tuesday|Thursday
FK6,TKC01 Scotland O/N (B),Component Channel,One-person,1 Day,Tuesday|Thursday
FK7,TKC01 Scotland O/N (B),Component Channel,One-person,1 Day,Tuesday|Thursday
FK8,TKC01 Scotland O/N (B),Component Channel,One-person,1 Day,Tuesday|Thursday
FK9,TKC01 Scotland O/N (B),Component Channel,One-person,1 Day,Tuesday|Thursday
G1,TKC01 Scotland O/N (B),Component Channel,One-person,1 Day,Tuesday|Thursday
G11,TKC01 Scotland O/N (B),Component Channel,One-person,1 Day,Tuesday|Thursday
G12,TKC01 Scotland O/N (B),Component Channel,One-person,1 Day,Tuesday|Thursday
G13,TKC01 Scotland O/N (B),Component Channel,One-person,1 Day,Tuesday|Thursday
G14,TKC01 Scotland O/N (B),Component Channel,One-person,1 Day,Tuesday|Thursday
G15,TKC01 Scotland O/N (B),Component Channel,One-person,1 Day,Tuesday|Thursday
G2,TKC01 Scotland O/N (B),Component Channel,One-person,1 Day,Tuesday|Thursday
G20,TKC01 Scotland O/N (B),Component Channel,One-person,1 Day,Tuesday|Thursday
G21,TKC01 Scotland O/N (B),Component Channel,One-person,1 Day,Tuesday|Thursday
G22,TKC01 Scotland O/N (B),Component Channel,One-person,1 Day,Tuesday|Thursday
G23,TKC01 Scotland O/N (B),Component Channel,One-person,1 Day,Tuesday|Thursday
G3,TKC01 Scotland O/N (B),Component Channel,One-person,1 Day,Tuesday|Thursday
G31,TKC01 Scotland O/N (B),Component Channel,One-person,1 Day,Tuesday|Thursday
G32,TKC01 Scotland O/N (B),Component Channel,One-person,1 Day,Tuesday|Thursday
G33,TKC01 Scotland O/N (B),Component Channel,One-person,1 Day,Tuesday|Thursday
G34,TKC01 Scotland O/N (B),Component Channel,One-person,1 Day,Tuesday|Thursday
G4,TKC01 Scotland O/N (B),Component Channel,One-person,1 Day,Tuesday|Thursday
G40,TKC01 Scotland O/N (B),Component Channel,One-person,1 Day,Tuesday|Thursday
G41,TKC01 Scotland O/N (B),Component Channel,One-person,1 Day,Tuesday|Thursday
G42,TKC01 Scotland O/N (B),Component Channel,One-person,1 Day,Tuesday|Thursday
G43,TKC01 Scotland O/N (B),Component Channel,One-person,1 Day,Tuesday|Thursday
G44,TKC01 Scotland O/N (B),Component Channel,One-person,1 Day,Tuesday|Thursday
G45,TKC01 Scotland O/N (B),Component Channel,One-person,1 Day,Tuesday|Thursday
G46,TKC01 Scotland O/N (B),Component Channel,One-person,1 Day,Tuesday|Thursday
G5,TKC01 Scotland O/N (B),Component Channel,One-person,1 Day,Tuesday|Thursday
G51,TKC01 Scotland O/N (B),Component Channel,One-person,1 Day,Tuesday|Thursday
G52,TKC01 Scotland O/N (B),Component Channel,One-person,1 Day,Tuesday|Thursday
G53,TKC01 Scotland O/N (B),Component Channel,One-person,1 Day,Tuesday|Thursday
G58,TKC01 Scotland O/N (B),Component Channel,One-person,1 Day,Tuesday|Thursday
G60,TKC01 Scotland O/N (B),Component Channel,One-person,1 Day,Tuesday|Thursday
G61,TKC01 Scotland O/N (B),Component Channel,One-person,1 Day,Tuesday|Thursday
G62,TKC01 Scotland O/N (B),Component Channel,One-person,1 Day,Tuesday|Thursday
G63,TKC01 Scotland O/N (B),Component Channel,One-person,1 Day,Tuesday|Thursday
G64,TKC01 Scotland O/N (B),Component Channel,One-person,1 Day,Tuesday|Thursday
G65,TKC01 Scotland O/N (B),Component Channel,One-person,1 Day,Tuesday|Thursday
G66,TKC01 Scotland O/N (B),Component Channel,One-person,1 Day,Tuesday|Thursday
G67,TKC01 Scotland O/N (B),Component Channel,One-person,1 Day,Tuesday|Thursday
G68,TKC01 Scotland O/N (B),Component Channel,One-person,1 Day,Tuesday|Thursday
G69,TKC01 Scotland O/N (B),Component Channel,One-person,1 Day,Tuesday|Thursday
G70,TKC01 Scotland O/N (B),Component Channel,One-person,1 Day,Tuesday|Thursday
G71,TKC01 Scotland O/N (B),Component Channel,One-person,1 Day,Tuesday|Thursday
G72,TKC01 Scotland O/N (B),Component Channel,One-person,1 Day,Tuesday|Thursday
G73,TKC01 Scotland O/N (B),Component Channel,One-person,1 Day,Tuesday|Thursday
G74,TKC01 Scotland O/N (B),Component Channel,One-person,1 Day,Tuesday|Thursday
G75,TKC01 Scotland O/N (B),Component Channel,One-person,1 Day,Tuesday|Thursday
G76,TKC01 Scotland O/N (B),Component Channel,One-person,1 Day,Tuesday|Thursday
G77,TKC01 Scotland O/N (B),Component Channel,One-person,1 Day,Tuesday|Thursday
G78,TKC01 Scotland O/N (B),Component Channel,One-person,1 Day,Tuesday|Thursday
G79,TKC01 Scotland O/N (B),Component Channel,One-person,1 Day,Tuesday|Thursday
G80,TKC01 Scotland O/N (B),Component Channel,One-person,1 Day,Tuesday|Thursday
G81,TKC01 Scotland O/N (B),Component Channel,One-person,1 Day,Tuesday|Thursday
G82,TKC01 Scotland O/N (B),Component Channel,One-person,1 Day,Tuesday|Thursday
G83,TKC01 Scotland O/N (B),Component Channel,One-person,1 Day,Tuesday|Thursday
G84,TKC01 Scotland O/N (B),Component Channel,One-person,1 Day,Tuesday|Thursday
G9,TKC01 Scotland O/N (B),Component Channel,One-person,1 Day,Tuesday|Thursday
G90,TKC01 Scotland O/N (B),Component Channel,One-person,1 Day,Tuesday|Thursday
KA1,TKC01 Scotland O/N (B),Component Channel,One-person,1 Day,Tuesday|Thursday
KA2,TKC01 Scotland O/N (B),Component Channel,One-person,1 Day,Tuesday|Thursday
KA3,TKC01 Scotland O/N (B),Component Channel,One-person,1 Day,Tuesday|Thursday
KA4,TKC01 Scotland O/N (B),Component Channel,One-person,1 Day,Tuesday|Thursday
KA5,TKC01 Scotland O/N (B),Component Channel,One-person,1 Day,Tuesday|Thursday
KA7,TKC01 Scotland O/N (B),Component Channel,One-person,1 Day,Tuesday|Thursday
KA8,TKC01 Scotland O/N (B),Component Channel,One-person,1 Day,Tuesday|Thursday
KA9,TKC01 Scotland O/N (B),Component Channel,One-person,1 Day,Tuesday|Thursday
KA10,TKC01 Scotland O/N (B),Component Channel,One-person,1 Day,Tuesday|Thursday
KA11,TKC01 Scotland O/N (B),Component Channel,One-person,1 Day,Tuesday|Thursday
KA12,TKC01 Scotland O/N (B),Component Channel,One-person,1 Day,Tuesday|Thursday
KA13,TKC01 Scotland O/N (B),Component Channel,One-person,1 Day,Tuesday|Thursday
KA14,TKC01 Scotland O/N (B),Component Channel,One-person,1 Day,Tuesday|Thursday
KA15,TKC01 Scotland O/N (B),Component Channel,One-person,1 Day,Tuesday|Thursday
KA16,TKC01 Scotland O/N (B),Component Channel,One-person,1 Day,Tuesday|Thursday
KA17,TKC01 Scotland O/N (B),Component Channel,One-person,1 Day,Tuesday|Thursday
KA20,TKC01 Scotland O/N (B),Component Channel,One-person,1 Day,Tuesday|Thursday
KA21,TKC01 Scotland O/N (B),Component Channel,One-person,1 Day,Tuesday|Thursday
KA22,TKC01 Scotland O/N (B),Component Channel,One-person,1 Day,Tuesday|Thursday
KA23,TKC01 Scotland O/N (B),Component Channel,One-person,1 Day,Tuesday|Thursday
KA24,TKC01 Scotland O/N (B),Component Channel,One-person,1 Day,Tuesday|Thursday
KA25,TKC01 Scotland O/N (B),Component Channel,One-person,1 Day,Tuesday|Thursday
KA27,TKC01 Scotland O/N (B),Component Channel,One-person,1 Day,Tuesday|Thursday
KA28,TKC01 Scotland O/N (B),Component Channel,One-person,1 Day,Tuesday|Thursday
KA29,TKC01 Scotland O/N (B),Component Channel,One-person,1 Day,Tuesday|Thursday
KA30,TKC01 Scotland O/N (B),Component Channel,One-person,1 Day,Tuesday|Thursday
KA6,TKC01 Scotland O/N (A),Component Channel,One-person,1 Day,Tuesday
KA18,TKC01 Scotland O/N (A),Component Channel,One-person,1 Day,Tuesday
KA19,TKC01 Scotland O/N (A),Component Channel,One-person,1 Day,Tuesday
KA26,TKC01 Scotland O/N (A),Component Channel,One-person,1 Day,Tuesday
ML4,TKC01 Scotland O/N (B),Component Channel,One-person,1 Day,Tuesday|Thursday
ML5,TKC01 Scotland O/N (B),Component Channel,One-person,1 Day,Tuesday|Thursday
ML6,TKC01 Scotland O/N (B),Component Channel,One-person,1 Day,Tuesday|Thursday
PA1,TKC01 Scotland O/N (B),Component Channel,One-person,1 Day,Tuesday|Thursday
PA10,TKC01 Scotland O/N (B),Component Channel,One-person,1 Day,Tuesday|Thursday
PA11,TKC01 Scotland O/N (B),Component Channel,One-person,1 Day,Tuesday|Thursday
PA12,TKC01 Scotland O/N (B),Component Channel,One-person,1 Day,Tuesday|Thursday
PA13,TKC01 Scotland O/N (B),Component Channel,One-person,1 Day,Tuesday|Thursday
PA14,TKC01 Scotland O/N (B),Component Channel,One-person,1 Day,Tuesday|Thursday
PA15,TKC01 Scotland O/N (B),Component Channel,One-person,1 Day,Tuesday|Thursday
PA16,TKC01 Scotland O/N (B),Component Channel,One-person,1 Day,Tuesday|Thursday
PA17,TKC01 Scotland O/N (B),Component Channel,One-person,1 Day,Tuesday|Thursday
PA18,TKC01 Scotland O/N (B),Component Channel,One-person,1 Day,Tuesday|Thursday
PA19,TKC01 Scotland O/N (B),Component Channel,One-person,1 Day,Tuesday|Thursday
PA2,TKC01 Scotland O/N (B),Component Channel,One-person,1 Day,Tuesday|Thursday
PA3,TKC01 Scotland O/N (B),Component Channel,One-person,1 Day,Tuesday|Thursday
PA4,TKC01 Scotland O/N (B),Component Channel,One-person,1 Day,Tuesday|Thursday
PA5,TKC01 Scotland O/N (B),Component Channel,One-person,1 Day,Tuesday|Thursday
PA6,TKC01 Scotland O/N (B),Component Channel,One-person,1 Day,Tuesday|Thursday
PA7,TKC01 Scotland O/N (B),Component Channel,One-person,1 Day,Tuesday|Thursday
PA8,TKC01 Scotland O/N (B),Component Channel,One-person,1 Day,Tuesday|Thursday
PA9,TKC01 Scotland O/N (B),Component Channel,One-person,1 Day,Tuesday|Thursday
PH1,TKC01 Scotland O/N (B),Component Channel,One-person,1 Day,Tuesday|Thursday
PH11,TKC01 Scotland O/N (B),Component Channel,One-person,1 Day,Tuesday|Thursday
PH12,TKC01 Scotland O/N (B),Component Channel,One-person,1 Day,Tuesday|Thursday
PH13,TKC01 Scotland O/N (B),Component Channel,One-person,1 Day,Tuesday|Thursday
PH14,TKC01 Scotland O/N (B),Component Channel,One-person,1 Day,Tuesday|Thursday
PH2,TKC01 Scotland O/N (B),Component Channel,One-person,1 Day,Tuesday|Thursday
PH3,TKC01 Scotland O/N (B),Component Channel,One-person,1 Day,Tuesday|Thursday
PH4,TKC01 Scotland O/N (B),Component Channel,One-person,1 Day,Tuesday|Thursday
PH5,TKC01 Scotland O/N (B),Component Channel,One-person,1 Day,Tuesday|Thursday
PH6,TKC01 Scotland O/N (B),Component Channel,One-person,1 Day,Tuesday|Thursday
PH7,TKC01 Scotland O/N (B),Component Channel,One-person,1 Day,Tuesday|Thursday
TD1,TKC01 Scotland O/N (A),Component Channel,One-person,1 Day,Tuesday
TD2,TKC01 Scotland O/N (A),Component Channel,One-person,1 Day,Tuesday
TD3,TKC01 Scotland O/N (A),Component Channel,One-person,1 Day,Tuesday
TD4,TKC01 Scotland O/N (A),Component Channel,One-person,1 Day,Tuesday
TD5,TKC01 Scotland O/N (A),Component Channel,One-person,1 Day,Tuesday
TD6,TKC01 Scotland O/N (A),Component Channel,One-person,1 Day,Tuesday
TD7,TKC01 Scotland O/N (A),Component Channel,One-person,1 Day,Tuesday
TD8,TKC01 Scotland O/N (A),Component Channel,One-person,1 Day,Tuesday
TD9,TKC01 Scotland O/N (A),Component Channel,One-person,1 Day,Tuesday
TD10,TKC01 Scotland O/N (A),Component Channel,One-person,1 Day,Tuesday
TD11,TKC01 Scotland O/N (A),Component Channel,One-person,1 Day,Tuesday
TD12,TKC01 Scotland O/N (A),Component Channel,One-person,1 Day,Tuesday
TD13,TKC01 Scotland O/N (A),Component Channel,One-person,1 Day,Tuesday
TD14,TKC01 Scotland O/N (A),Component Channel,One-person,1 Day,Tuesday
TD15,TKC01 Scotland O/N (A),Component Channel,One-person,1 Day,Tuesday
CA4,TKC01 Scotland O/N (A),Jigsaw Channel,Two-person,5 Days,Tuesday
CA6,TKC01 Scotland O/N (A),Jigsaw Channel,Two-person,5 Days,Tuesday
CA8,TKC01 Scotland O/N (A),Jigsaw Channel,Two-person,5 Days,Tuesday
CA9,TKC01 Scotland O/N (A),Jigsaw Channel,Two-person,5 Days,Tuesday
CA12,TKC01 Scotland O/N (A),Jigsaw Channel,Two-person,5 Days,Tuesday
CA13,TKC01 Scotland O/N (A),Jigsaw Channel,Two-person,5 Days,Tuesday
CA14,TKC01 Scotland O/N (A),Jigsaw Channel,Two-person,5 Days,Tuesday
CA15,TKC01 Scotland O/N (A),Jigsaw Channel,Two-person,5 Days,Tuesday
CA16,TKC01 Scotland O/N (A),Jigsaw Channel,Two-person,5 Days,Tuesday
CA17,TKC01 Scotland O/N (A),Jigsaw Channel,Two-person,5 Days,Tuesday
CA18,TKC01 Scotland O/N (A),Jigsaw Channel,Two-person,5 Days,Tuesday
CA19,TKC01 Scotland O/N (A),Jigsaw Channel,Two-person,5 Days,Tuesday
CA20,TKC01 Scotland O/N (A),Jigsaw Channel,Two-person,5 Days,Tuesday
CA21,TKC01 Scotland O/N (A),Jigsaw Channel,Two-person,5 Days,Tuesday
CA22,TKC01 Scotland O/N (A),Jigsaw Channel,Two-person,5 Days,Tuesday
CA23,TKC01 Scotland O/N (A),Jigsaw Channel,Two-person,5 Days,Tuesday
CA24,TKC01 Scotland O/N (A),Jigsaw Channel,Two-person,5 Days,Tuesday
CA25,TKC01 Scotland O/N (A),Jigsaw Channel,Two-person,5 Days,Tuesday
CA26,TKC01 Scotland O/N (A),Jigsaw Channel,Two-person,5 Days,Tuesday
CA27,TKC01 Scotland O/N (A),Jigsaw Channel,Two-person,5 Days,Tuesday
CA28,TKC01 Scotland O/N (A),Jigsaw Channel,Two-person,5 Days,Tuesday
CA27,TKC01 Scotland O/N (A),Jigsaw Channel,Two-person,5 Days,Tuesday
CA28,TKC01 Scotland O/N (A),Jigsaw Channel,Two-person,5 Days,Tuesday
DD1,TKC01 Scotland O/N (B),Jigsaw Channel,Two-person,5 Days,Tuesday|Thursday
DD10,TKC01 Scotland O/N (B),Jigsaw Channel,Two-person,5 Days,Tuesday|Thursday
DD11,TKC01 Scotland O/N (B),Jigsaw Channel,Two-person,5 Days,Tuesday|Thursday
DD2,TKC01 Scotland O/N (B),Jigsaw Channel,Two-person,5 Days,Tuesday|Thursday
DD3,TKC01 Scotland O/N (B),Jigsaw Channel,Two-person,5 Days,Tuesday|Thursday
DD4,TKC01 Scotland O/N (B),Jigsaw Channel,Two-person,5 Days,Tuesday|Thursday
DD5,TKC01 Scotland O/N (B),Jigsaw Channel,Two-person,5 Days,Tuesday|Thursday
DD6,TKC01 Scotland O/N (B),Jigsaw Channel,Two-person,5 Days,Tuesday|Thursday
DD7,TKC01 Scotland O/N (B),Jigsaw Channel,Two-person,5 Days,Tuesday|Thursday
DD8,TKC01 Scotland O/N (B),Jigsaw Channel,Two-person,5 Days,Tuesday|Thursday
DD9,TKC01 Scotland O/N (B),Jigsaw Channel,Two-person,5 Days,Tuesday|Thursday
DG1,TKC01 Scotland O/N (A),Jigsaw Channel,Two-person,5 Days,Tuesday
DG2,TKC01 Scotland O/N (A),Jigsaw Channel,Two-person,5 Days,Tuesday
DG3,TKC01 Scotland O/N (A),Jigsaw Channel,Two-person,5 Days,Tuesday
DG4,TKC01 Scotland O/N (A),Jigsaw Channel,Two-person,5 Days,Tuesday
DG5,TKC01 Scotland O/N (A),Jigsaw Channel,Two-person,5 Days,Tuesday
DG6,TKC01 Scotland O/N (A),Jigsaw Channel,Two-person,5 Days,Tuesday
DG7,TKC01 Scotland O/N (A),Jigsaw Channel,Two-person,5 Days,Tuesday
DG8,TKC01 Scotland O/N (A),Jigsaw Channel,Two-person,5 Days,Tuesday
DG9,TKC01 Scotland O/N (A),Jigsaw Channel,Two-person,5 Days,Tuesday
DG10,TKC01 Scotland O/N (A),Jigsaw Channel,Two-person,5 Days,Tuesday
DG11,TKC01 Scotland O/N (A),Jigsaw Channel,Two-person,5 Days,Tuesday
DG12,TKC01 Scotland O/N (A),Jigsaw Channel,Two-person,5 Days,Tuesday
DG13,TKC01 Scotland O/N (A),Jigsaw Channel,Two-person,5 Days,Tuesday
DG14,TKC01 Scotland O/N (A),Jigsaw Channel,Two-person,5 Days,Tuesday
DG15,TKC01 Scotland O/N (A),Jigsaw Channel,Two-person,5 Days,Tuesday
DG16,TKC01 Scotland O/N (A),Jigsaw Channel,Two-person,5 Days,Tuesday
FK1,TKC01 Scotland O/N (B),Jigsaw Channel,Two-person,5 Days,Tuesday|Thursday
FK10,TKC01 Scotland O/N (B),Jigsaw Channel,Two-person,5 Days,Tuesday|Thursday
FK11,TKC01 Scotland O/N (B),Jigsaw Channel,Two-person,5 Days,Tuesday|Thursday
FK12,TKC01 Scotland O/N (B),Jigsaw Channel,Two-person,5 Days,Tuesday|Thursday
FK13,TKC01 Scotland O/N (B),Jigsaw Channel,Two-person,5 Days,Tuesday|Thursday
FK14,TKC01 Scotland O/N (B),Jigsaw Channel,Two-person,5 Days,Tuesday|Thursday
FK15,TKC01 Scotland O/N (B),Jigsaw Channel,Two-person,5 Days,Tuesday|Thursday
FK16,TKC01 Scotland O/N (B),Jigsaw Channel,Two-person,5 Days,Tuesday|Thursday
FK17,TKC01 Scotland O/N (B),Jigsaw Channel,Two-person,5 Days,Tuesday|Thursday
FK18,TKC01 Scotland O/N (B),Jigsaw Channel,Two-person,5 Days,Tuesday|Thursday
FK19,TKC01 Scotland O/N (B),Jigsaw Channel,Two-person,5 Days,Tuesday|Thursday
FK2,TKC01 Scotland O/N (B),Jigsaw Channel,Two-person,5 Days,Tuesday|Thursday
FK20,TKC01 Scotland O/N (B),Jigsaw Channel,Two-person,5 Days,Tuesday|Thursday
FK21,TKC01 Scotland O/N (B),Jigsaw Channel,Two-person,5 Days,Tuesday|Thursday
FK3,TKC01 Scotland O/N (B),Jigsaw Channel,Two-person,5 Days,Tuesday|Thursday
FK4,TKC01 Scotland O/N (B),Jigsaw Channel,Two-person,5 Days,Tuesday|Thursday
FK5,TKC01 Scotland O/N (B),Jigsaw Channel,Two-person,5 Days,Tuesday|Thursday
FK6,TKC01 Scotland O/N (B),Jigsaw Channel,Two-person,5 Days,Tuesday|Thursday
FK7,TKC01 Scotland O/N (B),Jigsaw Channel,Two-person,5 Days,Tuesday|Thursday
FK8,TKC01 Scotland O/N (B),Jigsaw Channel,Two-person,5 Days,Tuesday|Thursday
FK9,TKC01 Scotland O/N (B),Jigsaw Channel,Two-person,5 Days,Tuesday|Thursday
G1,TKC01 Scotland O/N (B),Jigsaw Channel,Two-person,5 Days,Tuesday|Thursday
G11,TKC01 Scotland O/N (B),Jigsaw Channel,Two-person,5 Days,Tuesday|Thursday
G12,TKC01 Scotland O/N (B),Jigsaw Channel,Two-person,5 Days,Tuesday|Thursday
G13,TKC01 Scotland O/N (B),Jigsaw Channel,Two-person,5 Days,Tuesday|Thursday
G14,TKC01 Scotland O/N (B),Jigsaw Channel,Two-person,5 Days,Tuesday|Thursday
G15,TKC01 Scotland O/N (B),Jigsaw Channel,Two-person,5 Days,Tuesday|Thursday
G2,TKC01 Scotland O/N (B),Jigsaw Channel,Two-person,5 Days,Tuesday|Thursday
G20,TKC01 Scotland O/N (B),Jigsaw Channel,Two-person,5 Days,Tuesday|Thursday
G21,TKC01 Scotland O/N (B),Jigsaw Channel,Two-person,5 Days,Tuesday|Thursday
G22,TKC01 Scotland O/N (B),Jigsaw Channel,Two-person,5 Days,Tuesday|Thursday
G23,TKC01 Scotland O/N (B),Jigsaw Channel,Two-person,5 Days,Tuesday|Thursday
G3,TKC01 Scotland O/N (B),Jigsaw Channel,Two-person,5 Days,Tuesday|Thursday
G31,TKC01 Scotland O/N (B),Jigsaw Channel,Two-person,5 Days,Tuesday|Thursday
G32,TKC01 Scotland O/N (B),Jigsaw Channel,Two-person,5 Days,Tuesday|Thursday
G33,TKC01 Scotland O/N (B),Jigsaw Channel,Two-person,5 Days,Tuesday|Thursday
G34,TKC01 Scotland O/N (B),Jigsaw Channel,Two-person,5 Days,Tuesday|Thursday
G4,TKC01 Scotland O/N (B),Jigsaw Channel,Two-person,5 Days,Tuesday|Thursday
G40,TKC01 Scotland O/N (B),Jigsaw Channel,Two-person,5 Days,Tuesday|Thursday
G41,TKC01 Scotland O/N (B),Jigsaw Channel,Two-person,5 Days,Tuesday|Thursday
G42,TKC01 Scotland O/N (B),Jigsaw Channel,Two-person,5 Days,Tuesday|Thursday
G43,TKC01 Scotland O/N (B),Jigsaw Channel,Two-person,5 Days,Tuesday|Thursday
G44,TKC01 Scotland O/N (B),Jigsaw Channel,Two-person,5 Days,Tuesday|Thursday
G45,TKC01 Scotland O/N (B),Jigsaw Channel,Two-person,5 Days,Tuesday|Thursday
G46,TKC01 Scotland O/N (B),Jigsaw Channel,Two-person,5 Days,Tuesday|Thursday
G5,TKC01 Scotland O/N (B),Jigsaw Channel,Two-person,5 Days,Tuesday|Thursday
G51,TKC01 Scotland O/N (B),Jigsaw Channel,Two-person,5 Days,Tuesday|Thursday
G52,TKC01 Scotland O/N (B),Jigsaw Channel,Two-person,5 Days,Tuesday|Thursday
G53,TKC01 Scotland O/N (B),Jigsaw Channel,Two-person,5 Days,Tuesday|Thursday
G58,TKC01 Scotland O/N (B),Jigsaw Channel,Two-person,5 Days,Tuesday|Thursday
G60,TKC01 Scotland O/N (B),Jigsaw Channel,Two-person,5 Days,Tuesday|Thursday
G61,TKC01 Scotland O/N (B),Jigsaw Channel,Two-person,5 Days,Tuesday|Thursday
G62,TKC01 Scotland O/N (B),Jigsaw Channel,Two-person,5 Days,Tuesday|Thursday
G63,TKC01 Scotland O/N (B),Jigsaw Channel,Two-person,5 Days,Tuesday|Thursday
G64,TKC01 Scotland O/N (B),Jigsaw Channel,Two-person,5 Days,Tuesday|Thursday
G65,TKC01 Scotland O/N (B),Jigsaw Channel,Two-person,5 Days,Tuesday|Thursday
G66,TKC01 Scotland O/N (B),Jigsaw Channel,Two-person,5 Days,Tuesday|Thursday
G67,TKC01 Scotland O/N (B),Jigsaw Channel,Two-person,5 Days,Tuesday|Thursday
G68,TKC01 Scotland O/N (B),Jigsaw Channel,Two-person,5 Days,Tuesday|Thursday
G69,TKC01 Scotland O/N (B),Jigsaw Channel,Two-person,5 Days,Tuesday|Thursday
G70,TKC01 Scotland O/N (B),Jigsaw Channel,Two-person,5 Days,Tuesday|Thursday
G71,TKC01 Scotland O/N (B),Jigsaw Channel,Two-person,5 Days,Tuesday|Thursday
G72,TKC01 Scotland O/N (B),Jigsaw Channel,Two-person,5 Days,Tuesday|Thursday
G73,TKC01 Scotland O/N (B),Jigsaw Channel,Two-person,5 Days,Tuesday|Thursday
G74,TKC01 Scotland O/N (B),Jigsaw Channel,Two-person,5 Days,Tuesday|Thursday
G75,TKC01 Scotland O/N (B),Jigsaw Channel,Two-person,5 Days,Tuesday|Thursday
G76,TKC01 Scotland O/N (B),Jigsaw Channel,Two-person,5 Days,Tuesday|Thursday
G77,TKC01 Scotland O/N (B),Jigsaw Channel,Two-person,5 Days,Tuesday|Thursday
G78,TKC01 Scotland O/N (B),Jigsaw Channel,Two-person,5 Days,Tuesday|Thursday
G79,TKC01 Scotland O/N (B),Jigsaw Channel,Two-person,5 Days,Tuesday|Thursday
G80,TKC01 Scotland O/N (B),Jigsaw Channel,Two-person,5 Days,Tuesday|Thursday
G81,TKC01 Scotland O/N (B),Jigsaw Channel,Two-person,5 Days,Tuesday|Thursday
G82,TKC01 Scotland O/N (B),Jigsaw Channel,Two-person,5 Days,Tuesday|Thursday
G83,TKC01 Scotland O/N (B),Jigsaw Channel,Two-person,5 Days,Tuesday|Thursday
G84,TKC01 Scotland O/N (B),Jigsaw Channel,Two-person,5 Days,Tuesday|Thursday
G9,TKC01 Scotland O/N (B),Jigsaw Channel,Two-person,5 Days,Tuesday|Thursday
G90,TKC01 Scotland O/N (B),Jigsaw Channel,Two-person,5 Days,Tuesday|Thursday
KA1,TKC01 Scotland O/N (B),Jigsaw Channel,Two-person,5 Days,Tuesday|Thursday
KA2,TKC01 Scotland O/N (B),Jigsaw Channel,Two-person,5 Days,Tuesday|Thursday
KA3,TKC01 Scotland O/N (B),Jigsaw Channel,Two-person,5 Days,Tuesday|Thursday
KA4,TKC01 Scotland O/N (B),Jigsaw Channel,Two-person,5 Days,Tuesday|Thursday
KA5,TKC01 Scotland O/N (B),Jigsaw Channel,Two-person,5 Days,Tuesday|Thursday
KA7,TKC01 Scotland O/N (B),Jigsaw Channel,Two-person,5 Days,Tuesday|Thursday
KA8,TKC01 Scotland O/N (B),Jigsaw Channel,Two-person,5 Days,Tuesday|Thursday
KA9,TKC01 Scotland O/N (B),Jigsaw Channel,Two-person,5 Days,Tuesday|Thursday
KA10,TKC01 Scotland O/N (B),Jigsaw Channel,Two-person,5 Days,Tuesday|Thursday
KA11,TKC01 Scotland O/N (B),Jigsaw Channel,Two-person,5 Days,Tuesday|Thursday
KA12,TKC01 Scotland O/N (B),Jigsaw Channel,Two-person,5 Days,Tuesday|Thursday
KA13,TKC01 Scotland O/N (B),Jigsaw Channel,Two-person,5 Days,Tuesday|Thursday
KA14,TKC01 Scotland O/N (B),Jigsaw Channel,Two-person,5 Days,Tuesday|Thursday
KA15,TKC01 Scotland O/N (B),Jigsaw Channel,Two-person,5 Days,Tuesday|Thursday
KA16,TKC01 Scotland O/N (B),Jigsaw Channel,Two-person,5 Days,Tuesday|Thursday
KA17,TKC01 Scotland O/N (B),Jigsaw Channel,Two-person,5 Days,Tuesday|Thursday
KA20,TKC01 Scotland O/N (B),Jigsaw Channel,Two-person,5 Days,Tuesday|Thursday
KA21,TKC01 Scotland O/N (B),Jigsaw Channel,Two-person,5 Days,Tuesday|Thursday
KA22,TKC01 Scotland O/N (B),Jigsaw Channel,Two-person,5 Days,Tuesday|Thursday
KA23,TKC01 Scotland O/N (B),Jigsaw Channel,Two-person,5 Days,Tuesday|Thursday
KA24,TKC01 Scotland O/N (B),Jigsaw Channel,Two-person,5 Days,Tuesday|Thursday
KA25,TKC01 Scotland O/N (B),Jigsaw Channel,Two-person,5 Days,Tuesday|Thursday
KA27,TKC01 Scotland O/N (B),Jigsaw Channel,Two-person,5 Days,Tuesday|Thursday
KA28,TKC01 Scotland O/N (B),Jigsaw Channel,Two-person,5 Days,Tuesday|Thursday
KA29,TKC01 Scotland O/N (B),Jigsaw Channel,Two-person,5 Days,Tuesday|Thursday
KA30,TKC01 Scotland O/N (B),Jigsaw Channel,Two-person,5 Days,Tuesday|Thursday
KA6,TKC01 Scotland O/N (A),Jigsaw Channel,Two-person,5 Days,Tuesday
KA18,TKC01 Scotland O/N (A),Jigsaw Channel,Two-person,5 Days,Tuesday
KA19,TKC01 Scotland O/N (A),Jigsaw Channel,Two-person,5 Days,Tuesday
KA26,TKC01 Scotland O/N (A),Jigsaw Channel,Two-person,5 Days,Tuesday
ML4,TKC01 Scotland O/N (B),Jigsaw Channel,Two-person,5 Days,Tuesday|Thursday
ML5,TKC01 Scotland O/N (B),Jigsaw Channel,Two-person,5 Days,Tuesday|Thursday
ML6,TKC01 Scotland O/N (B),Jigsaw Channel,Two-person,5 Days,Tuesday|Thursday
PA1,TKC01 Scotland O/N (B),Jigsaw Channel,Two-person,5 Days,Tuesday|Thursday
PA10,TKC01 Scotland O/N (B),Jigsaw Channel,Two-person,5 Days,Tuesday|Thursday
PA11,TKC01 Scotland O/N (B),Jigsaw Channel,Two-person,5 Days,Tuesday|Thursday
PA12,TKC01 Scotland O/N (B),Jigsaw Channel,Two-person,5 Days,Tuesday|Thursday
PA13,TKC01 Scotland O/N (B),Jigsaw Channel,Two-person,5 Days,Tuesday|Thursday
PA14,TKC01 Scotland O/N (B),Jigsaw Channel,Two-person,5 Days,Tuesday|Thursday
PA15,TKC01 Scotland O/N (B),Jigsaw Channel,Two-person,5 Days,Tuesday|Thursday
PA16,TKC01 Scotland O/N (B),Jigsaw Channel,Two-person,5 Days,Tuesday|Thursday
PA17,TKC01 Scotland O/N (B),Jigsaw Channel,Two-person,5 Days,Tuesday|Thursday
PA18,TKC01 Scotland O/N (B),Jigsaw Channel,Two-person,5 Days,Tuesday|Thursday
PA19,TKC01 Scotland O/N (B),Jigsaw Channel,Two-person,5 Days,Tuesday|Thursday
PA2,TKC01 Scotland O/N (B),Jigsaw Channel,Two-person,5 Days,Tuesday|Thursday
PA3,TKC01 Scotland O/N (B),Jigsaw Channel,Two-person,5 Days,Tuesday|Thursday
PA4,TKC01 Scotland O/N (B),Jigsaw Channel,Two-person,5 Days,Tuesday|Thursday
PA5,TKC01 Scotland O/N (B),Jigsaw Channel,Two-person,5 Days,Tuesday|Thursday
PA6,TKC01 Scotland O/N (B),Jigsaw Channel,Two-person,5 Days,Tuesday|Thursday
PA7,TKC01 Scotland O/N (B),Jigsaw Channel,Two-person,5 Days,Tuesday|Thursday
PA8,TKC01 Scotland O/N (B),Jigsaw Channel,Two-person,5 Days,Tuesday|Thursday
PA9,TKC01 Scotland O/N (B),Jigsaw Channel,Two-person,5 Days,Tuesday|Thursday
PH1,TKC01 Scotland O/N (B),Jigsaw Channel,Two-person,5 Days,Tuesday|Thursday
PH11,TKC01 Scotland O/N (B),Jigsaw Channel,Two-person,5 Days,Tuesday|Thursday
PH12,TKC01 Scotland O/N (B),Jigsaw Channel,Two-person,5 Days,Tuesday|Thursday
PH13,TKC01 Scotland O/N (B),Jigsaw Channel,Two-person,5 Days,Tuesday|Thursday
PH14,TKC01 Scotland O/N (B),Jigsaw Channel,Two-person,5 Days,Tuesday|Thursday
PH2,TKC01 Scotland O/N (B),Jigsaw Channel,Two-person,5 Days,Tuesday|Thursday
PH3,TKC01 Scotland O/N (B),Jigsaw Channel,Two-person,5 Days,Tuesday|Thursday
PH4,TKC01 Scotland O/N (B),Jigsaw Channel,Two-person,5 Days,Tuesday|Thursday
PH5,TKC01 Scotland O/N (B),Jigsaw Channel,Two-person,5 Days,Tuesday|Thursday
PH6,TKC01 Scotland O/N (B),Jigsaw Channel,Two-person,5 Days,Tuesday|Thursday
PH7,TKC01 Scotland O/N (B),Jigsaw Channel,Two-person,5 Days,Tuesday|Thursday
TD1,TKC01 Scotland O/N (A),Jigsaw Channel,Two-person,5 Days,Tuesday
TD2,TKC01 Scotland O/N (A),Jigsaw Channel,Two-person,5 Days,Tuesday
TD3,TKC01 Scotland O/N (A),Jigsaw Channel,Two-person,5 Days,Tuesday
TD4,TKC01 Scotland O/N (A),Jigsaw Channel,Two-person,5 Days,Tuesday
TD5,TKC01 Scotland O/N (A),Jigsaw Channel,Two-person,5 Days,Tuesday
TD6,TKC01 Scotland O/N (A),Jigsaw Channel,Two-person,5 Days,Tuesday
TD7,TKC01 Scotland O/N (A),Jigsaw Channel,Two-person,5 Days,Tuesday
TD8,TKC01 Scotland O/N (A),Jigsaw Channel,Two-person,5 Days,Tuesday
TD9,TKC01 Scotland O/N (A),Jigsaw Channel,Two-person,5 Days,Tuesday
TD10,TKC01 Scotland O/N (A),Jigsaw Channel,Two-person,5 Days,Tuesday
TD11,TKC01 Scotland O/N (A),Jigsaw Channel,Two-person,5 Days,Tuesday
TD12,TKC01 Scotland O/N (A),Jigsaw Channel,Two-person,5 Days,Tuesday
TD13,TKC01 Scotland O/N (A),Jigsaw Channel,Two-person,5 Days,Tuesday
TD14,TKC01 Scotland O/N (A),Jigsaw Channel,Two-person,5 Days,Tuesday
TD15,TKC01 Scotland O/N (A),Jigsaw Channel,Two-person,5 Days,Tuesday
CA4,TKC01 Scotland O/N (A),Merchant Channel,Two-person,5 Days,Tuesday
CA6,TKC01 Scotland O/N (A),Merchant Channel,Two-person,5 Days,Tuesday
CA8,TKC01 Scotland O/N (A),Merchant Channel,Two-person,5 Days,Tuesday
CA9,TKC01 Scotland O/N (A),Merchant Channel,Two-person,5 Days,Tuesday
CA12,TKC01 Scotland O/N (A),Merchant Channel,Two-person,5 Days,Tuesday
CA13,TKC01 Scotland O/N (A),Merchant Channel,Two-person,5 Days,Tuesday
CA14,TKC01 Scotland O/N (A),Merchant Channel,Two-person,5 Days,Tuesday
CA15,TKC01 Scotland O/N (A),Merchant Channel,Two-person,5 Days,Tuesday
CA16,TKC01 Scotland O/N (A),Merchant Channel,Two-person,5 Days,Tuesday
CA17,TKC01 Scotland O/N (A),Merchant Channel,Two-person,5 Days,Tuesday
CA18,TKC01 Scotland O/N (A),Merchant Channel,Two-person,5 Days,Tuesday
CA19,TKC01 Scotland O/N (A),Merchant Channel,Two-person,5 Days,Tuesday
CA20,TKC01 Scotland O/N (A),Merchant Channel,Two-person,5 Days,Tuesday
CA21,TKC01 Scotland O/N (A),Merchant Channel,Two-person,5 Days,Tuesday
CA22,TKC01 Scotland O/N (A),Merchant Channel,Two-person,5 Days,Tuesday
CA23,TKC01 Scotland O/N (A),Merchant Channel,Two-person,5 Days,Tuesday
CA24,TKC01 Scotland O/N (A),Merchant Channel,Two-person,5 Days,Tuesday
CA25,TKC01 Scotland O/N (A),Merchant Channel,Two-person,5 Days,Tuesday
CA26,TKC01 Scotland O/N (A),Merchant Channel,Two-person,5 Days,Tuesday
CA27,TKC01 Scotland O/N (A),Merchant Channel,Two-person,5 Days,Tuesday
CA28,TKC01 Scotland O/N (A),Merchant Channel,Two-person,5 Days,Tuesday
CA27,TKC01 Scotland O/N (A),Merchant Channel,Two-person,5 Days,Tuesday
CA28,TKC01 Scotland O/N (A),Merchant Channel,Two-person,5 Days,Tuesday
DD1,TKC01 Scotland O/N (B),Merchant Channel,Two-person,5 Days,Tuesday|Thursday
DD10,TKC01 Scotland O/N (B),Merchant Channel,Two-person,5 Days,Tuesday|Thursday
DD11,TKC01 Scotland O/N (B),Merchant Channel,Two-person,5 Days,Tuesday|Thursday
DD2,TKC01 Scotland O/N (B),Merchant Channel,Two-person,5 Days,Tuesday|Thursday
DD3,TKC01 Scotland O/N (B),Merchant Channel,Two-person,5 Days,Tuesday|Thursday
DD4,TKC01 Scotland O/N (B),Merchant Channel,Two-person,5 Days,Tuesday|Thursday
DD5,TKC01 Scotland O/N (B),Merchant Channel,Two-person,5 Days,Tuesday|Thursday
DD6,TKC01 Scotland O/N (B),Merchant Channel,Two-person,5 Days,Tuesday|Thursday
DD7,TKC01 Scotland O/N (B),Merchant Channel,Two-person,5 Days,Tuesday|Thursday
DD8,TKC01 Scotland O/N (B),Merchant Channel,Two-person,5 Days,Tuesday|Thursday
DD9,TKC01 Scotland O/N (B),Merchant Channel,Two-person,5 Days,Tuesday|Thursday
DG1,TKC01 Scotland O/N (A),Merchant Channel,Two-person,5 Days,Tuesday
DG2,TKC01 Scotland O/N (A),Merchant Channel,Two-person,5 Days,Tuesday
DG3,TKC01 Scotland O/N (A),Merchant Channel,Two-person,5 Days,Tuesday
DG4,TKC01 Scotland O/N (A),Merchant Channel,Two-person,5 Days,Tuesday
DG5,TKC01 Scotland O/N (A),Merchant Channel,Two-person,5 Days,Tuesday
DG6,TKC01 Scotland O/N (A),Merchant Channel,Two-person,5 Days,Tuesday
DG7,TKC01 Scotland O/N (A),Merchant Channel,Two-person,5 Days,Tuesday
DG8,TKC01 Scotland O/N (A),Merchant Channel,Two-person,5 Days,Tuesday
DG9,TKC01 Scotland O/N (A),Merchant Channel,Two-person,5 Days,Tuesday
DG10,TKC01 Scotland O/N (A),Merchant Channel,Two-person,5 Days,Tuesday
DG11,TKC01 Scotland O/N (A),Merchant Channel,Two-person,5 Days,Tuesday
DG12,TKC01 Scotland O/N (A),Merchant Channel,Two-person,5 Days,Tuesday
DG13,TKC01 Scotland O/N (A),Merchant Channel,Two-person,5 Days,Tuesday
DG14,TKC01 Scotland O/N (A),Merchant Channel,Two-person,5 Days,Tuesday
DG15,TKC01 Scotland O/N (A),Merchant Channel,Two-person,5 Days,Tuesday
DG16,TKC01 Scotland O/N (A),Merchant Channel,Two-person,5 Days,Tuesday
FK1,TKC01 Scotland O/N (B),Merchant Channel,Two-person,5 Days,Tuesday|Thursday
FK10,TKC01 Scotland O/N (B),Merchant Channel,Two-person,5 Days,Tuesday|Thursday
FK11,TKC01 Scotland O/N (B),Merchant Channel,Two-person,5 Days,Tuesday|Thursday
FK12,TKC01 Scotland O/N (B),Merchant Channel,Two-person,5 Days,Tuesday|Thursday
FK13,TKC01 Scotland O/N (B),Merchant Channel,Two-person,5 Days,Tuesday|Thursday
FK14,TKC01 Scotland O/N (B),Merchant Channel,Two-person,5 Days,Tuesday|Thursday
FK15,TKC01 Scotland O/N (B),Merchant Channel,Two-person,5 Days,Tuesday|Thursday
FK16,TKC01 Scotland O/N (B),Merchant Channel,Two-person,5 Days,Tuesday|Thursday
FK17,TKC01 Scotland O/N (B),Merchant Channel,Two-person,5 Days,Tuesday|Thursday
FK18,TKC01 Scotland O/N (B),Merchant Channel,Two-person,5 Days,Tuesday|Thursday
FK19,TKC01 Scotland O/N (B),Merchant Channel,Two-person,5 Days,Tuesday|Thursday
FK2,TKC01 Scotland O/N (B),Merchant Channel,Two-person,5 Days,Tuesday|Thursday
FK20,TKC01 Scotland O/N (B),Merchant Channel,Two-person,5 Days,Tuesday|Thursday
FK21,TKC01 Scotland O/N (B),Merchant Channel,Two-person,5 Days,Tuesday|Thursday
FK3,TKC01 Scotland O/N (B),Merchant Channel,Two-person,5 Days,Tuesday|Thursday
FK4,TKC01 Scotland O/N (B),Merchant Channel,Two-person,5 Days,Tuesday|Thursday
FK5,TKC01 Scotland O/N (B),Merchant Channel,Two-person,5 Days,Tuesday|Thursday
FK6,TKC01 Scotland O/N (B),Merchant Channel,Two-person,5 Days,Tuesday|Thursday
FK7,TKC01 Scotland O/N (B),Merchant Channel,Two-person,5 Days,Tuesday|Thursday
FK8,TKC01 Scotland O/N (B),Merchant Channel,Two-person,5 Days,Tuesday|Thursday
FK9,TKC01 Scotland O/N (B),Merchant Channel,Two-person,5 Days,Tuesday|Thursday
G1,TKC01 Scotland O/N (B),Merchant Channel,Two-person,5 Days,Tuesday|Thursday
G11,TKC01 Scotland O/N (B),Merchant Channel,Two-person,5 Days,Tuesday|Thursday
G12,TKC01 Scotland O/N (B),Merchant Channel,Two-person,5 Days,Tuesday|Thursday
G13,TKC01 Scotland O/N (B),Merchant Channel,Two-person,5 Days,Tuesday|Thursday
G14,TKC01 Scotland O/N (B),Merchant Channel,Two-person,5 Days,Tuesday|Thursday
G15,TKC01 Scotland O/N (B),Merchant Channel,Two-person,5 Days,Tuesday|Thursday
G2,TKC01 Scotland O/N (B),Merchant Channel,Two-person,5 Days,Tuesday|Thursday
G20,TKC01 Scotland O/N (B),Merchant Channel,Two-person,5 Days,Tuesday|Thursday
G21,TKC01 Scotland O/N (B),Merchant Channel,Two-person,5 Days,Tuesday|Thursday
G22,TKC01 Scotland O/N (B),Merchant Channel,Two-person,5 Days,Tuesday|Thursday
G23,TKC01 Scotland O/N (B),Merchant Channel,Two-person,5 Days,Tuesday|Thursday
G3,TKC01 Scotland O/N (B),Merchant Channel,Two-person,5 Days,Tuesday|Thursday
G31,TKC01 Scotland O/N (B),Merchant Channel,Two-person,5 Days,Tuesday|Thursday
G32,TKC01 Scotland O/N (B),Merchant Channel,Two-person,5 Days,Tuesday|Thursday
G33,TKC01 Scotland O/N (B),Merchant Channel,Two-person,5 Days,Tuesday|Thursday
G34,TKC01 Scotland O/N (B),Merchant Channel,Two-person,5 Days,Tuesday|Thursday
G4,TKC01 Scotland O/N (B),Merchant Channel,Two-person,5 Days,Tuesday|Thursday
G40,TKC01 Scotland O/N (B),Merchant Channel,Two-person,5 Days,Tuesday|Thursday
G41,TKC01 Scotland O/N (B),Merchant Channel,Two-person,5 Days,Tuesday|Thursday
G42,TKC01 Scotland O/N (B),Merchant Channel,Two-person,5 Days,Tuesday|Thursday
G43,TKC01 Scotland O/N (B),Merchant Channel,Two-person,5 Days,Tuesday|Thursday
G44,TKC01 Scotland O/N (B),Merchant Channel,Two-person,5 Days,Tuesday|Thursday
G45,TKC01 Scotland O/N (B),Merchant Channel,Two-person,5 Days,Tuesday|Thursday
G46,TKC01 Scotland O/N (B),Merchant Channel,Two-person,5 Days,Tuesday|Thursday
G5,TKC01 Scotland O/N (B),Merchant Channel,Two-person,5 Days,Tuesday|Thursday
G51,TKC01 Scotland O/N (B),Merchant Channel,Two-person,5 Days,Tuesday|Thursday
G52,TKC01 Scotland O/N (B),Merchant Channel,Two-person,5 Days,Tuesday|Thursday
G53,TKC01 Scotland O/N (B),Merchant Channel,Two-person,5 Days,Tuesday|Thursday
G58,TKC01 Scotland O/N (B),Merchant Channel,Two-person,5 Days,Tuesday|Thursday
G60,TKC01 Scotland O/N (B),Merchant Channel,Two-person,5 Days,Tuesday|Thursday
G61,TKC01 Scotland O/N (B),Merchant Channel,Two-person,5 Days,Tuesday|Thursday
G62,TKC01 Scotland O/N (B),Merchant Channel,Two-person,5 Days,Tuesday|Thursday
G63,TKC01 Scotland O/N (B),Merchant Channel,Two-person,5 Days,Tuesday|Thursday
G64,TKC01 Scotland O/N (B),Merchant Channel,Two-person,5 Days,Tuesday|Thursday
G65,TKC01 Scotland O/N (B),Merchant Channel,Two-person,5 Days,Tuesday|Thursday
G66,TKC01 Scotland O/N (B),Merchant Channel,Two-person,5 Days,Tuesday|Thursday
G67,TKC01 Scotland O/N (B),Merchant Channel,Two-person,5 Days,Tuesday|Thursday
G68,TKC01 Scotland O/N (B),Merchant Channel,Two-person,5 Days,Tuesday|Thursday
G69,TKC01 Scotland O/N (B),Merchant Channel,Two-person,5 Days,Tuesday|Thursday
G70,TKC01 Scotland O/N (B),Merchant Channel,Two-person,5 Days,Tuesday|Thursday
G71,TKC01 Scotland O/N (B),Merchant Channel,Two-person,5 Days,Tuesday|Thursday
G72,TKC01 Scotland O/N (B),Merchant Channel,Two-person,5 Days,Tuesday|Thursday
G73,TKC01 Scotland O/N (B),Merchant Channel,Two-person,5 Days,Tuesday|Thursday
G74,TKC01 Scotland O/N (B),Merchant Channel,Two-person,5 Days,Tuesday|Thursday
G75,TKC01 Scotland O/N (B),Merchant Channel,Two-person,5 Days,Tuesday|Thursday
G76,TKC01 Scotland O/N (B),Merchant Channel,Two-person,5 Days,Tuesday|Thursday
G77,TKC01 Scotland O/N (B),Merchant Channel,Two-person,5 Days,Tuesday|Thursday
G78,TKC01 Scotland O/N (B),Merchant Channel,Two-person,5 Days,Tuesday|Thursday
G79,TKC01 Scotland O/N (B),Merchant Channel,Two-person,5 Days,Tuesday|Thursday
G80,TKC01 Scotland O/N (B),Merchant Channel,Two-person,5 Days,Tuesday|Thursday
G81,TKC01 Scotland O/N (B),Merchant Channel,Two-person,5 Days,Tuesday|Thursday
G82,TKC01 Scotland O/N (B),Merchant Channel,Two-person,5 Days,Tuesday|Thursday
G83,TKC01 Scotland O/N (B),Merchant Channel,Two-person,5 Days,Tuesday|Thursday
G84,TKC01 Scotland O/N (B),Merchant Channel,Two-person,5 Days,Tuesday|Thursday
G9,TKC01 Scotland O/N (B),Merchant Channel,Two-person,5 Days,Tuesday|Thursday
G90,TKC01 Scotland O/N (B),Merchant Channel,Two-person,5 Days,Tuesday|Thursday
KA1,TKC01 Scotland O/N (B),Merchant Channel,Two-person,5 Days,Tuesday|Thursday
KA2,TKC01 Scotland O/N (B),Merchant Channel,Two-person,5 Days,Tuesday|Thursday
KA3,TKC01 Scotland O/N (B),Merchant Channel,Two-person,5 Days,Tuesday|Thursday
KA4,TKC01 Scotland O/N (B),Merchant Channel,Two-person,5 Days,Tuesday|Thursday
KA5,TKC01 Scotland O/N (B),Merchant Channel,Two-person,5 Days,Tuesday|Thursday
KA7,TKC01 Scotland O/N (B),Merchant Channel,Two-person,5 Days,Tuesday|Thursday
KA8,TKC01 Scotland O/N (B),Merchant Channel,Two-person,5 Days,Tuesday|Thursday
KA9,TKC01 Scotland O/N (B),Merchant Channel,Two-person,5 Days,Tuesday|Thursday
KA10,TKC01 Scotland O/N (B),Merchant Channel,Two-person,5 Days,Tuesday|Thursday
KA11,TKC01 Scotland O/N (B),Merchant Channel,Two-person,5 Days,Tuesday|Thursday
KA12,TKC01 Scotland O/N (B),Merchant Channel,Two-person,5 Days,Tuesday|Thursday
KA13,TKC01 Scotland O/N (B),Merchant Channel,Two-person,5 Days,Tuesday|Thursday
KA14,TKC01 Scotland O/N (B),Merchant Channel,Two-person,5 Days,Tuesday|Thursday
KA15,TKC01 Scotland O/N (B),Merchant Channel,Two-person,5 Days,Tuesday|Thursday
KA16,TKC01 Scotland O/N (B),Merchant Channel,Two-person,5 Days,Tuesday|Thursday
KA17,TKC01 Scotland O/N (B),Merchant Channel,Two-person,5 Days,Tuesday|Thursday
KA20,TKC01 Scotland O/N (B),Merchant Channel,Two-person,5 Days,Tuesday|Thursday
KA21,TKC01 Scotland O/N (B),Merchant Channel,Two-person,5 Days,Tuesday|Thursday
KA22,TKC01 Scotland O/N (B),Merchant Channel,Two-person,5 Days,Tuesday|Thursday
KA23,TKC01 Scotland O/N (B),Merchant Channel,Two-person,5 Days,Tuesday|Thursday
KA24,TKC01 Scotland O/N (B),Merchant Channel,Two-person,5 Days,Tuesday|Thursday
KA25,TKC01 Scotland O/N (B),Merchant Channel,Two-person,5 Days,Tuesday|Thursday
KA27,TKC01 Scotland O/N (B),Merchant Channel,Two-person,5 Days,Tuesday|Thursday
KA28,TKC01 Scotland O/N (B),Merchant Channel,Two-person,5 Days,Tuesday|Thursday
KA29,TKC01 Scotland O/N (B),Merchant Channel,Two-person,5 Days,Tuesday|Thursday
KA30,TKC01 Scotland O/N (B),Merchant Channel,Two-person,5 Days,Tuesday|Thursday
KA6,TKC01 Scotland O/N (A),Merchant Channel,Two-person,5 Days,Tuesday
KA18,TKC01 Scotland O/N (A),Merchant Channel,Two-person,5 Days,Tuesday
KA19,TKC01 Scotland O/N (A),Merchant Channel,Two-person,5 Days,Tuesday
KA26,TKC01 Scotland O/N (A),Merchant Channel,Two-person,5 Days,Tuesday
ML4,TKC01 Scotland O/N (B),Merchant Channel,Two-person,5 Days,Tuesday|Thursday
ML5,TKC01 Scotland O/N (B),Merchant Channel,Two-person,5 Days,Tuesday|Thursday
ML6,TKC01 Scotland O/N (B),Merchant Channel,Two-person,5 Days,Tuesday|Thursday
PA1,TKC01 Scotland O/N (B),Merchant Channel,Two-person,5 Days,Tuesday|Thursday
PA10,TKC01 Scotland O/N (B),Merchant Channel,Two-person,5 Days,Tuesday|Thursday
PA11,TKC01 Scotland O/N (B),Merchant Channel,Two-person,5 Days,Tuesday|Thursday
PA12,TKC01 Scotland O/N (B),Merchant Channel,Two-person,5 Days,Tuesday|Thursday
PA13,TKC01 Scotland O/N (B),Merchant Channel,Two-person,5 Days,Tuesday|Thursday
PA14,TKC01 Scotland O/N (B),Merchant Channel,Two-person,5 Days,Tuesday|Thursday
PA15,TKC01 Scotland O/N (B),Merchant Channel,Two-person,5 Days,Tuesday|Thursday
PA16,TKC01 Scotland O/N (B),Merchant Channel,Two-person,5 Days,Tuesday|Thursday
PA17,TKC01 Scotland O/N (B),Merchant Channel,Two-person,5 Days,Tuesday|Thursday
PA18,TKC01 Scotland O/N (B),Merchant Channel,Two-person,5 Days,Tuesday|Thursday
PA19,TKC01 Scotland O/N (B),Merchant Channel,Two-person,5 Days,Tuesday|Thursday
PA2,TKC01 Scotland O/N (B),Merchant Channel,Two-person,5 Days,Tuesday|Thursday
PA3,TKC01 Scotland O/N (B),Merchant Channel,Two-person,5 Days,Tuesday|Thursday
PA4,TKC01 Scotland O/N (B),Merchant Channel,Two-person,5 Days,Tuesday|Thursday
PA5,TKC01 Scotland O/N (B),Merchant Channel,Two-person,5 Days,Tuesday|Thursday
PA6,TKC01 Scotland O/N (B),Merchant Channel,Two-person,5 Days,Tuesday|Thursday
PA7,TKC01 Scotland O/N (B),Merchant Channel,Two-person,5 Days,Tuesday|Thursday
PA8,TKC01 Scotland O/N (B),Merchant Channel,Two-person,5 Days,Tuesday|Thursday
PA9,TKC01 Scotland O/N (B),Merchant Channel,Two-person,5 Days,Tuesday|Thursday
PH1,TKC01 Scotland O/N (B),Merchant Channel,Two-person,5 Days,Tuesday|Thursday
PH11,TKC01 Scotland O/N (B),Merchant Channel,Two-person,5 Days,Tuesday|Thursday
PH12,TKC01 Scotland O/N (B),Merchant Channel,Two-person,5 Days,Tuesday|Thursday
PH13,TKC01 Scotland O/N (B),Merchant Channel,Two-person,5 Days,Tuesday|Thursday
PH14,TKC01 Scotland O/N (B),Merchant Channel,Two-person,5 Days,Tuesday|Thursday
PH2,TKC01 Scotland O/N (B),Merchant Channel,Two-person,5 Days,Tuesday|Thursday
PH3,TKC01 Scotland O/N (B),Merchant Channel,Two-person,5 Days,Tuesday|Thursday
PH4,TKC01 Scotland O/N (B),Merchant Channel,Two-person,5 Days,Tuesday|Thursday
PH5,TKC01 Scotland O/N (B),Merchant Channel,Two-person,5 Days,Tuesday|Thursday
PH6,TKC01 Scotland O/N (B),Merchant Channel,Two-person,5 Days,Tuesday|Thursday
PH7,TKC01 Scotland O/N (B),Merchant Channel,Two-person,5 Days,Tuesday|Thursday
TD1,TKC01 Scotland O/N (A),Merchant Channel,Two-person,5 Days,Tuesday
TD2,TKC01 Scotland O/N (A),Merchant Channel,Two-person,5 Days,Tuesday
TD3,TKC01 Scotland O/N (A),Merchant Channel,Two-person,5 Days,Tuesday
TD4,TKC01 Scotland O/N (A),Merchant Channel,Two-person,5 Days,Tuesday
TD5,TKC01 Scotland O/N (A),Merchant Channel,Two-person,5 Days,Tuesday
TD6,TKC01 Scotland O/N (A),Merchant Channel,Two-person,5 Days,Tuesday
TD7,TKC01 Scotland O/N (A),Merchant Channel,Two-person,5 Days,Tuesday
TD8,TKC01 Scotland O/N (A),Merchant Channel,Two-person,5 Days,Tuesday
TD9,TKC01 Scotland O/N (A),Merchant Channel,Two-person,5 Days,Tuesday
TD10,TKC01 Scotland O/N (A),Merchant Channel,Two-person,5 Days,Tuesday
TD11,TKC01 Scotland O/N (A),Merchant Channel,Two-person,5 Days,Tuesday
TD12,TKC01 Scotland O/N (A),Merchant Channel,Two-person,5 Days,Tuesday
TD13,TKC01 Scotland O/N (A),Merchant Channel,Two-person,5 Days,Tuesday
TD14,TKC01 Scotland O/N (A),Merchant Channel,Two-person,5 Days,Tuesday
TD15,TKC01 Scotland O/N (A),Merchant Channel,Two-person,5 Days,Tuesday
CA4,TKC01 Scotland O/N (A),Retail Channel,Two-person,21 Days,Tuesday
CA6,TKC01 Scotland O/N (A),Retail Channel,Two-person,21 Days,Tuesday
CA8,TKC01 Scotland O/N (A),Retail Channel,Two-person,21 Days,Tuesday
CA9,TKC01 Scotland O/N (A),Retail Channel,Two-person,21 Days,Tuesday
CA12,TKC01 Scotland O/N (A),Retail Channel,Two-person,21 Days,Tuesday
CA13,TKC01 Scotland O/N (A),Retail Channel,Two-person,21 Days,Tuesday
CA14,TKC01 Scotland O/N (A),Retail Channel,Two-person,21 Days,Tuesday
CA15,TKC01 Scotland O/N (A),Retail Channel,Two-person,21 Days,Tuesday
CA16,TKC01 Scotland O/N (A),Retail Channel,Two-person,21 Days,Tuesday
CA17,TKC01 Scotland O/N (A),Retail Channel,Two-person,21 Days,Tuesday
CA18,TKC01 Scotland O/N (A),Retail Channel,Two-person,21 Days,Tuesday
CA19,TKC01 Scotland O/N (A),Retail Channel,Two-person,21 Days,Tuesday
CA20,TKC01 Scotland O/N (A),Retail Channel,Two-person,21 Days,Tuesday
CA21,TKC01 Scotland O/N (A),Retail Channel,Two-person,21 Days,Tuesday
CA22,TKC01 Scotland O/N (A),Retail Channel,Two-person,21 Days,Tuesday
CA23,TKC01 Scotland O/N (A),Retail Channel,Two-person,21 Days,Tuesday
CA24,TKC01 Scotland O/N (A),Retail Channel,Two-person,21 Days,Tuesday
CA25,TKC01 Scotland O/N (A),Retail Channel,Two-person,21 Days,Tuesday
CA26,TKC01 Scotland O/N (A),Retail Channel,Two-person,21 Days,Tuesday
CA27,TKC01 Scotland O/N (A),Retail Channel,Two-person,21 Days,Tuesday
CA28,TKC01 Scotland O/N (A),Retail Channel,Two-person,21 Days,Tuesday
CA27,TKC01 Scotland O/N (A),Retail Channel,Two-person,21 Days,Tuesday
CA28,TKC01 Scotland O/N (A),Retail Channel,Two-person,21 Days,Tuesday
DD1,TKC01 Scotland O/N (B),Retail Channel,Two-person,21 Days,Tuesday|Thursday
DD10,TKC01 Scotland O/N (B),Retail Channel,Two-person,21 Days,Tuesday|Thursday
DD11,TKC01 Scotland O/N (B),Retail Channel,Two-person,21 Days,Tuesday|Thursday
DD2,TKC01 Scotland O/N (B),Retail Channel,Two-person,21 Days,Tuesday|Thursday
DD3,TKC01 Scotland O/N (B),Retail Channel,Two-person,21 Days,Tuesday|Thursday
DD4,TKC01 Scotland O/N (B),Retail Channel,Two-person,21 Days,Tuesday|Thursday
DD5,TKC01 Scotland O/N (B),Retail Channel,Two-person,21 Days,Tuesday|Thursday
DD6,TKC01 Scotland O/N (B),Retail Channel,Two-person,21 Days,Tuesday|Thursday
DD7,TKC01 Scotland O/N (B),Retail Channel,Two-person,21 Days,Tuesday|Thursday
DD8,TKC01 Scotland O/N (B),Retail Channel,Two-person,21 Days,Tuesday|Thursday
DD9,TKC01 Scotland O/N (B),Retail Channel,Two-person,21 Days,Tuesday|Thursday
DG1,TKC01 Scotland O/N (A),Retail Channel,Two-person,21 Days,Tuesday
DG2,TKC01 Scotland O/N (A),Retail Channel,Two-person,21 Days,Tuesday
DG3,TKC01 Scotland O/N (A),Retail Channel,Two-person,21 Days,Tuesday
DG4,TKC01 Scotland O/N (A),Retail Channel,Two-person,21 Days,Tuesday
DG5,TKC01 Scotland O/N (A),Retail Channel,Two-person,21 Days,Tuesday
DG6,TKC01 Scotland O/N (A),Retail Channel,Two-person,21 Days,Tuesday
DG7,TKC01 Scotland O/N (A),Retail Channel,Two-person,21 Days,Tuesday
DG8,TKC01 Scotland O/N (A),Retail Channel,Two-person,21 Days,Tuesday
DG9,TKC01 Scotland O/N (A),Retail Channel,Two-person,21 Days,Tuesday
DG10,TKC01 Scotland O/N (A),Retail Channel,Two-person,21 Days,Tuesday
DG11,TKC01 Scotland O/N (A),Retail Channel,Two-person,21 Days,Tuesday
DG12,TKC01 Scotland O/N (A),Retail Channel,Two-person,21 Days,Tuesday
DG13,TKC01 Scotland O/N (A),Retail Channel,Two-person,21 Days,Tuesday
DG14,TKC01 Scotland O/N (A),Retail Channel,Two-person,21 Days,Tuesday
DG15,TKC01 Scotland O/N (A),Retail Channel,Two-person,21 Days,Tuesday
DG16,TKC01 Scotland O/N (A),Retail Channel,Two-person,21 Days,Tuesday
FK1,TKC01 Scotland O/N (B),Retail Channel,Two-person,21 Days,Tuesday|Thursday
FK10,TKC01 Scotland O/N (B),Retail Channel,Two-person,21 Days,Tuesday|Thursday
FK11,TKC01 Scotland O/N (B),Retail Channel,Two-person,21 Days,Tuesday|Thursday
FK12,TKC01 Scotland O/N (B),Retail Channel,Two-person,21 Days,Tuesday|Thursday
FK13,TKC01 Scotland O/N (B),Retail Channel,Two-person,21 Days,Tuesday|Thursday
FK14,TKC01 Scotland O/N (B),Retail Channel,Two-person,21 Days,Tuesday|Thursday
FK15,TKC01 Scotland O/N (B),Retail Channel,Two-person,21 Days,Tuesday|Thursday
FK16,TKC01 Scotland O/N (B),Retail Channel,Two-person,21 Days,Tuesday|Thursday
FK17,TKC01 Scotland O/N (B),Retail Channel,Two-person,21 Days,Tuesday|Thursday
FK18,TKC01 Scotland O/N (B),Retail Channel,Two-person,21 Days,Tuesday|Thursday
FK19,TKC01 Scotland O/N (B),Retail Channel,Two-person,21 Days,Tuesday|Thursday
FK2,TKC01 Scotland O/N (B),Retail Channel,Two-person,21 Days,Tuesday|Thursday
FK20,TKC01 Scotland O/N (B),Retail Channel,Two-person,21 Days,Tuesday|Thursday
FK21,TKC01 Scotland O/N (B),Retail Channel,Two-person,21 Days,Tuesday|Thursday
FK3,TKC01 Scotland O/N (B),Retail Channel,Two-person,21 Days,Tuesday|Thursday
FK4,TKC01 Scotland O/N (B),Retail Channel,Two-person,21 Days,Tuesday|Thursday
FK5,TKC01 Scotland O/N (B),Retail Channel,Two-person,21 Days,Tuesday|Thursday
FK6,TKC01 Scotland O/N (B),Retail Channel,Two-person,21 Days,Tuesday|Thursday
FK7,TKC01 Scotland O/N (B),Retail Channel,Two-person,21 Days,Tuesday|Thursday
FK8,TKC01 Scotland O/N (B),Retail Channel,Two-person,21 Days,Tuesday|Thursday
FK9,TKC01 Scotland O/N (B),Retail Channel,Two-person,21 Days,Tuesday|Thursday
G1,TKC01 Scotland O/N (B),Retail Channel,Two-person,21 Days,Tuesday|Thursday
G11,TKC01 Scotland O/N (B),Retail Channel,Two-person,21 Days,Tuesday|Thursday
G12,TKC01 Scotland O/N (B),Retail Channel,Two-person,21 Days,Tuesday|Thursday
G13,TKC01 Scotland O/N (B),Retail Channel,Two-person,21 Days,Tuesday|Thursday
G14,TKC01 Scotland O/N (B),Retail Channel,Two-person,21 Days,Tuesday|Thursday
G15,TKC01 Scotland O/N (B),Retail Channel,Two-person,21 Days,Tuesday|Thursday
G2,TKC01 Scotland O/N (B),Retail Channel,Two-person,21 Days,Tuesday|Thursday
G20,TKC01 Scotland O/N (B),Retail Channel,Two-person,21 Days,Tuesday|Thursday
G21,TKC01 Scotland O/N (B),Retail Channel,Two-person,21 Days,Tuesday|Thursday
G22,TKC01 Scotland O/N (B),Retail Channel,Two-person,21 Days,Tuesday|Thursday
G23,TKC01 Scotland O/N (B),Retail Channel,Two-person,21 Days,Tuesday|Thursday
G3,TKC01 Scotland O/N (B),Retail Channel,Two-person,21 Days,Tuesday|Thursday
G31,TKC01 Scotland O/N (B),Retail Channel,Two-person,21 Days,Tuesday|Thursday
G32,TKC01 Scotland O/N (B),Retail Channel,Two-person,21 Days,Tuesday|Thursday
G33,TKC01 Scotland O/N (B),Retail Channel,Two-person,21 Days,Tuesday|Thursday
G34,TKC01 Scotland O/N (B),Retail Channel,Two-person,21 Days,Tuesday|Thursday
G4,TKC01 Scotland O/N (B),Retail Channel,Two-person,21 Days,Tuesday|Thursday
G40,TKC01 Scotland O/N (B),Retail Channel,Two-person,21 Days,Tuesday|Thursday
G41,TKC01 Scotland O/N (B),Retail Channel,Two-person,21 Days,Tuesday|Thursday
G42,TKC01 Scotland O/N (B),Retail Channel,Two-person,21 Days,Tuesday|Thursday
G43,TKC01 Scotland O/N (B),Retail Channel,Two-person,21 Days,Tuesday|Thursday
G44,TKC01 Scotland O/N (B),Retail Channel,Two-person,21 Days,Tuesday|Thursday
G45,TKC01 Scotland O/N (B),Retail Channel,Two-person,21 Days,Tuesday|Thursday
G46,TKC01 Scotland O/N (B),Retail Channel,Two-person,21 Days,Tuesday|Thursday
G5,TKC01 Scotland O/N (B),Retail Channel,Two-person,21 Days,Tuesday|Thursday
G51,TKC01 Scotland O/N (B),Retail Channel,Two-person,21 Days,Tuesday|Thursday
G52,TKC01 Scotland O/N (B),Retail Channel,Two-person,21 Days,Tuesday|Thursday
G53,TKC01 Scotland O/N (B),Retail Channel,Two-person,21 Days,Tuesday|Thursday
G58,TKC01 Scotland O/N (B),Retail Channel,Two-person,21 Days,Tuesday|Thursday
G60,TKC01 Scotland O/N (B),Retail Channel,Two-person,21 Days,Tuesday|Thursday
G61,TKC01 Scotland O/N (B),Retail Channel,Two-person,21 Days,Tuesday|Thursday
G62,TKC01 Scotland O/N (B),Retail Channel,Two-person,21 Days,Tuesday|Thursday
G63,TKC01 Scotland O/N (B),Retail Channel,Two-person,21 Days,Tuesday|Thursday
G64,TKC01 Scotland O/N (B),Retail Channel,Two-person,21 Days,Tuesday|Thursday
G65,TKC01 Scotland O/N (B),Retail Channel,Two-person,21 Days,Tuesday|Thursday
G66,TKC01 Scotland O/N (B),Retail Channel,Two-person,21 Days,Tuesday|Thursday
G67,TKC01 Scotland O/N (B),Retail Channel,Two-person,21 Days,Tuesday|Thursday
G68,TKC01 Scotland O/N (B),Retail Channel,Two-person,21 Days,Tuesday|Thursday
G69,TKC01 Scotland O/N (B),Retail Channel,Two-person,21 Days,Tuesday|Thursday
G70,TKC01 Scotland O/N (B),Retail Channel,Two-person,21 Days,Tuesday|Thursday
G71,TKC01 Scotland O/N (B),Retail Channel,Two-person,21 Days,Tuesday|Thursday
G72,TKC01 Scotland O/N (B),Retail Channel,Two-person,21 Days,Tuesday|Thursday
G73,TKC01 Scotland O/N (B),Retail Channel,Two-person,21 Days,Tuesday|Thursday
G74,TKC01 Scotland O/N (B),Retail Channel,Two-person,21 Days,Tuesday|Thursday
G75,TKC01 Scotland O/N (B),Retail Channel,Two-person,21 Days,Tuesday|Thursday
G76,TKC01 Scotland O/N (B),Retail Channel,Two-person,21 Days,Tuesday|Thursday
G77,TKC01 Scotland O/N (B),Retail Channel,Two-person,21 Days,Tuesday|Thursday
G78,TKC01 Scotland O/N (B),Retail Channel,Two-person,21 Days,Tuesday|Thursday
G79,TKC01 Scotland O/N (B),Retail Channel,Two-person,21 Days,Tuesday|Thursday
G80,TKC01 Scotland O/N (B),Retail Channel,Two-person,21 Days,Tuesday|Thursday
G81,TKC01 Scotland O/N (B),Retail Channel,Two-person,21 Days,Tuesday|Thursday
G82,TKC01 Scotland O/N (B),Retail Channel,Two-person,21 Days,Tuesday|Thursday
G83,TKC01 Scotland O/N (B),Retail Channel,Two-person,21 Days,Tuesday|Thursday
G84,TKC01 Scotland O/N (B),Retail Channel,Two-person,21 Days,Tuesday|Thursday
G9,TKC01 Scotland O/N (B),Retail Channel,Two-person,21 Days,Tuesday|Thursday
G90,TKC01 Scotland O/N (B),Retail Channel,Two-person,21 Days,Tuesday|Thursday
KA1,TKC01 Scotland O/N (B),Retail Channel,Two-person,21 Days,Tuesday|Thursday
KA2,TKC01 Scotland O/N (B),Retail Channel,Two-person,21 Days,Tuesday|Thursday
KA3,TKC01 Scotland O/N (B),Retail Channel,Two-person,21 Days,Tuesday|Thursday
KA4,TKC01 Scotland O/N (B),Retail Channel,Two-person,21 Days,Tuesday|Thursday
KA5,TKC01 Scotland O/N (B),Retail Channel,Two-person,21 Days,Tuesday|Thursday
KA7,TKC01 Scotland O/N (B),Retail Channel,Two-person,21 Days,Tuesday|Thursday
KA8,TKC01 Scotland O/N (B),Retail Channel,Two-person,21 Days,Tuesday|Thursday
KA9,TKC01 Scotland O/N (B),Retail Channel,Two-person,21 Days,Tuesday|Thursday
KA10,TKC01 Scotland O/N (B),Retail Channel,Two-person,21 Days,Tuesday|Thursday
KA11,TKC01 Scotland O/N (B),Retail Channel,Two-person,21 Days,Tuesday|Thursday
KA12,TKC01 Scotland O/N (B),Retail Channel,Two-person,21 Days,Tuesday|Thursday
KA13,TKC01 Scotland O/N (B),Retail Channel,Two-person,21 Days,Tuesday|Thursday
KA14,TKC01 Scotland O/N (B),Retail Channel,Two-person,21 Days,Tuesday|Thursday
KA15,TKC01 Scotland O/N (B),Retail Channel,Two-person,21 Days,Tuesday|Thursday
KA16,TKC01 Scotland O/N (B),Retail Channel,Two-person,21 Days,Tuesday|Thursday
KA17,TKC01 Scotland O/N (B),Retail Channel,Two-person,21 Days,Tuesday|Thursday
KA20,TKC01 Scotland O/N (B),Retail Channel,Two-person,21 Days,Tuesday|Thursday
KA21,TKC01 Scotland O/N (B),Retail Channel,Two-person,21 Days,Tuesday|Thursday
KA22,TKC01 Scotland O/N (B),Retail Channel,Two-person,21 Days,Tuesday|Thursday
KA23,TKC01 Scotland O/N (B),Retail Channel,Two-person,21 Days,Tuesday|Thursday
KA24,TKC01 Scotland O/N (B),Retail Channel,Two-person,21 Days,Tuesday|Thursday
KA25,TKC01 Scotland O/N (B),Retail Channel,Two-person,21 Days,Tuesday|Thursday
KA27,TKC01 Scotland O/N (B),Retail Channel,Two-person,21 Days,Tuesday|Thursday
KA28,TKC01 Scotland O/N (B),Retail Channel,Two-person,21 Days,Tuesday|Thursday
KA29,TKC01 Scotland O/N (B),Retail Channel,Two-person,21 Days,Tuesday|Thursday
KA30,TKC01 Scotland O/N (B),Retail Channel,Two-person,21 Days,Tuesday|Thursday
KA6,TKC01 Scotland O/N (A),Retail Channel,Two-person,21 Days,Tuesday
KA18,TKC01 Scotland O/N (A),Retail Channel,Two-person,21 Days,Tuesday
KA19,TKC01 Scotland O/N (A),Retail Channel,Two-person,21 Days,Tuesday
KA26,TKC01 Scotland O/N (A),Retail Channel,Two-person,21 Days,Tuesday
ML4,TKC01 Scotland O/N (B),Retail Channel,Two-person,21 Days,Tuesday|Thursday
ML5,TKC01 Scotland O/N (B),Retail Channel,Two-person,21 Days,Tuesday|Thursday
ML6,TKC01 Scotland O/N (B),Retail Channel,Two-person,21 Days,Tuesday|Thursday
PA1,TKC01 Scotland O/N (B),Retail Channel,Two-person,21 Days,Tuesday|Thursday
PA10,TKC01 Scotland O/N (B),Retail Channel,Two-person,21 Days,Tuesday|Thursday
PA11,TKC01 Scotland O/N (B),Retail Channel,Two-person,21 Days,Tuesday|Thursday
PA12,TKC01 Scotland O/N (B),Retail Channel,Two-person,21 Days,Tuesday|Thursday
PA13,TKC01 Scotland O/N (B),Retail Channel,Two-person,21 Days,Tuesday|Thursday
PA14,TKC01 Scotland O/N (B),Retail Channel,Two-person,21 Days,Tuesday|Thursday
PA15,TKC01 Scotland O/N (B),Retail Channel,Two-person,21 Days,Tuesday|Thursday
PA16,TKC01 Scotland O/N (B),Retail Channel,Two-person,21 Days,Tuesday|Thursday
PA17,TKC01 Scotland O/N (B),Retail Channel,Two-person,21 Days,Tuesday|Thursday
PA18,TKC01 Scotland O/N (B),Retail Channel,Two-person,21 Days,Tuesday|Thursday
PA19,TKC01 Scotland O/N (B),Retail Channel,Two-person,21 Days,Tuesday|Thursday
PA2,TKC01 Scotland O/N (B),Retail Channel,Two-person,21 Days,Tuesday|Thursday
PA3,TKC01 Scotland O/N (B),Retail Channel,Two-person,21 Days,Tuesday|Thursday
PA4,TKC01 Scotland O/N (B),Retail Channel,Two-person,21 Days,Tuesday|Thursday
PA5,TKC01 Scotland O/N (B),Retail Channel,Two-person,21 Days,Tuesday|Thursday
PA6,TKC01 Scotland O/N (B),Retail Channel,Two-person,21 Days,Tuesday|Thursday
PA7,TKC01 Scotland O/N (B),Retail Channel,Two-person,21 Days,Tuesday|Thursday
PA8,TKC01 Scotland O/N (B),Retail Channel,Two-person,21 Days,Tuesday|Thursday
PA9,TKC01 Scotland O/N (B),Retail Channel,Two-person,21 Days,Tuesday|Thursday
PH1,TKC01 Scotland O/N (B),Retail Channel,Two-person,21 Days,Tuesday|Thursday
PH11,TKC01 Scotland O/N (B),Retail Channel,Two-person,21 Days,Tuesday|Thursday
PH12,TKC01 Scotland O/N (B),Retail Channel,Two-person,21 Days,Tuesday|Thursday
PH13,TKC01 Scotland O/N (B),Retail Channel,Two-person,21 Days,Tuesday|Thursday
PH14,TKC01 Scotland O/N (B),Retail Channel,Two-person,21 Days,Tuesday|Thursday
PH2,TKC01 Scotland O/N (B),Retail Channel,Two-person,21 Days,Tuesday|Thursday
PH3,TKC01 Scotland O/N (B),Retail Channel,Two-person,21 Days,Tuesday|Thursday
PH4,TKC01 Scotland O/N (B),Retail Channel,Two-person,21 Days,Tuesday|Thursday
PH5,TKC01 Scotland O/N (B),Retail Channel,Two-person,21 Days,Tuesday|Thursday
PH6,TKC01 Scotland O/N (B),Retail Channel,Two-person,21 Days,Tuesday|Thursday
PH7,TKC01 Scotland O/N (B),Retail Channel,Two-person,21 Days,Tuesday|Thursday
PH8,TKC01 Scotland O/N (C),Retail Channel,Two-person,21 Days,Tuesday|Thursday
PH9,TKC01 Scotland O/N (C),Retail Channel,Two-person,21 Days,Tuesday|Thursday
PH10,TKC01 Scotland O/N (C),Retail Channel,Two-person,21 Days,Tuesday|Thursday
TD1,TKC01 Scotland O/N (A),Retail Channel,Two-person,21 Days,Tuesday|Thursday
TD2,TKC01 Scotland O/N (A),Retail Channel,Two-person,21 Days,Tuesday|Thursday
TD3,TKC01 Scotland O/N (A),Retail Channel,Two-person,21 Days,Tuesday|Thursday
TD4,TKC01 Scotland O/N (A),Retail Channel,Two-person,21 Days,Tuesday|Thursday
TD5,TKC01 Scotland O/N (A),Retail Channel,Two-person,21 Days,Tuesday|Thursday
TD6,TKC01 Scotland O/N (A),Retail Channel,Two-person,21 Days,Tuesday|Thursday
TD7,TKC01 Scotland O/N (A),Retail Channel,Two-person,21 Days,Tuesday|Thursday
TD8,TKC01 Scotland O/N (A),Retail Channel,Two-person,21 Days,Tuesday|Thursday
TD9,TKC01 Scotland O/N (A),Retail Channel,Two-person,21 Days,Tuesday|Thursday
TD10,TKC01 Scotland O/N (A),Retail Channel,Two-person,21 Days,Tuesday|Thursday
TD11,TKC01 Scotland O/N (A),Retail Channel,Two-person,21 Days,Tuesday|Thursday
TD12,TKC01 Scotland O/N (A),Retail Channel,Two-person,21 Days,Tuesday|Thursday
TD13,TKC01 Scotland O/N (A),Retail Channel,Two-person,21 Days,Tuesday|Thursday
TD14,TKC01 Scotland O/N (A),Retail Channel,Two-person,21 Days,Tuesday|Thursday
TD15,TKC01 Scotland O/N (A),Retail Channel,Two-person,21 Days,Tuesday|Thursday
DN1,TKC01 Sheffield,Component Channel,One-person,1 Day,Tuesday|Thursday
DN10,TKC01 Sheffield,Component Channel,One-person,1 Day,Tuesday|Thursday
DN11,TKC01 Sheffield,Component Channel,One-person,1 Day,Tuesday|Thursday
DN12,TKC01 Sheffield,Component Channel,One-person,1 Day,Tuesday|Thursday
DN2,TKC01 Sheffield,Component Channel,One-person,1 Day,Tuesday|Thursday
DN22,TKC01 Sheffield,Component Channel,One-person,1 Day,Tuesday|Thursday
DN3,TKC01 Sheffield,Component Channel,One-person,1 Day,Tuesday|Thursday
DN4,TKC01 Sheffield,Component Channel,One-person,1 Day,Tuesday|Thursday
DN5,TKC01 Sheffield,Component Channel,One-person,1 Day,Tuesday|Thursday
DN6,TKC01 Sheffield,Component Channel,One-person,1 Day,Tuesday|Thursday
DN7,TKC01 Sheffield,Component Channel,One-person,1 Day,Tuesday|Thursday
DN8,TKC01 Sheffield,Component Channel,One-person,1 Day,Tuesday|Thursday
DN9,TKC01 Sheffield,Component Channel,One-person,1 Day,Tuesday|Thursday
S1,TKC01 Sheffield,Component Channel,One-person,1 Day,Tuesday|Thursday
S10,TKC01 Sheffield,Component Channel,One-person,1 Day,Tuesday|Thursday
S11,TKC01 Sheffield,Component Channel,One-person,1 Day,Tuesday|Thursday
S12,TKC01 Sheffield,Component Channel,One-person,1 Day,Tuesday|Thursday
S13,TKC01 Sheffield,Component Channel,One-person,1 Day,Tuesday|Thursday
S14,TKC01 Sheffield,Component Channel,One-person,1 Day,Tuesday|Thursday
S17,TKC01 Sheffield,Component Channel,One-person,1 Day,Tuesday|Thursday
S18,TKC01 Sheffield,Component Channel,One-person,1 Day,Tuesday|Thursday
S19,TKC01 Sheffield,Component Channel,One-person,1 Day,Tuesday|Thursday
S2,TKC01 Sheffield,Component Channel,One-person,1 Day,Tuesday|Thursday
S20,TKC01 Sheffield,Component Channel,One-person,1 Day,Tuesday|Thursday
S21,TKC01 Sheffield,Component Channel,One-person,1 Day,Tuesday|Thursday
S25,TKC01 Sheffield,Component Channel,One-person,1 Day,Tuesday|Thursday
S26,TKC01 Sheffield,Component Channel,One-person,1 Day,Tuesday|Thursday
S3,TKC01 Sheffield,Component Channel,One-person,1 Day,Tuesday|Thursday
S30,TKC01 Sheffield,Component Channel,One-person,1 Day,Tuesday|Thursday
S31,TKC01 Sheffield,Component Channel,One-person,1 Day,Tuesday|Thursday
S32,TKC01 Sheffield,Component Channel,One-person,1 Day,Tuesday|Thursday
S33,TKC01 Sheffield,Component Channel,One-person,1 Day,Tuesday|Thursday
S35,TKC01 Sheffield,Component Channel,One-person,1 Day,Tuesday|Thursday
S36,TKC01 Sheffield,Component Channel,One-person,1 Day,Tuesday|Thursday
S4,TKC01 Sheffield,Component Channel,One-person,1 Day,Tuesday|Thursday
S40,TKC01 Sheffield,Component Channel,One-person,1 Day,Tuesday|Thursday
S41,TKC01 Sheffield,Component Channel,One-person,1 Day,Tuesday|Thursday
S42,TKC01 Sheffield,Component Channel,One-person,1 Day,Tuesday|Thursday
S43,TKC01 Sheffield,Component Channel,One-person,1 Day,Tuesday|Thursday
S44,TKC01 Sheffield,Component Channel,One-person,1 Day,Tuesday|Thursday
S45,TKC01 Sheffield,Component Channel,One-person,1 Day,Tuesday|Thursday
S49,TKC01 Sheffield,Component Channel,One-person,1 Day,Tuesday|Thursday
S5,TKC01 Sheffield,Component Channel,One-person,1 Day,Tuesday|Thursday
S6,TKC01 Sheffield,Component Channel,One-person,1 Day,Tuesday|Thursday
S60,TKC01 Sheffield,Component Channel,One-person,1 Day,Tuesday|Thursday
S61,TKC01 Sheffield,Component Channel,One-person,1 Day,Tuesday|Thursday
S62,TKC01 Sheffield,Component Channel,One-person,1 Day,Tuesday|Thursday
S63,TKC01 Sheffield,Component Channel,One-person,1 Day,Tuesday|Thursday
S64,TKC01 Sheffield,Component Channel,One-person,1 Day,Tuesday|Thursday
S65,TKC01 Sheffield,Component Channel,One-person,1 Day,Tuesday|Thursday
S66,TKC01 Sheffield,Component Channel,One-person,1 Day,Tuesday|Thursday
S7,TKC01 Sheffield,Component Channel,One-person,1 Day,Tuesday|Thursday
S70,TKC01 Sheffield,Component Channel,One-person,1 Day,Tuesday|Thursday
S71,TKC01 Sheffield,Component Channel,One-person,1 Day,Tuesday|Thursday
S72,TKC01 Sheffield,Component Channel,One-person,1 Day,Tuesday|Thursday
S73,TKC01 Sheffield,Component Channel,One-person,1 Day,Tuesday|Thursday
S74,TKC01 Sheffield,Component Channel,One-person,1 Day,Tuesday|Thursday
S75,TKC01 Sheffield,Component Channel,One-person,1 Day,Tuesday|Thursday
S8,TKC01 Sheffield,Component Channel,One-person,1 Day,Tuesday|Thursday
S80,TKC01 Sheffield,Component Channel,One-person,1 Day,Tuesday|Thursday
S81,TKC01 Sheffield,Component Channel,One-person,1 Day,Tuesday|Thursday
S9,TKC01 Sheffield,Component Channel,One-person,1 Day,Tuesday|Thursday
S95,TKC01 Sheffield,Component Channel,One-person,1 Day,Tuesday|Thursday
S96,TKC01 Sheffield,Component Channel,One-person,1 Day,Tuesday|Thursday
S97,TKC01 Sheffield,Component Channel,One-person,1 Day,Tuesday|Thursday
S98,TKC01 Sheffield,Component Channel,One-person,1 Day,Tuesday|Thursday
S99,TKC01 Sheffield,Component Channel,One-person,1 Day,Tuesday|Thursday
WF9,TKC01 Sheffield,Component Channel,One-person,1 Day,Tuesday|Thursday
DN1,TKC01 Sheffield,Jigsaw Channel,Two-person,5 Days,Tuesday|Thursday
DN10,TKC01 Sheffield,Jigsaw Channel,Two-person,5 Days,Tuesday|Thursday
DN11,TKC01 Sheffield,Jigsaw Channel,Two-person,5 Days,Tuesday|Thursday
DN12,TKC01 Sheffield,Jigsaw Channel,Two-person,5 Days,Tuesday|Thursday
DN2,TKC01 Sheffield,Jigsaw Channel,Two-person,5 Days,Tuesday|Thursday
DN22,TKC01 Sheffield,Jigsaw Channel,Two-person,5 Days,Tuesday|Thursday
DN3,TKC01 Sheffield,Jigsaw Channel,Two-person,5 Days,Tuesday|Thursday
DN4,TKC01 Sheffield,Jigsaw Channel,Two-person,5 Days,Tuesday|Thursday
DN5,TKC01 Sheffield,Jigsaw Channel,Two-person,5 Days,Tuesday|Thursday
DN6,TKC01 Sheffield,Jigsaw Channel,Two-person,5 Days,Tuesday|Thursday
DN7,TKC01 Sheffield,Jigsaw Channel,Two-person,5 Days,Tuesday|Thursday
DN8,TKC01 Sheffield,Jigsaw Channel,Two-person,5 Days,Tuesday|Thursday
DN9,TKC01 Sheffield,Jigsaw Channel,Two-person,5 Days,Tuesday|Thursday
S1,TKC01 Sheffield,Jigsaw Channel,Two-person,5 Days,Tuesday|Thursday
S10,TKC01 Sheffield,Jigsaw Channel,Two-person,5 Days,Tuesday|Thursday
S11,TKC01 Sheffield,Jigsaw Channel,Two-person,5 Days,Tuesday|Thursday
S12,TKC01 Sheffield,Jigsaw Channel,Two-person,5 Days,Tuesday|Thursday
S13,TKC01 Sheffield,Jigsaw Channel,Two-person,5 Days,Tuesday|Thursday
S14,TKC01 Sheffield,Jigsaw Channel,Two-person,5 Days,Tuesday|Thursday
S17,TKC01 Sheffield,Jigsaw Channel,Two-person,5 Days,Tuesday|Thursday
S18,TKC01 Sheffield,Jigsaw Channel,Two-person,5 Days,Tuesday|Thursday
S19,TKC01 Sheffield,Jigsaw Channel,Two-person,5 Days,Tuesday|Thursday
S2,TKC01 Sheffield,Jigsaw Channel,Two-person,5 Days,Tuesday|Thursday
S20,TKC01 Sheffield,Jigsaw Channel,Two-person,5 Days,Tuesday|Thursday
S21,TKC01 Sheffield,Jigsaw Channel,Two-person,5 Days,Tuesday|Thursday
S25,TKC01 Sheffield,Jigsaw Channel,Two-person,5 Days,Tuesday|Thursday
S26,TKC01 Sheffield,Jigsaw Channel,Two-person,5 Days,Tuesday|Thursday
S3,TKC01 Sheffield,Jigsaw Channel,Two-person,5 Days,Tuesday|Thursday
S30,TKC01 Sheffield,Jigsaw Channel,Two-person,5 Days,Tuesday|Thursday
S31,TKC01 Sheffield,Jigsaw Channel,Two-person,5 Days,Tuesday|Thursday
S32,TKC01 Sheffield,Jigsaw Channel,Two-person,5 Days,Tuesday|Thursday
S33,TKC01 Sheffield,Jigsaw Channel,Two-person,5 Days,Tuesday|Thursday
S35,TKC01 Sheffield,Jigsaw Channel,Two-person,5 Days,Tuesday|Thursday
S36,TKC01 Sheffield,Jigsaw Channel,Two-person,5 Days,Tuesday|Thursday
S4,TKC01 Sheffield,Jigsaw Channel,Two-person,5 Days,Tuesday|Thursday
S40,TKC01 Sheffield,Jigsaw Channel,Two-person,5 Days,Tuesday|Thursday
S41,TKC01 Sheffield,Jigsaw Channel,Two-person,5 Days,Tuesday|Thursday
S42,TKC01 Sheffield,Jigsaw Channel,Two-person,5 Days,Tuesday|Thursday
S43,TKC01 Sheffield,Jigsaw Channel,Two-person,5 Days,Tuesday|Thursday
S44,TKC01 Sheffield,Jigsaw Channel,Two-person,5 Days,Tuesday|Thursday
S45,TKC01 Sheffield,Jigsaw Channel,Two-person,5 Days,Tuesday|Thursday
S49,TKC01 Sheffield,Jigsaw Channel,Two-person,5 Days,Tuesday|Thursday
S5,TKC01 Sheffield,Jigsaw Channel,Two-person,5 Days,Tuesday|Thursday
S6,TKC01 Sheffield,Jigsaw Channel,Two-person,5 Days,Tuesday|Thursday
S60,TKC01 Sheffield,Jigsaw Channel,Two-person,5 Days,Tuesday|Thursday
S61,TKC01 Sheffield,Jigsaw Channel,Two-person,5 Days,Tuesday|Thursday
S62,TKC01 Sheffield,Jigsaw Channel,Two-person,5 Days,Tuesday|Thursday
S63,TKC01 Sheffield,Jigsaw Channel,Two-person,5 Days,Tuesday|Thursday
S64,TKC01 Sheffield,Jigsaw Channel,Two-person,5 Days,Tuesday|Thursday
S65,TKC01 Sheffield,Jigsaw Channel,Two-person,5 Days,Tuesday|Thursday
S66,TKC01 Sheffield,Jigsaw Channel,Two-person,5 Days,Tuesday|Thursday
S7,TKC01 Sheffield,Jigsaw Channel,Two-person,5 Days,Tuesday|Thursday
S70,TKC01 Sheffield,Jigsaw Channel,Two-person,5 Days,Tuesday|Thursday
S71,TKC01 Sheffield,Jigsaw Channel,Two-person,5 Days,Tuesday|Thursday
S72,TKC01 Sheffield,Jigsaw Channel,Two-person,5 Days,Tuesday|Thursday
S73,TKC01 Sheffield,Jigsaw Channel,Two-person,5 Days,Tuesday|Thursday
S74,TKC01 Sheffield,Jigsaw Channel,Two-person,5 Days,Tuesday|Thursday
S75,TKC01 Sheffield,Jigsaw Channel,Two-person,5 Days,Tuesday|Thursday
S8,TKC01 Sheffield,Jigsaw Channel,Two-person,5 Days,Tuesday|Thursday
S80,TKC01 Sheffield,Jigsaw Channel,Two-person,5 Days,Tuesday|Thursday
S81,TKC01 Sheffield,Jigsaw Channel,Two-person,5 Days,Tuesday|Thursday
S9,TKC01 Sheffield,Jigsaw Channel,Two-person,5 Days,Tuesday|Thursday
S95,TKC01 Sheffield,Jigsaw Channel,Two-person,5 Days,Tuesday|Thursday
S96,TKC01 Sheffield,Jigsaw Channel,Two-person,5 Days,Tuesday|Thursday
S97,TKC01 Sheffield,Jigsaw Channel,Two-person,5 Days,Tuesday|Thursday
S98,TKC01 Sheffield,Jigsaw Channel,Two-person,5 Days,Tuesday|Thursday
S99,TKC01 Sheffield,Jigsaw Channel,Two-person,5 Days,Tuesday|Thursday
WF9,TKC01 Sheffield,Jigsaw Channel,Two-person,5 Days,Tuesday|Thursday
DN1,TKC01 Sheffield,Merchant Channel,Two-person,5 Days,Tuesday|Thursday
DN10,TKC01 Sheffield,Merchant Channel,Two-person,5 Days,Tuesday|Thursday
DN11,TKC01 Sheffield,Merchant Channel,Two-person,5 Days,Tuesday|Thursday
DN12,TKC01 Sheffield,Merchant Channel,Two-person,5 Days,Tuesday|Thursday
DN2,TKC01 Sheffield,Merchant Channel,Two-person,5 Days,Tuesday|Thursday
DN22,TKC01 Sheffield,Merchant Channel,Two-person,5 Days,Tuesday|Thursday
DN3,TKC01 Sheffield,Merchant Channel,Two-person,5 Days,Tuesday|Thursday
DN4,TKC01 Sheffield,Merchant Channel,Two-person,5 Days,Tuesday|Thursday
DN5,TKC01 Sheffield,Merchant Channel,Two-person,5 Days,Tuesday|Thursday
DN6,TKC01 Sheffield,Merchant Channel,Two-person,5 Days,Tuesday|Thursday
DN7,TKC01 Sheffield,Merchant Channel,Two-person,5 Days,Tuesday|Thursday
DN8,TKC01 Sheffield,Merchant Channel,Two-person,5 Days,Tuesday|Thursday
DN9,TKC01 Sheffield,Merchant Channel,Two-person,5 Days,Tuesday|Thursday
S1,TKC01 Sheffield,Merchant Channel,Two-person,5 Days,Tuesday|Thursday
S10,TKC01 Sheffield,Merchant Channel,Two-person,5 Days,Tuesday|Thursday
S11,TKC01 Sheffield,Merchant Channel,Two-person,5 Days,Tuesday|Thursday
S12,TKC01 Sheffield,Merchant Channel,Two-person,5 Days,Tuesday|Thursday
S13,TKC01 Sheffield,Merchant Channel,Two-person,5 Days,Tuesday|Thursday
S14,TKC01 Sheffield,Merchant Channel,Two-person,5 Days,Tuesday|Thursday
S17,TKC01 Sheffield,Merchant Channel,Two-person,5 Days,Tuesday|Thursday
S18,TKC01 Sheffield,Merchant Channel,Two-person,5 Days,Tuesday|Thursday
S19,TKC01 Sheffield,Merchant Channel,Two-person,5 Days,Tuesday|Thursday
S2,TKC01 Sheffield,Merchant Channel,Two-person,5 Days,Tuesday|Thursday
S20,TKC01 Sheffield,Merchant Channel,Two-person,5 Days,Tuesday|Thursday
S21,TKC01 Sheffield,Merchant Channel,Two-person,5 Days,Tuesday|Thursday
S25,TKC01 Sheffield,Merchant Channel,Two-person,5 Days,Tuesday|Thursday
S26,TKC01 Sheffield,Merchant Channel,Two-person,5 Days,Tuesday|Thursday
S3,TKC01 Sheffield,Merchant Channel,Two-person,5 Days,Tuesday|Thursday
S30,TKC01 Sheffield,Merchant Channel,Two-person,5 Days,Tuesday|Thursday
S31,TKC01 Sheffield,Merchant Channel,Two-person,5 Days,Tuesday|Thursday
S32,TKC01 Sheffield,Merchant Channel,Two-person,5 Days,Tuesday|Thursday
S33,TKC01 Sheffield,Merchant Channel,Two-person,5 Days,Tuesday|Thursday
S35,TKC01 Sheffield,Merchant Channel,Two-person,5 Days,Tuesday|Thursday
S36,TKC01 Sheffield,Merchant Channel,Two-person,5 Days,Tuesday|Thursday
S4,TKC01 Sheffield,Merchant Channel,Two-person,5 Days,Tuesday|Thursday
S40,TKC01 Sheffield,Merchant Channel,Two-person,5 Days,Tuesday|Thursday
S41,TKC01 Sheffield,Merchant Channel,Two-person,5 Days,Tuesday|Thursday
S42,TKC01 Sheffield,Merchant Channel,Two-person,5 Days,Tuesday|Thursday
S43,TKC01 Sheffield,Merchant Channel,Two-person,5 Days,Tuesday|Thursday
S44,TKC01 Sheffield,Merchant Channel,Two-person,5 Days,Tuesday|Thursday
S45,TKC01 Sheffield,Merchant Channel,Two-person,5 Days,Tuesday|Thursday
S49,TKC01 Sheffield,Merchant Channel,Two-person,5 Days,Tuesday|Thursday
S5,TKC01 Sheffield,Merchant Channel,Two-person,5 Days,Tuesday|Thursday
S6,TKC01 Sheffield,Merchant Channel,Two-person,5 Days,Tuesday|Thursday
S60,TKC01 Sheffield,Merchant Channel,Two-person,5 Days,Tuesday|Thursday
S61,TKC01 Sheffield,Merchant Channel,Two-person,5 Days,Tuesday|Thursday
S62,TKC01 Sheffield,Merchant Channel,Two-person,5 Days,Tuesday|Thursday
S63,TKC01 Sheffield,Merchant Channel,Two-person,5 Days,Tuesday|Thursday
S64,TKC01 Sheffield,Merchant Channel,Two-person,5 Days,Tuesday|Thursday
S65,TKC01 Sheffield,Merchant Channel,Two-person,5 Days,Tuesday|Thursday
S66,TKC01 Sheffield,Merchant Channel,Two-person,5 Days,Tuesday|Thursday
S7,TKC01 Sheffield,Merchant Channel,Two-person,5 Days,Tuesday|Thursday
S70,TKC01 Sheffield,Merchant Channel,Two-person,5 Days,Tuesday|Thursday
S71,TKC01 Sheffield,Merchant Channel,Two-person,5 Days,Tuesday|Thursday
S72,TKC01 Sheffield,Merchant Channel,Two-person,5 Days,Tuesday|Thursday
S73,TKC01 Sheffield,Merchant Channel,Two-person,5 Days,Tuesday|Thursday
S74,TKC01 Sheffield,Merchant Channel,Two-person,5 Days,Tuesday|Thursday
S75,TKC01 Sheffield,Merchant Channel,Two-person,5 Days,Tuesday|Thursday
S8,TKC01 Sheffield,Merchant Channel,Two-person,5 Days,Tuesday|Thursday
S80,TKC01 Sheffield,Merchant Channel,Two-person,5 Days,Tuesday|Thursday
S81,TKC01 Sheffield,Merchant Channel,Two-person,5 Days,Tuesday|Thursday
S9,TKC01 Sheffield,Merchant Channel,Two-person,5 Days,Tuesday|Thursday
S95,TKC01 Sheffield,Merchant Channel,Two-person,5 Days,Tuesday|Thursday
S96,TKC01 Sheffield,Merchant Channel,Two-person,5 Days,Tuesday|Thursday
S97,TKC01 Sheffield,Merchant Channel,Two-person,5 Days,Tuesday|Thursday
S98,TKC01 Sheffield,Merchant Channel,Two-person,5 Days,Tuesday|Thursday
S99,TKC01 Sheffield,Merchant Channel,Two-person,5 Days,Tuesday|Thursday
WF9,TKC01 Sheffield,Merchant Channel,Two-person,5 Days,Tuesday|Thursday
DN1,TKC01 Sheffield,Retail Channel,Two-person,21 Days,Tuesday|Thursday
DN10,TKC01 Sheffield,Retail Channel,Two-person,21 Days,Tuesday|Thursday
DN11,TKC01 Sheffield,Retail Channel,Two-person,21 Days,Tuesday|Thursday
DN12,TKC01 Sheffield,Retail Channel,Two-person,21 Days,Tuesday|Thursday
DN2,TKC01 Sheffield,Retail Channel,Two-person,21 Days,Tuesday|Thursday
DN22,TKC01 Sheffield,Retail Channel,Two-person,21 Days,Tuesday|Thursday
DN3,TKC01 Sheffield,Retail Channel,Two-person,21 Days,Tuesday|Thursday
DN4,TKC01 Sheffield,Retail Channel,Two-person,21 Days,Tuesday|Thursday
DN5,TKC01 Sheffield,Retail Channel,Two-person,21 Days,Tuesday|Thursday
DN6,TKC01 Sheffield,Retail Channel,Two-person,21 Days,Tuesday|Thursday
DN7,TKC01 Sheffield,Retail Channel,Two-person,21 Days,Tuesday|Thursday
DN8,TKC01 Sheffield,Retail Channel,Two-person,21 Days,Tuesday|Thursday
DN9,TKC01 Sheffield,Retail Channel,Two-person,21 Days,Tuesday|Thursday
S1,TKC01 Sheffield,Retail Channel,Two-person,21 Days,Tuesday|Thursday
S10,TKC01 Sheffield,Retail Channel,Two-person,21 Days,Tuesday|Thursday
S11,TKC01 Sheffield,Retail Channel,Two-person,21 Days,Tuesday|Thursday
S12,TKC01 Sheffield,Retail Channel,Two-person,21 Days,Tuesday|Thursday
S13,TKC01 Sheffield,Retail Channel,Two-person,21 Days,Tuesday|Thursday
S14,TKC01 Sheffield,Retail Channel,Two-person,21 Days,Tuesday|Thursday
S17,TKC01 Sheffield,Retail Channel,Two-person,21 Days,Tuesday|Thursday
S18,TKC01 Sheffield,Retail Channel,Two-person,21 Days,Tuesday|Thursday
S19,TKC01 Sheffield,Retail Channel,Two-person,21 Days,Tuesday|Thursday
S2,TKC01 Sheffield,Retail Channel,Two-person,21 Days,Tuesday|Thursday
S20,TKC01 Sheffield,Retail Channel,Two-person,21 Days,Tuesday|Thursday
S21,TKC01 Sheffield,Retail Channel,Two-person,21 Days,Tuesday|Thursday
S25,TKC01 Sheffield,Retail Channel,Two-person,21 Days,Tuesday|Thursday
S26,TKC01 Sheffield,Retail Channel,Two-person,21 Days,Tuesday|Thursday
S3,TKC01 Sheffield,Retail Channel,Two-person,21 Days,Tuesday|Thursday
S30,TKC01 Sheffield,Retail Channel,Two-person,21 Days,Tuesday|Thursday
S31,TKC01 Sheffield,Retail Channel,Two-person,21 Days,Tuesday|Thursday
S32,TKC01 Sheffield,Retail Channel,Two-person,21 Days,Tuesday|Thursday
S33,TKC01 Sheffield,Retail Channel,Two-person,21 Days,Tuesday|Thursday
S35,TKC01 Sheffield,Retail Channel,Two-person,21 Days,Tuesday|Thursday
S36,TKC01 Sheffield,Retail Channel,Two-person,21 Days,Tuesday|Thursday
S4,TKC01 Sheffield,Retail Channel,Two-person,21 Days,Tuesday|Thursday
S40,TKC01 Sheffield,Retail Channel,Two-person,21 Days,Tuesday|Thursday
S41,TKC01 Sheffield,Retail Channel,Two-person,21 Days,Tuesday|Thursday
S42,TKC01 Sheffield,Retail Channel,Two-person,21 Days,Tuesday|Thursday
S43,TKC01 Sheffield,Retail Channel,Two-person,21 Days,Tuesday|Thursday
S44,TKC01 Sheffield,Retail Channel,Two-person,21 Days,Tuesday|Thursday
S45,TKC01 Sheffield,Retail Channel,Two-person,21 Days,Tuesday|Thursday
S49,TKC01 Sheffield,Retail Channel,Two-person,21 Days,Tuesday|Thursday
S5,TKC01 Sheffield,Retail Channel,Two-person,21 Days,Tuesday|Thursday
S6,TKC01 Sheffield,Retail Channel,Two-person,21 Days,Tuesday|Thursday
S60,TKC01 Sheffield,Retail Channel,Two-person,21 Days,Tuesday|Thursday
S61,TKC01 Sheffield,Retail Channel,Two-person,21 Days,Tuesday|Thursday
S62,TKC01 Sheffield,Retail Channel,Two-person,21 Days,Tuesday|Thursday
S63,TKC01 Sheffield,Retail Channel,Two-person,21 Days,Tuesday|Thursday
S64,TKC01 Sheffield,Retail Channel,Two-person,21 Days,Tuesday|Thursday
S65,TKC01 Sheffield,Retail Channel,Two-person,21 Days,Tuesday|Thursday
S66,TKC01 Sheffield,Retail Channel,Two-person,21 Days,Tuesday|Thursday
S7,TKC01 Sheffield,Retail Channel,Two-person,21 Days,Tuesday|Thursday
S70,TKC01 Sheffield,Retail Channel,Two-person,21 Days,Tuesday|Thursday
S71,TKC01 Sheffield,Retail Channel,Two-person,21 Days,Tuesday|Thursday
S72,TKC01 Sheffield,Retail Channel,Two-person,21 Days,Tuesday|Thursday
S73,TKC01 Sheffield,Retail Channel,Two-person,21 Days,Tuesday|Thursday
S74,TKC01 Sheffield,Retail Channel,Two-person,21 Days,Tuesday|Thursday
S75,TKC01 Sheffield,Retail Channel,Two-person,21 Days,Tuesday|Thursday
S8,TKC01 Sheffield,Retail Channel,Two-person,21 Days,Tuesday|Thursday
S80,TKC01 Sheffield,Retail Channel,Two-person,21 Days,Tuesday|Thursday
S81,TKC01 Sheffield,Retail Channel,Two-person,21 Days,Tuesday|Thursday
S9,TKC01 Sheffield,Retail Channel,Two-person,21 Days,Tuesday|Thursday
S95,TKC01 Sheffield,Retail Channel,Two-person,21 Days,Tuesday|Thursday
S96,TKC01 Sheffield,Retail Channel,Two-person,21 Days,Tuesday|Thursday
S97,TKC01 Sheffield,Retail Channel,Two-person,21 Days,Tuesday|Thursday
S98,TKC01 Sheffield,Retail Channel,Two-person,21 Days,Tuesday|Thursday
S99,TKC01 Sheffield,Retail Channel,Two-person,21 Days,Tuesday|Thursday
WF9,TKC01 Sheffield,Retail Channel,Two-person,21 Days,Tuesday|Thursday
CF3,TKC01 South Wales O/N,Component Channel,One-person,1 Day,Wednesday
CF5,TKC01 South Wales O/N,Component Channel,One-person,1 Day,Wednesday
CF10,TKC01 South Wales O/N,Component Channel,One-person,1 Day,Wednesday
CF11,TKC01 South Wales O/N,Component Channel,One-person,1 Day,Wednesday
CF14,TKC01 South Wales O/N,Component Channel,One-person,1 Day,Wednesday
CF15,TKC01 South Wales O/N,Component Channel,One-person,1 Day,Wednesday
CF23,TKC01 South Wales O/N,Component Channel,One-person,1 Day,Wednesday
CF24,TKC01 South Wales O/N,Component Channel,One-person,1 Day,Wednesday
CF30,TKC01 South Wales O/N,Component Channel,One-person,1 Day,Wednesday
CF31,TKC01 South Wales O/N,Component Channel,One-person,1 Day,Wednesday
CF32,TKC01 South Wales O/N,Component Channel,One-person,1 Day,Wednesday
CF33,TKC01 South Wales O/N,Component Channel,One-person,1 Day,Wednesday
CF34,TKC01 South Wales O/N,Component Channel,One-person,1 Day,Wednesday
CF35,TKC01 South Wales O/N,Component Channel,One-person,1 Day,Wednesday
CF36,TKC01 South Wales O/N,Component Channel,One-person,1 Day,Wednesday
CF37,TKC01 South Wales O/N,Component Channel,One-person,1 Day,Wednesday
CF38,TKC01 South Wales O/N,Component Channel,One-person,1 Day,Wednesday
CF39,TKC01 South Wales O/N,Component Channel,One-person,1 Day,Wednesday
CF40,TKC01 South Wales O/N,Component Channel,One-person,1 Day,Wednesday
CF41,TKC01 South Wales O/N,Component Channel,One-person,1 Day,Wednesday
CF42,TKC01 South Wales O/N,Component Channel,One-person,1 Day,Wednesday
CF43,TKC01 South Wales O/N,Component Channel,One-person,1 Day,Wednesday
CF44,TKC01 South Wales O/N,Component Channel,One-person,1 Day,Wednesday
CF45,TKC01 South Wales O/N,Component Channel,One-person,1 Day,Wednesday
CF46,TKC01 South Wales O/N,Component Channel,One-person,1 Day,Wednesday
CF47,TKC01 South Wales O/N,Component Channel,One-person,1 Day,Wednesday
CF48,TKC01 South Wales O/N,Component Channel,One-person,1 Day,Wednesday
CF61,TKC01 South Wales O/N,Component Channel,One-person,1 Day,Wednesday
CF62,TKC01 South Wales O/N,Component Channel,One-person,1 Day,Wednesday
CF63,TKC01 South Wales O/N,Component Channel,One-person,1 Day,Wednesday
CF64,TKC01 South Wales O/N,Component Channel,One-person,1 Day,Wednesday
CF71,TKC01 South Wales O/N,Component Channel,One-person,1 Day,Wednesday
CF72,TKC01 South Wales O/N,Component Channel,One-person,1 Day,Wednesday
CF81,TKC01 South Wales O/N,Component Channel,One-person,1 Day,Wednesday
CF82,TKC01 South Wales O/N,Component Channel,One-person,1 Day,Wednesday
CF83,TKC01 South Wales O/N,Component Channel,One-person,1 Day,Wednesday
CF91,TKC01 South Wales O/N,Component Channel,One-person,1 Day,Wednesday
CF95,TKC01 South Wales O/N,Component Channel,One-person,1 Day,Wednesday
CF99,TKC01 South Wales O/N,Component Channel,One-person,1 Day,Wednesday
HR1,TKC01 South Wales O/N,Component Channel,One-person,1 Day,Wednesday
HR2,TKC01 South Wales O/N,Component Channel,One-person,1 Day,Wednesday
HR3,TKC01 South Wales O/N,Component Channel,One-person,1 Day,Wednesday
HR4,TKC01 South Wales O/N,Component Channel,One-person,1 Day,Wednesday
HR5,TKC01 South Wales O/N,Component Channel,One-person,1 Day,Wednesday
HR6,TKC01 South Wales O/N,Component Channel,One-person,1 Day,Wednesday
HR7,TKC01 South Wales O/N,Component Channel,One-person,1 Day,Wednesday
HR8,TKC01 South Wales O/N,Component Channel,One-person,1 Day,Wednesday
HR9,TKC01 South Wales O/N,Component Channel,One-person,1 Day,Wednesday
NP4,TKC01 South Wales O/N,Component Channel,One-person,1 Day,Wednesday
NP7,TKC01 South Wales O/N,Component Channel,One-person,1 Day,Wednesday
NP8,TKC01 South Wales O/N,Component Channel,One-person,1 Day,Wednesday
NP10,TKC01 South Wales O/N,Component Channel,One-person,1 Day,Wednesday
NP11,TKC01 South Wales O/N,Component Channel,One-person,1 Day,Wednesday
NP12,TKC01 South Wales O/N,Component Channel,One-person,1 Day,Wednesday
NP13,TKC01 South Wales O/N,Component Channel,One-person,1 Day,Wednesday
NP15,TKC01 South Wales O/N,Component Channel,One-person,1 Day,Wednesday
NP16,TKC01 South Wales O/N,Component Channel,One-person,1 Day,Wednesday
NP18,TKC01 South Wales O/N,Component Channel,One-person,1 Day,Wednesday
NP19,TKC01 South Wales O/N,Component Channel,One-person,1 Day,Wednesday
NP20,TKC01 South Wales O/N,Component Channel,One-person,1 Day,Wednesday
NP22,TKC01 South Wales O/N,Component Channel,One-person,1 Day,Wednesday
NP23,TKC01 South Wales O/N,Component Channel,One-person,1 Day,Wednesday
NP24,TKC01 South Wales O/N,Component Channel,One-person,1 Day,Wednesday
NP25,TKC01 South Wales O/N,Component Channel,One-person,1 Day,Wednesday
NP26,TKC01 South Wales O/N,Component Channel,One-person,1 Day,Wednesday
NP44,TKC01 South Wales O/N,Component Channel,One-person,1 Day,Wednesday
SA1,TKC01 South Wales O/N,Component Channel,One-person,1 Day,Wednesday
SA2,TKC01 South Wales O/N,Component Channel,One-person,1 Day,Wednesday
SA3,TKC01 South Wales O/N,Component Channel,One-person,1 Day,Wednesday
SA4,TKC01 South Wales O/N,Component Channel,One-person,1 Day,Wednesday
SA5,TKC01 South Wales O/N,Component Channel,One-person,1 Day,Wednesday
SA6,TKC01 South Wales O/N,Component Channel,One-person,1 Day,Wednesday
SA7,TKC01 South Wales O/N,Component Channel,One-person,1 Day,Wednesday
SA8,TKC01 South Wales O/N,Component Channel,One-person,1 Day,Wednesday
SA9,TKC01 South Wales O/N,Component Channel,One-person,1 Day,Wednesday
SA10,TKC01 South Wales O/N,Component Channel,One-person,1 Day,Wednesday
SA11,TKC01 South Wales O/N,Component Channel,One-person,1 Day,Wednesday
SA12,TKC01 South Wales O/N,Component Channel,One-person,1 Day,Wednesday
SA13,TKC01 South Wales O/N,Component Channel,One-person,1 Day,Wednesday
SA14,TKC01 South Wales O/N,Component Channel,One-person,1 Day,Wednesday
SA15,TKC01 South Wales O/N,Component Channel,One-person,1 Day,Wednesday
SA16,TKC01 South Wales O/N,Component Channel,One-person,1 Day,Wednesday
SA17,TKC01 South Wales O/N,Component Channel,One-person,1 Day,Wednesday
SA18,TKC01 South Wales O/N,Component Channel,One-person,1 Day,Wednesday
SY1,TKC01 South Wales O/N,Component Channel,One-person,1 Day,Wednesday
SY2,TKC01 South Wales O/N,Component Channel,One-person,1 Day,Wednesday
SY3,TKC01 South Wales O/N,Component Channel,One-person,1 Day,Wednesday
SY4,TKC01 South Wales O/N,Component Channel,One-person,1 Day,Wednesday
SY5,TKC01 South Wales O/N,Component Channel,One-person,1 Day,Wednesday
SY6,TKC01 South Wales O/N,Component Channel,One-person,1 Day,Wednesday
SY7,TKC01 South Wales O/N,Component Channel,One-person,1 Day,Wednesday
SY8,TKC01 South Wales O/N,Component Channel,One-person,1 Day,Wednesday
SY9,TKC01 South Wales O/N,Component Channel,One-person,1 Day,Wednesday
SY10,TKC01 South Wales O/N,Component Channel,One-person,1 Day,Wednesday
SY11,TKC01 South Wales O/N,Component Channel,One-person,1 Day,Wednesday
SY12,TKC01 South Wales O/N,Component Channel,One-person,1 Day,Wednesday
SY13,TKC01 South Wales O/N,Component Channel,One-person,1 Day,Wednesday
SY14,TKC01 South Wales O/N,Component Channel,One-person,1 Day,Wednesday
SY15,TKC01 South Wales O/N,Component Channel,One-person,1 Day,Wednesday
SY16,TKC01 South Wales O/N,Component Channel,One-person,1 Day,Wednesday
SY19,TKC01 South Wales O/N,Component Channel,One-person,1 Day,Wednesday
SY20,TKC01 South Wales O/N,Component Channel,One-person,1 Day,Wednesday
SY21,TKC01 South Wales O/N,Component Channel,One-person,1 Day,Wednesday
SY22,TKC01 South Wales O/N,Component Channel,One-person,1 Day,Wednesday
CF3,TKC01 South Wales O/N,Jigsaw Channel,Two-person,5 Days,Wednesday
CF5,TKC01 South Wales O/N,Jigsaw Channel,Two-person,5 Days,Wednesday
CF10,TKC01 South Wales O/N,Jigsaw Channel,Two-person,5 Days,Wednesday
CF11,TKC01 South Wales O/N,Jigsaw Channel,Two-person,5 Days,Wednesday
CF14,TKC01 South Wales O/N,Jigsaw Channel,Two-person,5 Days,Wednesday
CF15,TKC01 South Wales O/N,Jigsaw Channel,Two-person,5 Days,Wednesday
CF23,TKC01 South Wales O/N,Jigsaw Channel,Two-person,5 Days,Wednesday
CF24,TKC01 South Wales O/N,Jigsaw Channel,Two-person,5 Days,Wednesday
CF30,TKC01 South Wales O/N,Jigsaw Channel,Two-person,5 Days,Wednesday
CF31,TKC01 South Wales O/N,Jigsaw Channel,Two-person,5 Days,Wednesday
CF32,TKC01 South Wales O/N,Jigsaw Channel,Two-person,5 Days,Wednesday
CF33,TKC01 South Wales O/N,Jigsaw Channel,Two-person,5 Days,Wednesday
CF34,TKC01 South Wales O/N,Jigsaw Channel,Two-person,5 Days,Wednesday
CF35,TKC01 South Wales O/N,Jigsaw Channel,Two-person,5 Days,Wednesday
CF36,TKC01 South Wales O/N,Jigsaw Channel,Two-person,5 Days,Wednesday
CF37,TKC01 South Wales O/N,Jigsaw Channel,Two-person,5 Days,Wednesday
CF38,TKC01 South Wales O/N,Jigsaw Channel,Two-person,5 Days,Wednesday
CF39,TKC01 South Wales O/N,Jigsaw Channel,Two-person,5 Days,Wednesday
CF40,TKC01 South Wales O/N,Jigsaw Channel,Two-person,5 Days,Wednesday
CF41,TKC01 South Wales O/N,Jigsaw Channel,Two-person,5 Days,Wednesday
CF42,TKC01 South Wales O/N,Jigsaw Channel,Two-person,5 Days,Wednesday
CF43,TKC01 South Wales O/N,Jigsaw Channel,Two-person,5 Days,Wednesday
CF44,TKC01 South Wales O/N,Jigsaw Channel,Two-person,5 Days,Wednesday
CF45,TKC01 South Wales O/N,Jigsaw Channel,Two-person,5 Days,Wednesday
CF46,TKC01 South Wales O/N,Jigsaw Channel,Two-person,5 Days,Wednesday
CF47,TKC01 South Wales O/N,Jigsaw Channel,Two-person,5 Days,Wednesday
CF48,TKC01 South Wales O/N,Jigsaw Channel,Two-person,5 Days,Wednesday
CF61,TKC01 South Wales O/N,Jigsaw Channel,Two-person,5 Days,Wednesday
CF62,TKC01 South Wales O/N,Jigsaw Channel,Two-person,5 Days,Wednesday
CF63,TKC01 South Wales O/N,Jigsaw Channel,Two-person,5 Days,Wednesday
CF64,TKC01 South Wales O/N,Jigsaw Channel,Two-person,5 Days,Wednesday
CF71,TKC01 South Wales O/N,Jigsaw Channel,Two-person,5 Days,Wednesday
CF72,TKC01 South Wales O/N,Jigsaw Channel,Two-person,5 Days,Wednesday
CF81,TKC01 South Wales O/N,Jigsaw Channel,Two-person,5 Days,Wednesday
CF82,TKC01 South Wales O/N,Jigsaw Channel,Two-person,5 Days,Wednesday
CF83,TKC01 South Wales O/N,Jigsaw Channel,Two-person,5 Days,Wednesday
CF91,TKC01 South Wales O/N,Jigsaw Channel,Two-person,5 Days,Wednesday
CF95,TKC01 South Wales O/N,Jigsaw Channel,Two-person,5 Days,Wednesday
CF99,TKC01 South Wales O/N,Jigsaw Channel,Two-person,5 Days,Wednesday
HR1,TKC01 South Wales O/N,Jigsaw Channel,Two-person,5 Days,Wednesday
HR2,TKC01 South Wales O/N,Jigsaw Channel,Two-person,5 Days,Wednesday
HR3,TKC01 South Wales O/N,Jigsaw Channel,Two-person,5 Days,Wednesday
HR4,TKC01 South Wales O/N,Jigsaw Channel,Two-person,5 Days,Wednesday
HR5,TKC01 South Wales O/N,Jigsaw Channel,Two-person,5 Days,Wednesday
HR6,TKC01 South Wales O/N,Jigsaw Channel,Two-person,5 Days,Wednesday
HR7,TKC01 South Wales O/N,Jigsaw Channel,Two-person,5 Days,Wednesday
HR8,TKC01 South Wales O/N,Jigsaw Channel,Two-person,5 Days,Wednesday
HR9,TKC01 South Wales O/N,Jigsaw Channel,Two-person,5 Days,Wednesday
NP4,TKC01 South Wales O/N,Jigsaw Channel,Two-person,5 Days,Wednesday
NP7,TKC01 South Wales O/N,Jigsaw Channel,Two-person,5 Days,Wednesday
NP8,TKC01 South Wales O/N,Jigsaw Channel,Two-person,5 Days,Wednesday
NP10,TKC01 South Wales O/N,Jigsaw Channel,Two-person,5 Days,Wednesday
NP11,TKC01 South Wales O/N,Jigsaw Channel,Two-person,5 Days,Wednesday
NP12,TKC01 South Wales O/N,Jigsaw Channel,Two-person,5 Days,Wednesday
NP13,TKC01 South Wales O/N,Jigsaw Channel,Two-person,5 Days,Wednesday
NP15,TKC01 South Wales O/N,Jigsaw Channel,Two-person,5 Days,Wednesday
NP16,TKC01 South Wales O/N,Jigsaw Channel,Two-person,5 Days,Wednesday
NP18,TKC01 South Wales O/N,Jigsaw Channel,Two-person,5 Days,Wednesday
NP19,TKC01 South Wales O/N,Jigsaw Channel,Two-person,5 Days,Wednesday
NP20,TKC01 South Wales O/N,Jigsaw Channel,Two-person,5 Days,Wednesday
NP22,TKC01 South Wales O/N,Jigsaw Channel,Two-person,5 Days,Wednesday
NP23,TKC01 South Wales O/N,Jigsaw Channel,Two-person,5 Days,Wednesday
NP24,TKC01 South Wales O/N,Jigsaw Channel,Two-person,5 Days,Wednesday
NP25,TKC01 South Wales O/N,Jigsaw Channel,Two-person,5 Days,Wednesday
NP26,TKC01 South Wales O/N,Jigsaw Channel,Two-person,5 Days,Wednesday
NP44,TKC01 South Wales O/N,Jigsaw Channel,Two-person,5 Days,Wednesday
SA1,TKC01 South Wales O/N,Jigsaw Channel,Two-person,5 Days,Wednesday
SA2,TKC01 South Wales O/N,Jigsaw Channel,Two-person,5 Days,Wednesday
SA3,TKC01 South Wales O/N,Jigsaw Channel,Two-person,5 Days,Wednesday
SA4,TKC01 South Wales O/N,Jigsaw Channel,Two-person,5 Days,Wednesday
SA5,TKC01 South Wales O/N,Jigsaw Channel,Two-person,5 Days,Wednesday
SA6,TKC01 South Wales O/N,Jigsaw Channel,Two-person,5 Days,Wednesday
SA7,TKC01 South Wales O/N,Jigsaw Channel,Two-person,5 Days,Wednesday
SA8,TKC01 South Wales O/N,Jigsaw Channel,Two-person,5 Days,Wednesday
SA9,TKC01 South Wales O/N,Jigsaw Channel,Two-person,5 Days,Wednesday
SA10,TKC01 South Wales O/N,Jigsaw Channel,Two-person,5 Days,Wednesday
SA11,TKC01 South Wales O/N,Jigsaw Channel,Two-person,5 Days,Wednesday
SA12,TKC01 South Wales O/N,Jigsaw Channel,Two-person,5 Days,Wednesday
SA13,TKC01 South Wales O/N,Jigsaw Channel,Two-person,5 Days,Wednesday
SA14,TKC01 South Wales O/N,Jigsaw Channel,Two-person,5 Days,Wednesday
SA15,TKC01 South Wales O/N,Jigsaw Channel,Two-person,5 Days,Wednesday
SA16,TKC01 South Wales O/N,Jigsaw Channel,Two-person,5 Days,Wednesday
SA17,TKC01 South Wales O/N,Jigsaw Channel,Two-person,5 Days,Wednesday
SA18,TKC01 South Wales O/N,Jigsaw Channel,Two-person,5 Days,Wednesday
SY1,TKC01 South Wales O/N,Jigsaw Channel,Two-person,5 Days,Wednesday
SY2,TKC01 South Wales O/N,Jigsaw Channel,Two-person,5 Days,Wednesday
SY3,TKC01 South Wales O/N,Jigsaw Channel,Two-person,5 Days,Wednesday
SY4,TKC01 South Wales O/N,Jigsaw Channel,Two-person,5 Days,Wednesday
SY5,TKC01 South Wales O/N,Jigsaw Channel,Two-person,5 Days,Wednesday
SY6,TKC01 South Wales O/N,Jigsaw Channel,Two-person,5 Days,Wednesday
SY7,TKC01 South Wales O/N,Jigsaw Channel,Two-person,5 Days,Wednesday
SY8,TKC01 South Wales O/N,Jigsaw Channel,Two-person,5 Days,Wednesday
SY9,TKC01 South Wales O/N,Jigsaw Channel,Two-person,5 Days,Wednesday
SY10,TKC01 South Wales O/N,Jigsaw Channel,Two-person,5 Days,Wednesday
SY11,TKC01 South Wales O/N,Jigsaw Channel,Two-person,5 Days,Wednesday
SY12,TKC01 South Wales O/N,Jigsaw Channel,Two-person,5 Days,Wednesday
SY13,TKC01 South Wales O/N,Jigsaw Channel,Two-person,5 Days,Wednesday
SY14,TKC01 South Wales O/N,Jigsaw Channel,Two-person,5 Days,Wednesday
SY15,TKC01 South Wales O/N,Jigsaw Channel,Two-person,5 Days,Wednesday
SY16,TKC01 South Wales O/N,Jigsaw Channel,Two-person,5 Days,Wednesday
SY19,TKC01 South Wales O/N,Jigsaw Channel,Two-person,5 Days,Wednesday
SY20,TKC01 South Wales O/N,Jigsaw Channel,Two-person,5 Days,Wednesday
SY21,TKC01 South Wales O/N,Jigsaw Channel,Two-person,5 Days,Wednesday
SY22,TKC01 South Wales O/N,Jigsaw Channel,Two-person,5 Days,Wednesday
CF3,TKC01 South Wales O/N,Merchant Channel,Two-person,5 Days,Wednesday
CF5,TKC01 South Wales O/N,Merchant Channel,Two-person,5 Days,Wednesday
CF10,TKC01 South Wales O/N,Merchant Channel,Two-person,5 Days,Wednesday
CF11,TKC01 South Wales O/N,Merchant Channel,Two-person,5 Days,Wednesday
CF14,TKC01 South Wales O/N,Merchant Channel,Two-person,5 Days,Wednesday
CF15,TKC01 South Wales O/N,Merchant Channel,Two-person,5 Days,Wednesday
CF23,TKC01 South Wales O/N,Merchant Channel,Two-person,5 Days,Wednesday
CF24,TKC01 South Wales O/N,Merchant Channel,Two-person,5 Days,Wednesday
CF30,TKC01 South Wales O/N,Merchant Channel,Two-person,5 Days,Wednesday
CF31,TKC01 South Wales O/N,Merchant Channel,Two-person,5 Days,Wednesday
CF32,TKC01 South Wales O/N,Merchant Channel,Two-person,5 Days,Wednesday
CF33,TKC01 South Wales O/N,Merchant Channel,Two-person,5 Days,Wednesday
CF34,TKC01 South Wales O/N,Merchant Channel,Two-person,5 Days,Wednesday
CF35,TKC01 South Wales O/N,Merchant Channel,Two-person,5 Days,Wednesday
CF36,TKC01 South Wales O/N,Merchant Channel,Two-person,5 Days,Wednesday
CF37,TKC01 South Wales O/N,Merchant Channel,Two-person,5 Days,Wednesday
CF38,TKC01 South Wales O/N,Merchant Channel,Two-person,5 Days,Wednesday
CF39,TKC01 South Wales O/N,Merchant Channel,Two-person,5 Days,Wednesday
CF40,TKC01 South Wales O/N,Merchant Channel,Two-person,5 Days,Wednesday
CF41,TKC01 South Wales O/N,Merchant Channel,Two-person,5 Days,Wednesday
CF42,TKC01 South Wales O/N,Merchant Channel,Two-person,5 Days,Wednesday
CF43,TKC01 South Wales O/N,Merchant Channel,Two-person,5 Days,Wednesday
CF44,TKC01 South Wales O/N,Merchant Channel,Two-person,5 Days,Wednesday
CF45,TKC01 South Wales O/N,Merchant Channel,Two-person,5 Days,Wednesday
CF46,TKC01 South Wales O/N,Merchant Channel,Two-person,5 Days,Wednesday
CF47,TKC01 South Wales O/N,Merchant Channel,Two-person,5 Days,Wednesday
CF48,TKC01 South Wales O/N,Merchant Channel,Two-person,5 Days,Wednesday
CF61,TKC01 South Wales O/N,Merchant Channel,Two-person,5 Days,Wednesday
CF62,TKC01 South Wales O/N,Merchant Channel,Two-person,5 Days,Wednesday
CF63,TKC01 South Wales O/N,Merchant Channel,Two-person,5 Days,Wednesday
CF64,TKC01 South Wales O/N,Merchant Channel,Two-person,5 Days,Wednesday
CF71,TKC01 South Wales O/N,Merchant Channel,Two-person,5 Days,Wednesday
CF72,TKC01 South Wales O/N,Merchant Channel,Two-person,5 Days,Wednesday
CF81,TKC01 South Wales O/N,Merchant Channel,Two-person,5 Days,Wednesday
CF82,TKC01 South Wales O/N,Merchant Channel,Two-person,5 Days,Wednesday
CF83,TKC01 South Wales O/N,Merchant Channel,Two-person,5 Days,Wednesday
CF91,TKC01 South Wales O/N,Merchant Channel,Two-person,5 Days,Wednesday
CF95,TKC01 South Wales O/N,Merchant Channel,Two-person,5 Days,Wednesday
CF99,TKC01 South Wales O/N,Merchant Channel,Two-person,5 Days,Wednesday
HR1,TKC01 South Wales O/N,Merchant Channel,Two-person,5 Days,Wednesday
HR2,TKC01 South Wales O/N,Merchant Channel,Two-person,5 Days,Wednesday
HR3,TKC01 South Wales O/N,Merchant Channel,Two-person,5 Days,Wednesday
HR4,TKC01 South Wales O/N,Merchant Channel,Two-person,5 Days,Wednesday
HR5,TKC01 South Wales O/N,Merchant Channel,Two-person,5 Days,Wednesday
HR6,TKC01 South Wales O/N,Merchant Channel,Two-person,5 Days,Wednesday
HR7,TKC01 South Wales O/N,Merchant Channel,Two-person,5 Days,Wednesday
HR8,TKC01 South Wales O/N,Merchant Channel,Two-person,5 Days,Wednesday
HR9,TKC01 South Wales O/N,Merchant Channel,Two-person,5 Days,Wednesday
NP4,TKC01 South Wales O/N,Merchant Channel,Two-person,5 Days,Wednesday
NP7,TKC01 South Wales O/N,Merchant Channel,Two-person,5 Days,Wednesday
NP8,TKC01 South Wales O/N,Merchant Channel,Two-person,5 Days,Wednesday
NP10,TKC01 South Wales O/N,Merchant Channel,Two-person,5 Days,Wednesday
NP11,TKC01 South Wales O/N,Merchant Channel,Two-person,5 Days,Wednesday
NP12,TKC01 South Wales O/N,Merchant Channel,Two-person,5 Days,Wednesday
NP13,TKC01 South Wales O/N,Merchant Channel,Two-person,5 Days,Wednesday
NP15,TKC01 South Wales O/N,Merchant Channel,Two-person,5 Days,Wednesday
NP16,TKC01 South Wales O/N,Merchant Channel,Two-person,5 Days,Wednesday
NP18,TKC01 South Wales O/N,Merchant Channel,Two-person,5 Days,Wednesday
NP19,TKC01 South Wales O/N,Merchant Channel,Two-person,5 Days,Wednesday
NP20,TKC01 South Wales O/N,Merchant Channel,Two-person,5 Days,Wednesday
NP22,TKC01 South Wales O/N,Merchant Channel,Two-person,5 Days,Wednesday
NP23,TKC01 South Wales O/N,Merchant Channel,Two-person,5 Days,Wednesday
NP24,TKC01 South Wales O/N,Merchant Channel,Two-person,5 Days,Wednesday
NP25,TKC01 South Wales O/N,Merchant Channel,Two-person,5 Days,Wednesday
NP26,TKC01 South Wales O/N,Merchant Channel,Two-person,5 Days,Wednesday
NP44,TKC01 South Wales O/N,Merchant Channel,Two-person,5 Days,Wednesday
SA1,TKC01 South Wales O/N,Merchant Channel,Two-person,5 Days,Wednesday
SA2,TKC01 South Wales O/N,Merchant Channel,Two-person,5 Days,Wednesday
SA3,TKC01 South Wales O/N,Merchant Channel,Two-person,5 Days,Wednesday
SA4,TKC01 South Wales O/N,Merchant Channel,Two-person,5 Days,Wednesday
SA5,TKC01 South Wales O/N,Merchant Channel,Two-person,5 Days,Wednesday
SA6,TKC01 South Wales O/N,Merchant Channel,Two-person,5 Days,Wednesday
SA7,TKC01 South Wales O/N,Merchant Channel,Two-person,5 Days,Wednesday
SA8,TKC01 South Wales O/N,Merchant Channel,Two-person,5 Days,Wednesday
SA9,TKC01 South Wales O/N,Merchant Channel,Two-person,5 Days,Wednesday
SA10,TKC01 South Wales O/N,Merchant Channel,Two-person,5 Days,Wednesday
SA11,TKC01 South Wales O/N,Merchant Channel,Two-person,5 Days,Wednesday
SA12,TKC01 South Wales O/N,Merchant Channel,Two-person,5 Days,Wednesday
SA13,TKC01 South Wales O/N,Merchant Channel,Two-person,5 Days,Wednesday
SA14,TKC01 South Wales O/N,Merchant Channel,Two-person,5 Days,Wednesday
SA15,TKC01 South Wales O/N,Merchant Channel,Two-person,5 Days,Wednesday
SA16,TKC01 South Wales O/N,Merchant Channel,Two-person,5 Days,Wednesday
SA17,TKC01 South Wales O/N,Merchant Channel,Two-person,5 Days,Wednesday
SA18,TKC01 South Wales O/N,Merchant Channel,Two-person,5 Days,Wednesday
SY1,TKC01 South Wales O/N,Merchant Channel,Two-person,5 Days,Wednesday
SY2,TKC01 South Wales O/N,Merchant Channel,Two-person,5 Days,Wednesday
SY3,TKC01 South Wales O/N,Merchant Channel,Two-person,5 Days,Wednesday
SY4,TKC01 South Wales O/N,Merchant Channel,Two-person,5 Days,Wednesday
SY5,TKC01 South Wales O/N,Merchant Channel,Two-person,5 Days,Wednesday
SY6,TKC01 South Wales O/N,Merchant Channel,Two-person,5 Days,Wednesday
SY7,TKC01 South Wales O/N,Merchant Channel,Two-person,5 Days,Wednesday
SY8,TKC01 South Wales O/N,Merchant Channel,Two-person,5 Days,Wednesday
SY9,TKC01 South Wales O/N,Merchant Channel,Two-person,5 Days,Wednesday
SY10,TKC01 South Wales O/N,Merchant Channel,Two-person,5 Days,Wednesday
SY11,TKC01 South Wales O/N,Merchant Channel,Two-person,5 Days,Wednesday
SY12,TKC01 South Wales O/N,Merchant Channel,Two-person,5 Days,Wednesday
SY13,TKC01 South Wales O/N,Merchant Channel,Two-person,5 Days,Wednesday
SY14,TKC01 South Wales O/N,Merchant Channel,Two-person,5 Days,Wednesday
SY15,TKC01 South Wales O/N,Merchant Channel,Two-person,5 Days,Wednesday
SY16,TKC01 South Wales O/N,Merchant Channel,Two-person,5 Days,Wednesday
SY19,TKC01 South Wales O/N,Merchant Channel,Two-person,5 Days,Wednesday
SY20,TKC01 South Wales O/N,Merchant Channel,Two-person,5 Days,Wednesday
SY21,TKC01 South Wales O/N,Merchant Channel,Two-person,5 Days,Wednesday
SY22,TKC01 South Wales O/N,Merchant Channel,Two-person,5 Days,Wednesday
CF3,TKC01 South Wales O/N,Retail Channel,Two-person,21 Days,Wednesday
CF5,TKC01 South Wales O/N,Retail Channel,Two-person,21 Days,Wednesday
CF10,TKC01 South Wales O/N,Retail Channel,Two-person,21 Days,Wednesday
CF11,TKC01 South Wales O/N,Retail Channel,Two-person,21 Days,Wednesday
CF14,TKC01 South Wales O/N,Retail Channel,Two-person,21 Days,Wednesday
CF15,TKC01 South Wales O/N,Retail Channel,Two-person,21 Days,Wednesday
CF23,TKC01 South Wales O/N,Retail Channel,Two-person,21 Days,Wednesday
CF24,TKC01 South Wales O/N,Retail Channel,Two-person,21 Days,Wednesday
CF30,TKC01 South Wales O/N,Retail Channel,Two-person,21 Days,Wednesday
CF31,TKC01 South Wales O/N,Retail Channel,Two-person,21 Days,Wednesday
CF32,TKC01 South Wales O/N,Retail Channel,Two-person,21 Days,Wednesday
CF33,TKC01 South Wales O/N,Retail Channel,Two-person,21 Days,Wednesday
CF34,TKC01 South Wales O/N,Retail Channel,Two-person,21 Days,Wednesday
CF35,TKC01 South Wales O/N,Retail Channel,Two-person,21 Days,Wednesday
CF36,TKC01 South Wales O/N,Retail Channel,Two-person,21 Days,Wednesday
CF37,TKC01 South Wales O/N,Retail Channel,Two-person,21 Days,Wednesday
CF38,TKC01 South Wales O/N,Retail Channel,Two-person,21 Days,Wednesday
CF39,TKC01 South Wales O/N,Retail Channel,Two-person,21 Days,Wednesday
CF40,TKC01 South Wales O/N,Retail Channel,Two-person,21 Days,Wednesday
CF41,TKC01 South Wales O/N,Retail Channel,Two-person,21 Days,Wednesday
CF42,TKC01 South Wales O/N,Retail Channel,Two-person,21 Days,Wednesday
CF43,TKC01 South Wales O/N,Retail Channel,Two-person,21 Days,Wednesday
CF44,TKC01 South Wales O/N,Retail Channel,Two-person,21 Days,Wednesday
CF45,TKC01 South Wales O/N,Retail Channel,Two-person,21 Days,Wednesday
CF46,TKC01 South Wales O/N,Retail Channel,Two-person,21 Days,Wednesday
CF47,TKC01 South Wales O/N,Retail Channel,Two-person,21 Days,Wednesday
CF48,TKC01 South Wales O/N,Retail Channel,Two-person,21 Days,Wednesday
CF61,TKC01 South Wales O/N,Retail Channel,Two-person,21 Days,Wednesday
CF62,TKC01 South Wales O/N,Retail Channel,Two-person,21 Days,Wednesday
CF63,TKC01 South Wales O/N,Retail Channel,Two-person,21 Days,Wednesday
CF64,TKC01 South Wales O/N,Retail Channel,Two-person,21 Days,Wednesday
CF71,TKC01 South Wales O/N,Retail Channel,Two-person,21 Days,Wednesday
CF72,TKC01 South Wales O/N,Retail Channel,Two-person,21 Days,Wednesday
CF81,TKC01 South Wales O/N,Retail Channel,Two-person,21 Days,Wednesday
CF82,TKC01 South Wales O/N,Retail Channel,Two-person,21 Days,Wednesday
CF83,TKC01 South Wales O/N,Retail Channel,Two-person,21 Days,Wednesday
CF91,TKC01 South Wales O/N,Retail Channel,Two-person,21 Days,Wednesday
CF95,TKC01 South Wales O/N,Retail Channel,Two-person,21 Days,Wednesday
CF99,TKC01 South Wales O/N,Retail Channel,Two-person,21 Days,Wednesday
HR1,TKC01 South Wales O/N,Retail Channel,Two-person,21 Days,Wednesday
HR2,TKC01 South Wales O/N,Retail Channel,Two-person,21 Days,Wednesday
HR3,TKC01 South Wales O/N,Retail Channel,Two-person,21 Days,Wednesday
HR4,TKC01 South Wales O/N,Retail Channel,Two-person,21 Days,Wednesday
HR5,TKC01 South Wales O/N,Retail Channel,Two-person,21 Days,Wednesday
HR6,TKC01 South Wales O/N,Retail Channel,Two-person,21 Days,Wednesday
HR7,TKC01 South Wales O/N,Retail Channel,Two-person,21 Days,Wednesday
HR8,TKC01 South Wales O/N,Retail Channel,Two-person,21 Days,Wednesday
HR9,TKC01 South Wales O/N,Retail Channel,Two-person,21 Days,Wednesday
NP4,TKC01 South Wales O/N,Retail Channel,Two-person,21 Days,Wednesday
NP7,TKC01 South Wales O/N,Retail Channel,Two-person,21 Days,Wednesday
NP8,TKC01 South Wales O/N,Retail Channel,Two-person,21 Days,Wednesday
NP10,TKC01 South Wales O/N,Retail Channel,Two-person,21 Days,Wednesday
NP11,TKC01 South Wales O/N,Retail Channel,Two-person,21 Days,Wednesday
NP12,TKC01 South Wales O/N,Retail Channel,Two-person,21 Days,Wednesday
NP13,TKC01 South Wales O/N,Retail Channel,Two-person,21 Days,Wednesday
NP15,TKC01 South Wales O/N,Retail Channel,Two-person,21 Days,Wednesday
NP16,TKC01 South Wales O/N,Retail Channel,Two-person,21 Days,Wednesday
NP18,TKC01 South Wales O/N,Retail Channel,Two-person,21 Days,Wednesday
NP19,TKC01 South Wales O/N,Retail Channel,Two-person,21 Days,Wednesday
NP20,TKC01 South Wales O/N,Retail Channel,Two-person,21 Days,Wednesday
NP22,TKC01 South Wales O/N,Retail Channel,Two-person,21 Days,Wednesday
NP23,TKC01 South Wales O/N,Retail Channel,Two-person,21 Days,Wednesday
NP24,TKC01 South Wales O/N,Retail Channel,Two-person,21 Days,Wednesday
NP25,TKC01 South Wales O/N,Retail Channel,Two-person,21 Days,Wednesday
NP26,TKC01 South Wales O/N,Retail Channel,Two-person,21 Days,Wednesday
NP44,TKC01 South Wales O/N,Retail Channel,Two-person,21 Days,Wednesday
SA1,TKC01 South Wales O/N,Retail Channel,Two-person,21 Days,Wednesday
SA2,TKC01 South Wales O/N,Retail Channel,Two-person,21 Days,Wednesday
SA3,TKC01 South Wales O/N,Retail Channel,Two-person,21 Days,Wednesday
SA4,TKC01 South Wales O/N,Retail Channel,Two-person,21 Days,Wednesday
SA5,TKC01 South Wales O/N,Retail Channel,Two-person,21 Days,Wednesday
SA6,TKC01 South Wales O/N,Retail Channel,Two-person,21 Days,Wednesday
SA7,TKC01 South Wales O/N,Retail Channel,Two-person,21 Days,Wednesday
SA8,TKC01 South Wales O/N,Retail Channel,Two-person,21 Days,Wednesday
SA9,TKC01 South Wales O/N,Retail Channel,Two-person,21 Days,Wednesday
SA10,TKC01 South Wales O/N,Retail Channel,Two-person,21 Days,Wednesday
SA11,TKC01 South Wales O/N,Retail Channel,Two-person,21 Days,Wednesday
SA12,TKC01 South Wales O/N,Retail Channel,Two-person,21 Days,Wednesday
SA13,TKC01 South Wales O/N,Retail Channel,Two-person,21 Days,Wednesday
SA14,TKC01 South Wales O/N,Retail Channel,Two-person,21 Days,Wednesday
SA15,TKC01 South Wales O/N,Retail Channel,Two-person,21 Days,Wednesday
SA16,TKC01 South Wales O/N,Retail Channel,Two-person,21 Days,Wednesday
SA17,TKC01 South Wales O/N,Retail Channel,Two-person,21 Days,Wednesday
SA18,TKC01 South Wales O/N,Retail Channel,Two-person,21 Days,Wednesday
SY1,TKC01 South Wales O/N,Retail Channel,Two-person,21 Days,Wednesday
SY2,TKC01 South Wales O/N,Retail Channel,Two-person,21 Days,Wednesday
SY3,TKC01 South Wales O/N,Retail Channel,Two-person,21 Days,Wednesday
SY4,TKC01 South Wales O/N,Retail Channel,Two-person,21 Days,Wednesday
SY5,TKC01 South Wales O/N,Retail Channel,Two-person,21 Days,Wednesday
SY6,TKC01 South Wales O/N,Retail Channel,Two-person,21 Days,Wednesday
SY7,TKC01 South Wales O/N,Retail Channel,Two-person,21 Days,Wednesday
SY8,TKC01 South Wales O/N,Retail Channel,Two-person,21 Days,Wednesday
SY9,TKC01 South Wales O/N,Retail Channel,Two-person,21 Days,Wednesday
SY10,TKC01 South Wales O/N,Retail Channel,Two-person,21 Days,Wednesday
SY11,TKC01 South Wales O/N,Retail Channel,Two-person,21 Days,Wednesday
SY12,TKC01 South Wales O/N,Retail Channel,Two-person,21 Days,Wednesday
SY13,TKC01 South Wales O/N,Retail Channel,Two-person,21 Days,Wednesday
SY14,TKC01 South Wales O/N,Retail Channel,Two-person,21 Days,Wednesday
SY15,TKC01 South Wales O/N,Retail Channel,Two-person,21 Days,Wednesday
SY16,TKC01 South Wales O/N,Retail Channel,Two-person,21 Days,Wednesday
SY19,TKC01 South Wales O/N,Retail Channel,Two-person,21 Days,Wednesday
SY20,TKC01 South Wales O/N,Retail Channel,Two-person,21 Days,Wednesday
SY21,TKC01 South Wales O/N,Retail Channel,Two-person,21 Days,Wednesday
SY22,TKC01 South Wales O/N,Retail Channel,Two-person,21 Days,Wednesday
BS0,TKC01 South West O/N,Component Channel,One-person,1 Day,Tuesday|Thursday
BS1,TKC01 South West O/N,Component Channel,One-person,1 Day,Tuesday|Thursday
BS10,TKC01 South West O/N,Component Channel,One-person,1 Day,Tuesday|Thursday
BS11,TKC01 South West O/N,Component Channel,One-person,1 Day,Tuesday|Thursday
BS12,TKC01 South West O/N,Component Channel,One-person,1 Day,Tuesday|Thursday
BS13,TKC01 South West O/N,Component Channel,One-person,1 Day,Tuesday|Thursday
BS14,TKC01 South West O/N,Component Channel,One-person,1 Day,Tuesday|Thursday
BS15,TKC01 South West O/N,Component Channel,One-person,1 Day,Tuesday|Thursday
BS16,TKC01 South West O/N,Component Channel,One-person,1 Day,Tuesday|Thursday
BS17,TKC01 South West O/N,Component Channel,One-person,1 Day,Tuesday|Thursday
BS18,TKC01 South West O/N,Component Channel,One-person,1 Day,Tuesday|Thursday
BS19,TKC01 South West O/N,Component Channel,One-person,1 Day,Tuesday|Thursday
BS2,TKC01 South West O/N,Component Channel,One-person,1 Day,Tuesday|Thursday
BS20,TKC01 South West O/N,Component Channel,One-person,1 Day,Tuesday|Thursday
BS21,TKC01 South West O/N,Component Channel,One-person,1 Day,Tuesday|Thursday
BS22,TKC01 South West O/N,Component Channel,One-person,1 Day,Tuesday|Thursday
BS23,TKC01 South West O/N,Component Channel,One-person,1 Day,Tuesday|Thursday
BS24,TKC01 South West O/N,Component Channel,One-person,1 Day,Tuesday|Thursday
BS25,TKC01 South West O/N,Component Channel,One-person,1 Day,Tuesday|Thursday
BS26,TKC01 South West O/N,Component Channel,One-person,1 Day,Tuesday|Thursday
BS27,TKC01 South West O/N,Component Channel,One-person,1 Day,Tuesday|Thursday
BS28,TKC01 South West O/N,Component Channel,One-person,1 Day,Tuesday|Thursday
BS29,TKC01 South West O/N,Component Channel,One-person,1 Day,Tuesday|Thursday
BS3,TKC01 South West O/N,Component Channel,One-person,1 Day,Tuesday|Thursday
BS30,TKC01 South West O/N,Component Channel,One-person,1 Day,Tuesday|Thursday
BS31,TKC01 South West O/N,Component Channel,One-person,1 Day,Tuesday|Thursday
BS32,TKC01 South West O/N,Component Channel,One-person,1 Day,Tuesday|Thursday
BS34,TKC01 South West O/N,Component Channel,One-person,1 Day,Tuesday|Thursday
BS35,TKC01 South West O/N,Component Channel,One-person,1 Day,Tuesday|Thursday
BS36,TKC01 South West O/N,Component Channel,One-person,1 Day,Tuesday|Thursday
BS37,TKC01 South West O/N,Component Channel,One-person,1 Day,Tuesday|Thursday
BS39,TKC01 South West O/N,Component Channel,One-person,1 Day,Tuesday|Thursday
BS4,TKC01 South West O/N,Component Channel,One-person,1 Day,Tuesday|Thursday
BS40,TKC01 South West O/N,Component Channel,One-person,1 Day,Tuesday|Thursday
BS41,TKC01 South West O/N,Component Channel,One-person,1 Day,Tuesday|Thursday
BS48,TKC01 South West O/N,Component Channel,One-person,1 Day,Tuesday|Thursday
BS49,TKC01 South West O/N,Component Channel,One-person,1 Day,Tuesday|Thursday
BS5,TKC01 South West O/N,Component Channel,One-person,1 Day,Tuesday|Thursday
BS6,TKC01 South West O/N,Component Channel,One-person,1 Day,Tuesday|Thursday
BS7,TKC01 South West O/N,Component Channel,One-person,1 Day,Tuesday|Thursday
BS77,TKC01 South West O/N,Component Channel,One-person,1 Day,Tuesday|Thursday
BS8,TKC01 South West O/N,Component Channel,One-person,1 Day,Tuesday|Thursday
BS80,TKC01 South West O/N,Component Channel,One-person,1 Day,Tuesday|Thursday
BS9,TKC01 South West O/N,Component Channel,One-person,1 Day,Tuesday|Thursday
BS98,TKC01 South West O/N,Component Channel,One-person,1 Day,Tuesday|Thursday
BS99,TKC01 South West O/N,Component Channel,One-person,1 Day,Tuesday|Thursday
DT7,TKC01 South West O/N,Component Channel,One-person,1 Day,Tuesday|Thursday
EX1,TKC01 South West O/N,Component Channel,One-person,1 Day,Tuesday|Thursday
EX10,TKC01 South West O/N,Component Channel,One-person,1 Day,Tuesday|Thursday
EX11,TKC01 South West O/N,Component Channel,One-person,1 Day,Tuesday|Thursday
EX12,TKC01 South West O/N,Component Channel,One-person,1 Day,Tuesday|Thursday
EX13,TKC01 South West O/N,Component Channel,One-person,1 Day,Tuesday|Thursday
EX14,TKC01 South West O/N,Component Channel,One-person,1 Day,Tuesday|Thursday
EX15,TKC01 South West O/N,Component Channel,One-person,1 Day,Tuesday|Thursday
EX16,TKC01 South West O/N,Component Channel,One-person,1 Day,Tuesday|Thursday
EX17,TKC01 South West O/N,Component Channel,One-person,1 Day,Tuesday|Thursday
EX2,TKC01 South West O/N,Component Channel,One-person,1 Day,Tuesday|Thursday
EX24,TKC01 South West O/N,Component Channel,One-person,1 Day,Tuesday|Thursday
EX3,TKC01 South West O/N,Component Channel,One-person,1 Day,Tuesday|Thursday
EX4,TKC01 South West O/N,Component Channel,One-person,1 Day,Tuesday|Thursday
EX5,TKC01 South West O/N,Component Channel,One-person,1 Day,Tuesday|Thursday
EX6,TKC01 South West O/N,Component Channel,One-person,1 Day,Tuesday|Thursday
EX7,TKC01 South West O/N,Component Channel,One-person,1 Day,Tuesday|Thursday
EX8,TKC01 South West O/N,Component Channel,One-person,1 Day,Tuesday|Thursday
EX9,TKC01 South West O/N,Component Channel,One-person,1 Day,Tuesday|Thursday
TA1,TKC01 South West O/N,Component Channel,One-person,1 Day,Tuesday|Thursday
TA2,TKC01 South West O/N,Component Channel,One-person,1 Day,Tuesday|Thursday
TA21,TKC01 South West O/N,Component Channel,One-person,1 Day,Tuesday|Thursday
TA22,TKC01 South West O/N,Component Channel,One-person,1 Day,Tuesday|Thursday
TA23,TKC01 South West O/N,Component Channel,One-person,1 Day,Tuesday|Thursday
TA24,TKC01 South West O/N,Component Channel,One-person,1 Day,Tuesday|Thursday
TA3,TKC01 South West O/N,Component Channel,One-person,1 Day,Tuesday|Thursday
TA4,TKC01 South West O/N,Component Channel,One-person,1 Day,Tuesday|Thursday
TA5,TKC01 South West O/N,Component Channel,One-person,1 Day,Tuesday|Thursday
TA6,TKC01 South West O/N,Component Channel,One-person,1 Day,Tuesday|Thursday
TA7,TKC01 South West O/N,Component Channel,One-person,1 Day,Tuesday|Thursday
TA8,TKC01 South West O/N,Component Channel,One-person,1 Day,Tuesday|Thursday
TA9,TKC01 South West O/N,Component Channel,One-person,1 Day,Tuesday|Thursday
TQ1,TKC01 South West O/N,Component Channel,One-person,1 Day,Tuesday|Thursday
TQ12,TKC01 South West O/N,Component Channel,One-person,1 Day,Tuesday|Thursday
TQ13,TKC01 South West O/N,Component Channel,One-person,1 Day,Tuesday|Thursday
TQ14,TKC01 South West O/N,Component Channel,One-person,1 Day,Tuesday|Thursday
TQ2,TKC01 South West O/N,Component Channel,One-person,1 Day,Tuesday|Thursday
TQ3,TKC01 South West O/N,Component Channel,One-person,1 Day,Tuesday|Thursday
TQ4,TKC01 South West O/N,Component Channel,One-person,1 Day,Tuesday|Thursday
TQ5,TKC01 South West O/N,Component Channel,One-person,1 Day,Tuesday|Thursday
BS0,TKC01 South West O/N,Jigsaw Channel,Two-person,5 Days,Tuesday|Thursday
BS1,TKC01 South West O/N,Jigsaw Channel,Two-person,5 Days,Tuesday|Thursday
BS10,TKC01 South West O/N,Jigsaw Channel,Two-person,5 Days,Tuesday|Thursday
BS11,TKC01 South West O/N,Jigsaw Channel,Two-person,5 Days,Tuesday|Thursday
BS12,TKC01 South West O/N,Jigsaw Channel,Two-person,5 Days,Tuesday|Thursday
BS13,TKC01 South West O/N,Jigsaw Channel,Two-person,5 Days,Tuesday|Thursday
BS14,TKC01 South West O/N,Jigsaw Channel,Two-person,5 Days,Tuesday|Thursday
BS15,TKC01 South West O/N,Jigsaw Channel,Two-person,5 Days,Tuesday|Thursday
BS16,TKC01 South West O/N,Jigsaw Channel,Two-person,5 Days,Tuesday|Thursday
BS17,TKC01 South West O/N,Jigsaw Channel,Two-person,5 Days,Tuesday|Thursday
BS18,TKC01 South West O/N,Jigsaw Channel,Two-person,5 Days,Tuesday|Thursday
BS19,TKC01 South West O/N,Jigsaw Channel,Two-person,5 Days,Tuesday|Thursday
BS2,TKC01 South West O/N,Jigsaw Channel,Two-person,5 Days,Tuesday|Thursday
BS20,TKC01 South West O/N,Jigsaw Channel,Two-person,5 Days,Tuesday|Thursday
BS21,TKC01 South West O/N,Jigsaw Channel,Two-person,5 Days,Tuesday|Thursday
BS22,TKC01 South West O/N,Jigsaw Channel,Two-person,5 Days,Tuesday|Thursday
BS23,TKC01 South West O/N,Jigsaw Channel,Two-person,5 Days,Tuesday|Thursday
BS24,TKC01 South West O/N,Jigsaw Channel,Two-person,5 Days,Tuesday|Thursday
BS25,TKC01 South West O/N,Jigsaw Channel,Two-person,5 Days,Tuesday|Thursday
BS26,TKC01 South West O/N,Jigsaw Channel,Two-person,5 Days,Tuesday|Thursday
BS27,TKC01 South West O/N,Jigsaw Channel,Two-person,5 Days,Tuesday|Thursday
BS28,TKC01 South West O/N,Jigsaw Channel,Two-person,5 Days,Tuesday|Thursday
BS29,TKC01 South West O/N,Jigsaw Channel,Two-person,5 Days,Tuesday|Thursday
BS3,TKC01 South West O/N,Jigsaw Channel,Two-person,5 Days,Tuesday|Thursday
BS30,TKC01 South West O/N,Jigsaw Channel,Two-person,5 Days,Tuesday|Thursday
BS31,TKC01 South West O/N,Jigsaw Channel,Two-person,5 Days,Tuesday|Thursday
BS32,TKC01 South West O/N,Jigsaw Channel,Two-person,5 Days,Tuesday|Thursday
BS34,TKC01 South West O/N,Jigsaw Channel,Two-person,5 Days,Tuesday|Thursday
BS35,TKC01 South West O/N,Jigsaw Channel,Two-person,5 Days,Tuesday|Thursday
BS36,TKC01 South West O/N,Jigsaw Channel,Two-person,5 Days,Tuesday|Thursday
BS37,TKC01 South West O/N,Jigsaw Channel,Two-person,5 Days,Tuesday|Thursday
BS39,TKC01 South West O/N,Jigsaw Channel,Two-person,5 Days,Tuesday|Thursday
BS4,TKC01 South West O/N,Jigsaw Channel,Two-person,5 Days,Tuesday|Thursday
BS40,TKC01 South West O/N,Jigsaw Channel,Two-person,5 Days,Tuesday|Thursday
BS41,TKC01 South West O/N,Jigsaw Channel,Two-person,5 Days,Tuesday|Thursday
BS48,TKC01 South West O/N,Jigsaw Channel,Two-person,5 Days,Tuesday|Thursday
BS49,TKC01 South West O/N,Jigsaw Channel,Two-person,5 Days,Tuesday|Thursday
BS5,TKC01 South West O/N,Jigsaw Channel,Two-person,5 Days,Tuesday|Thursday
BS6,TKC01 South West O/N,Jigsaw Channel,Two-person,5 Days,Tuesday|Thursday
BS7,TKC01 South West O/N,Jigsaw Channel,Two-person,5 Days,Tuesday|Thursday
BS77,TKC01 South West O/N,Jigsaw Channel,Two-person,5 Days,Tuesday|Thursday
BS8,TKC01 South West O/N,Jigsaw Channel,Two-person,5 Days,Tuesday|Thursday
BS80,TKC01 South West O/N,Jigsaw Channel,Two-person,5 Days,Tuesday|Thursday
BS9,TKC01 South West O/N,Jigsaw Channel,Two-person,5 Days,Tuesday|Thursday
BS98,TKC01 South West O/N,Jigsaw Channel,Two-person,5 Days,Tuesday|Thursday
BS99,TKC01 South West O/N,Jigsaw Channel,Two-person,5 Days,Tuesday|Thursday
DT7,TKC01 South West O/N,Jigsaw Channel,Two-person,5 Days,Tuesday|Thursday
EX1,TKC01 South West O/N,Jigsaw Channel,Two-person,5 Days,Tuesday|Thursday
EX10,TKC01 South West O/N,Jigsaw Channel,Two-person,5 Days,Tuesday|Thursday
EX11,TKC01 South West O/N,Jigsaw Channel,Two-person,5 Days,Tuesday|Thursday
EX12,TKC01 South West O/N,Jigsaw Channel,Two-person,5 Days,Tuesday|Thursday
EX13,TKC01 South West O/N,Jigsaw Channel,Two-person,5 Days,Tuesday|Thursday
EX14,TKC01 South West O/N,Jigsaw Channel,Two-person,5 Days,Tuesday|Thursday
EX15,TKC01 South West O/N,Jigsaw Channel,Two-person,5 Days,Tuesday|Thursday
EX16,TKC01 South West O/N,Jigsaw Channel,Two-person,5 Days,Tuesday|Thursday
EX17,TKC01 South West O/N,Jigsaw Channel,Two-person,5 Days,Tuesday|Thursday
EX2,TKC01 South West O/N,Jigsaw Channel,Two-person,5 Days,Tuesday|Thursday
EX24,TKC01 South West O/N,Jigsaw Channel,Two-person,5 Days,Tuesday|Thursday
EX3,TKC01 South West O/N,Jigsaw Channel,Two-person,5 Days,Tuesday|Thursday
EX4,TKC01 South West O/N,Jigsaw Channel,Two-person,5 Days,Tuesday|Thursday
EX5,TKC01 South West O/N,Jigsaw Channel,Two-person,5 Days,Tuesday|Thursday
EX6,TKC01 South West O/N,Jigsaw Channel,Two-person,5 Days,Tuesday|Thursday
EX7,TKC01 South West O/N,Jigsaw Channel,Two-person,5 Days,Tuesday|Thursday
EX8,TKC01 South West O/N,Jigsaw Channel,Two-person,5 Days,Tuesday|Thursday
EX9,TKC01 South West O/N,Jigsaw Channel,Two-person,5 Days,Tuesday|Thursday
TA1,TKC01 South West O/N,Jigsaw Channel,Two-person,5 Days,Tuesday|Thursday
TA2,TKC01 South West O/N,Jigsaw Channel,Two-person,5 Days,Tuesday|Thursday
TA21,TKC01 South West O/N,Jigsaw Channel,Two-person,5 Days,Tuesday|Thursday
TA22,TKC01 South West O/N,Jigsaw Channel,Two-person,5 Days,Tuesday|Thursday
TA23,TKC01 South West O/N,Jigsaw Channel,Two-person,5 Days,Tuesday|Thursday
TA24,TKC01 South West O/N,Jigsaw Channel,Two-person,5 Days,Tuesday|Thursday
TA3,TKC01 South West O/N,Jigsaw Channel,Two-person,5 Days,Tuesday|Thursday
TA4,TKC01 South West O/N,Jigsaw Channel,Two-person,5 Days,Tuesday|Thursday
TA5,TKC01 South West O/N,Jigsaw Channel,Two-person,5 Days,Tuesday|Thursday
TA6,TKC01 South West O/N,Jigsaw Channel,Two-person,5 Days,Tuesday|Thursday
TA7,TKC01 South West O/N,Jigsaw Channel,Two-person,5 Days,Tuesday|Thursday
TA8,TKC01 South West O/N,Jigsaw Channel,Two-person,5 Days,Tuesday|Thursday
TA9,TKC01 South West O/N,Jigsaw Channel,Two-person,5 Days,Tuesday|Thursday
TQ1,TKC01 South West O/N,Jigsaw Channel,Two-person,5 Days,Tuesday|Thursday
TQ12,TKC01 South West O/N,Jigsaw Channel,Two-person,5 Days,Tuesday|Thursday
TQ13,TKC01 South West O/N,Jigsaw Channel,Two-person,5 Days,Tuesday|Thursday
TQ14,TKC01 South West O/N,Jigsaw Channel,Two-person,5 Days,Tuesday|Thursday
TQ2,TKC01 South West O/N,Jigsaw Channel,Two-person,5 Days,Tuesday|Thursday
TQ3,TKC01 South West O/N,Jigsaw Channel,Two-person,5 Days,Tuesday|Thursday
TQ4,TKC01 South West O/N,Jigsaw Channel,Two-person,5 Days,Tuesday|Thursday
TQ5,TKC01 South West O/N,Jigsaw Channel,Two-person,5 Days,Tuesday|Thursday
BS0,TKC01 South West O/N,Merchant Channel,Two-person,5 Days,Tuesday|Thursday
BS1,TKC01 South West O/N,Merchant Channel,Two-person,5 Days,Tuesday|Thursday
BS10,TKC01 South West O/N,Merchant Channel,Two-person,5 Days,Tuesday|Thursday
BS11,TKC01 South West O/N,Merchant Channel,Two-person,5 Days,Tuesday|Thursday
BS12,TKC01 South West O/N,Merchant Channel,Two-person,5 Days,Tuesday|Thursday
BS13,TKC01 South West O/N,Merchant Channel,Two-person,5 Days,Tuesday|Thursday
BS14,TKC01 South West O/N,Merchant Channel,Two-person,5 Days,Tuesday|Thursday
BS15,TKC01 South West O/N,Merchant Channel,Two-person,5 Days,Tuesday|Thursday
BS16,TKC01 South West O/N,Merchant Channel,Two-person,5 Days,Tuesday|Thursday
BS17,TKC01 South West O/N,Merchant Channel,Two-person,5 Days,Tuesday|Thursday
BS18,TKC01 South West O/N,Merchant Channel,Two-person,5 Days,Tuesday|Thursday
BS19,TKC01 South West O/N,Merchant Channel,Two-person,5 Days,Tuesday|Thursday
BS2,TKC01 South West O/N,Merchant Channel,Two-person,5 Days,Tuesday|Thursday
BS20,TKC01 South West O/N,Merchant Channel,Two-person,5 Days,Tuesday|Thursday
BS21,TKC01 South West O/N,Merchant Channel,Two-person,5 Days,Tuesday|Thursday
BS22,TKC01 South West O/N,Merchant Channel,Two-person,5 Days,Tuesday|Thursday
BS23,TKC01 South West O/N,Merchant Channel,Two-person,5 Days,Tuesday|Thursday
BS24,TKC01 South West O/N,Merchant Channel,Two-person,5 Days,Tuesday|Thursday
BS25,TKC01 South West O/N,Merchant Channel,Two-person,5 Days,Tuesday|Thursday
BS26,TKC01 South West O/N,Merchant Channel,Two-person,5 Days,Tuesday|Thursday
BS27,TKC01 South West O/N,Merchant Channel,Two-person,5 Days,Tuesday|Thursday
BS28,TKC01 South West O/N,Merchant Channel,Two-person,5 Days,Tuesday|Thursday
BS29,TKC01 South West O/N,Merchant Channel,Two-person,5 Days,Tuesday|Thursday
BS3,TKC01 South West O/N,Merchant Channel,Two-person,5 Days,Tuesday|Thursday
BS30,TKC01 South West O/N,Merchant Channel,Two-person,5 Days,Tuesday|Thursday
BS31,TKC01 South West O/N,Merchant Channel,Two-person,5 Days,Tuesday|Thursday
BS32,TKC01 South West O/N,Merchant Channel,Two-person,5 Days,Tuesday|Thursday
BS34,TKC01 South West O/N,Merchant Channel,Two-person,5 Days,Tuesday|Thursday
BS35,TKC01 South West O/N,Merchant Channel,Two-person,5 Days,Tuesday|Thursday
BS36,TKC01 South West O/N,Merchant Channel,Two-person,5 Days,Tuesday|Thursday
BS37,TKC01 South West O/N,Merchant Channel,Two-person,5 Days,Tuesday|Thursday
BS39,TKC01 South West O/N,Merchant Channel,Two-person,5 Days,Tuesday|Thursday
BS4,TKC01 South West O/N,Merchant Channel,Two-person,5 Days,Tuesday|Thursday
BS40,TKC01 South West O/N,Merchant Channel,Two-person,5 Days,Tuesday|Thursday
BS41,TKC01 South West O/N,Merchant Channel,Two-person,5 Days,Tuesday|Thursday
BS48,TKC01 South West O/N,Merchant Channel,Two-person,5 Days,Tuesday|Thursday
BS49,TKC01 South West O/N,Merchant Channel,Two-person,5 Days,Tuesday|Thursday
BS5,TKC01 South West O/N,Merchant Channel,Two-person,5 Days,Tuesday|Thursday
BS6,TKC01 South West O/N,Merchant Channel,Two-person,5 Days,Tuesday|Thursday
BS7,TKC01 South West O/N,Merchant Channel,Two-person,5 Days,Tuesday|Thursday
BS77,TKC01 South West O/N,Merchant Channel,Two-person,5 Days,Tuesday|Thursday
BS8,TKC01 South West O/N,Merchant Channel,Two-person,5 Days,Tuesday|Thursday
BS80,TKC01 South West O/N,Merchant Channel,Two-person,5 Days,Tuesday|Thursday
BS9,TKC01 South West O/N,Merchant Channel,Two-person,5 Days,Tuesday|Thursday
BS98,TKC01 South West O/N,Merchant Channel,Two-person,5 Days,Tuesday|Thursday
BS99,TKC01 South West O/N,Merchant Channel,Two-person,5 Days,Tuesday|Thursday
DT7,TKC01 South West O/N,Merchant Channel,Two-person,5 Days,Tuesday|Thursday
EX1,TKC01 South West O/N,Merchant Channel,Two-person,5 Days,Tuesday|Thursday
EX10,TKC01 South West O/N,Merchant Channel,Two-person,5 Days,Tuesday|Thursday
EX11,TKC01 South West O/N,Merchant Channel,Two-person,5 Days,Tuesday|Thursday
EX12,TKC01 South West O/N,Merchant Channel,Two-person,5 Days,Tuesday|Thursday
EX13,TKC01 South West O/N,Merchant Channel,Two-person,5 Days,Tuesday|Thursday
EX14,TKC01 South West O/N,Merchant Channel,Two-person,5 Days,Tuesday|Thursday
EX15,TKC01 South West O/N,Merchant Channel,Two-person,5 Days,Tuesday|Thursday
EX16,TKC01 South West O/N,Merchant Channel,Two-person,5 Days,Tuesday|Thursday
EX17,TKC01 South West O/N,Merchant Channel,Two-person,5 Days,Tuesday|Thursday
EX2,TKC01 South West O/N,Merchant Channel,Two-person,5 Days,Tuesday|Thursday
EX24,TKC01 South West O/N,Merchant Channel,Two-person,5 Days,Tuesday|Thursday
EX3,TKC01 South West O/N,Merchant Channel,Two-person,5 Days,Tuesday|Thursday
EX4,TKC01 South West O/N,Merchant Channel,Two-person,5 Days,Tuesday|Thursday
EX5,TKC01 South West O/N,Merchant Channel,Two-person,5 Days,Tuesday|Thursday
EX6,TKC01 South West O/N,Merchant Channel,Two-person,5 Days,Tuesday|Thursday
EX7,TKC01 South West O/N,Merchant Channel,Two-person,5 Days,Tuesday|Thursday
EX8,TKC01 South West O/N,Merchant Channel,Two-person,5 Days,Tuesday|Thursday
EX9,TKC01 South West O/N,Merchant Channel,Two-person,5 Days,Tuesday|Thursday
TA1,TKC01 South West O/N,Merchant Channel,Two-person,5 Days,Tuesday|Thursday
TA2,TKC01 South West O/N,Merchant Channel,Two-person,5 Days,Tuesday|Thursday
TA21,TKC01 South West O/N,Merchant Channel,Two-person,5 Days,Tuesday|Thursday
TA22,TKC01 South West O/N,Merchant Channel,Two-person,5 Days,Tuesday|Thursday
TA23,TKC01 South West O/N,Merchant Channel,Two-person,5 Days,Tuesday|Thursday
TA24,TKC01 South West O/N,Merchant Channel,Two-person,5 Days,Tuesday|Thursday
TA3,TKC01 South West O/N,Merchant Channel,Two-person,5 Days,Tuesday|Thursday
TA4,TKC01 South West O/N,Merchant Channel,Two-person,5 Days,Tuesday|Thursday
TA5,TKC01 South West O/N,Merchant Channel,Two-person,5 Days,Tuesday|Thursday
TA6,TKC01 South West O/N,Merchant Channel,Two-person,5 Days,Tuesday|Thursday
TA7,TKC01 South West O/N,Merchant Channel,Two-person,5 Days,Tuesday|Thursday
TA8,TKC01 South West O/N,Merchant Channel,Two-person,5 Days,Tuesday|Thursday
TA9,TKC01 South West O/N,Merchant Channel,Two-person,5 Days,Tuesday|Thursday
TQ1,TKC01 South West O/N,Merchant Channel,Two-person,5 Days,Tuesday|Thursday
TQ12,TKC01 South West O/N,Merchant Channel,Two-person,5 Days,Tuesday|Thursday
TQ13,TKC01 South West O/N,Merchant Channel,Two-person,5 Days,Tuesday|Thursday
TQ14,TKC01 South West O/N,Merchant Channel,Two-person,5 Days,Tuesday|Thursday
TQ2,TKC01 South West O/N,Merchant Channel,Two-person,5 Days,Tuesday|Thursday
TQ3,TKC01 South West O/N,Merchant Channel,Two-person,5 Days,Tuesday|Thursday
TQ4,TKC01 South West O/N,Merchant Channel,Two-person,5 Days,Tuesday|Thursday
TQ5,TKC01 South West O/N,Merchant Channel,Two-person,5 Days,Tuesday|Thursday
BS0,TKC01 South West O/N,Retail Channel,Two-person,21 Days,Tuesday|Thursday
BS1,TKC01 South West O/N,Retail Channel,Two-person,21 Days,Tuesday|Thursday
BS10,TKC01 South West O/N,Retail Channel,Two-person,21 Days,Tuesday|Thursday
BS11,TKC01 South West O/N,Retail Channel,Two-person,21 Days,Tuesday|Thursday
BS12,TKC01 South West O/N,Retail Channel,Two-person,21 Days,Tuesday|Thursday
BS13,TKC01 South West O/N,Retail Channel,Two-person,21 Days,Tuesday|Thursday
BS14,TKC01 South West O/N,Retail Channel,Two-person,21 Days,Tuesday|Thursday
BS15,TKC01 South West O/N,Retail Channel,Two-person,21 Days,Tuesday|Thursday
BS16,TKC01 South West O/N,Retail Channel,Two-person,21 Days,Tuesday|Thursday
BS17,TKC01 South West O/N,Retail Channel,Two-person,21 Days,Tuesday|Thursday
BS18,TKC01 South West O/N,Retail Channel,Two-person,21 Days,Tuesday|Thursday
BS19,TKC01 South West O/N,Retail Channel,Two-person,21 Days,Tuesday|Thursday
BS2,TKC01 South West O/N,Retail Channel,Two-person,21 Days,Tuesday|Thursday
BS20,TKC01 South West O/N,Retail Channel,Two-person,21 Days,Tuesday|Thursday
BS21,TKC01 South West O/N,Retail Channel,Two-person,21 Days,Tuesday|Thursday
BS22,TKC01 South West O/N,Retail Channel,Two-person,21 Days,Tuesday|Thursday
BS23,TKC01 South West O/N,Retail Channel,Two-person,21 Days,Tuesday|Thursday
BS24,TKC01 South West O/N,Retail Channel,Two-person,21 Days,Tuesday|Thursday
BS25,TKC01 South West O/N,Retail Channel,Two-person,21 Days,Tuesday|Thursday
BS26,TKC01 South West O/N,Retail Channel,Two-person,21 Days,Tuesday|Thursday
BS27,TKC01 South West O/N,Retail Channel,Two-person,21 Days,Tuesday|Thursday
BS28,TKC01 South West O/N,Retail Channel,Two-person,21 Days,Tuesday|Thursday
BS29,TKC01 South West O/N,Retail Channel,Two-person,21 Days,Tuesday|Thursday
BS3,TKC01 South West O/N,Retail Channel,Two-person,21 Days,Tuesday|Thursday
BS30,TKC01 South West O/N,Retail Channel,Two-person,21 Days,Tuesday|Thursday
BS31,TKC01 South West O/N,Retail Channel,Two-person,21 Days,Tuesday|Thursday
BS32,TKC01 South West O/N,Retail Channel,Two-person,21 Days,Tuesday|Thursday
BS34,TKC01 South West O/N,Retail Channel,Two-person,21 Days,Tuesday|Thursday
BS35,TKC01 South West O/N,Retail Channel,Two-person,21 Days,Tuesday|Thursday
BS36,TKC01 South West O/N,Retail Channel,Two-person,21 Days,Tuesday|Thursday
BS37,TKC01 South West O/N,Retail Channel,Two-person,21 Days,Tuesday|Thursday
BS39,TKC01 South West O/N,Retail Channel,Two-person,21 Days,Tuesday|Thursday
BS4,TKC01 South West O/N,Retail Channel,Two-person,21 Days,Tuesday|Thursday
BS40,TKC01 South West O/N,Retail Channel,Two-person,21 Days,Tuesday|Thursday
BS41,TKC01 South West O/N,Retail Channel,Two-person,21 Days,Tuesday|Thursday
BS48,TKC01 South West O/N,Retail Channel,Two-person,21 Days,Tuesday|Thursday
BS49,TKC01 South West O/N,Retail Channel,Two-person,21 Days,Tuesday|Thursday
BS5,TKC01 South West O/N,Retail Channel,Two-person,21 Days,Tuesday|Thursday
BS6,TKC01 South West O/N,Retail Channel,Two-person,21 Days,Tuesday|Thursday
BS7,TKC01 South West O/N,Retail Channel,Two-person,21 Days,Tuesday|Thursday
BS77,TKC01 South West O/N,Retail Channel,Two-person,21 Days,Tuesday|Thursday
BS8,TKC01 South West O/N,Retail Channel,Two-person,21 Days,Tuesday|Thursday
BS80,TKC01 South West O/N,Retail Channel,Two-person,21 Days,Tuesday|Thursday
BS9,TKC01 South West O/N,Retail Channel,Two-person,21 Days,Tuesday|Thursday
BS98,TKC01 South West O/N,Retail Channel,Two-person,21 Days,Tuesday|Thursday
BS99,TKC01 South West O/N,Retail Channel,Two-person,21 Days,Tuesday|Thursday
DT7,TKC01 South West O/N,Retail Channel,Two-person,21 Days,Tuesday|Thursday
EX1,TKC01 South West O/N,Retail Channel,Two-person,21 Days,Tuesday|Thursday
EX10,TKC01 South West O/N,Retail Channel,Two-person,21 Days,Tuesday|Thursday
EX11,TKC01 South West O/N,Retail Channel,Two-person,21 Days,Tuesday|Thursday
EX12,TKC01 South West O/N,Retail Channel,Two-person,21 Days,Tuesday|Thursday
EX13,TKC01 South West O/N,Retail Channel,Two-person,21 Days,Tuesday|Thursday
EX14,TKC01 South West O/N,Retail Channel,Two-person,21 Days,Tuesday|Thursday
EX15,TKC01 South West O/N,Retail Channel,Two-person,21 Days,Tuesday|Thursday
EX16,TKC01 South West O/N,Retail Channel,Two-person,21 Days,Tuesday|Thursday
EX17,TKC01 South West O/N,Retail Channel,Two-person,21 Days,Tuesday|Thursday
EX2,TKC01 South West O/N,Retail Channel,Two-person,21 Days,Tuesday|Thursday
EX24,TKC01 South West O/N,Retail Channel,Two-person,21 Days,Tuesday|Thursday
EX3,TKC01 South West O/N,Retail Channel,Two-person,21 Days,Tuesday|Thursday
EX4,TKC01 South West O/N,Retail Channel,Two-person,21 Days,Tuesday|Thursday
EX5,TKC01 South West O/N,Retail Channel,Two-person,21 Days,Tuesday|Thursday
EX6,TKC01 South West O/N,Retail Channel,Two-person,21 Days,Tuesday|Thursday
EX7,TKC01 South West O/N,Retail Channel,Two-person,21 Days,Tuesday|Thursday
EX8,TKC01 South West O/N,Retail Channel,Two-person,21 Days,Tuesday|Thursday
EX9,TKC01 South West O/N,Retail Channel,Two-person,21 Days,Tuesday|Thursday
TA1,TKC01 South West O/N,Retail Channel,Two-person,21 Days,Tuesday|Thursday
TA2,TKC01 South West O/N,Retail Channel,Two-person,21 Days,Tuesday|Thursday
TA21,TKC01 South West O/N,Retail Channel,Two-person,21 Days,Tuesday|Thursday
TA22,TKC01 South West O/N,Retail Channel,Two-person,21 Days,Tuesday|Thursday
TA23,TKC01 South West O/N,Retail Channel,Two-person,21 Days,Tuesday|Thursday
TA24,TKC01 South West O/N,Retail Channel,Two-person,21 Days,Tuesday|Thursday
TA3,TKC01 South West O/N,Retail Channel,Two-person,21 Days,Tuesday|Thursday
TA4,TKC01 South West O/N,Retail Channel,Two-person,21 Days,Tuesday|Thursday
TA5,TKC01 South West O/N,Retail Channel,Two-person,21 Days,Tuesday|Thursday
TA6,TKC01 South West O/N,Retail Channel,Two-person,21 Days,Tuesday|Thursday
TA7,TKC01 South West O/N,Retail Channel,Two-person,21 Days,Tuesday|Thursday
TA8,TKC01 South West O/N,Retail Channel,Two-person,21 Days,Tuesday|Thursday
TA9,TKC01 South West O/N,Retail Channel,Two-person,21 Days,Tuesday|Thursday
TQ1,TKC01 South West O/N,Retail Channel,Two-person,21 Days,Tuesday|Thursday
TQ12,TKC01 South West O/N,Retail Channel,Two-person,21 Days,Tuesday|Thursday
TQ13,TKC01 South West O/N,Retail Channel,Two-person,21 Days,Tuesday|Thursday
TQ14,TKC01 South West O/N,Retail Channel,Two-person,21 Days,Tuesday|Thursday
TQ2,TKC01 South West O/N,Retail Channel,Two-person,21 Days,Tuesday|Thursday
TQ3,TKC01 South West O/N,Retail Channel,Two-person,21 Days,Tuesday|Thursday
TQ4,TKC01 South West O/N,Retail Channel,Two-person,21 Days,Tuesday|Thursday
TQ5,TKC01 South West O/N,Retail Channel,Two-person,21 Days,Tuesday|Thursday
DE45,TKC01 Stoke (A),Component Channel,One-person,1 Day,Tuesday|Wednesday|Friday
SK10,TKC01 Stoke (A),Component Channel,One-person,1 Day,Tuesday|Wednesday|Friday
SK11,TKC01 Stoke (A),Component Channel,One-person,1 Day,Tuesday|Wednesday|Friday
SK17,TKC01 Stoke (A),Component Channel,One-person,1 Day,Tuesday|Wednesday|Friday
ST1,TKC01 Stoke (B),Component Channel,One-person,1 Day,Wednesday|Friday
ST2,TKC01 Stoke (B),Component Channel,One-person,1 Day,Wednesday|Friday
ST3,TKC01 Stoke (B),Component Channel,One-person,1 Day,Wednesday|Friday
ST4,TKC01 Stoke (B),Component Channel,One-person,1 Day,Wednesday|Friday
ST5,TKC01 Stoke (B),Component Channel,One-person,1 Day,Wednesday|Friday
ST6,TKC01 Stoke (B),Component Channel,One-person,1 Day,Wednesday|Friday
ST7,TKC01 Stoke (B),Component Channel,One-person,1 Day,Wednesday|Friday
ST8,TKC01 Stoke (B),Component Channel,One-person,1 Day,Wednesday|Friday
ST9,TKC01 Stoke (B),Component Channel,One-person,1 Day,Wednesday|Friday
ST11,TKC01 Stoke (B),Component Channel,One-person,1 Day,Wednesday|Friday
ST12,TKC01 Stoke (B),Component Channel,One-person,1 Day,Wednesday|Friday
ST13,TKC01 Stoke (A),Component Channel,One-person,1 Day,Wednesday|Friday
ST10,TKC01 Stoke (C),Component Channel,One-person,1 Day,Tuesday|Thursday|Friday
ST14,TKC01 Stoke (C),Component Channel,One-person,1 Day,Tuesday|Thursday|Friday
DE45,TKC01 Stoke (A),Jigsaw Channel,Two-person,5 Days,Tuesday|Wednesday|Friday
SK10,TKC01 Stoke (A),Jigsaw Channel,Two-person,5 Days,Tuesday|Wednesday|Friday
SK11,TKC01 Stoke (A),Jigsaw Channel,Two-person,5 Days,Tuesday|Wednesday|Friday
SK17,TKC01 Stoke (A),Jigsaw Channel,Two-person,5 Days,Tuesday|Wednesday|Friday
ST1,TKC01 Stoke (B),Jigsaw Channel,Two-person,5 Days,Wednesday|Friday
ST2,TKC01 Stoke (B),Jigsaw Channel,Two-person,5 Days,Wednesday|Friday
ST3,TKC01 Stoke (B),Jigsaw Channel,Two-person,5 Days,Wednesday|Friday
ST4,TKC01 Stoke (B),Jigsaw Channel,Two-person,5 Days,Wednesday|Friday
ST5,TKC01 Stoke (B),Jigsaw Channel,Two-person,5 Days,Wednesday|Friday
ST6,TKC01 Stoke (B),Jigsaw Channel,Two-person,5 Days,Wednesday|Friday
ST7,TKC01 Stoke (B),Jigsaw Channel,Two-person,5 Days,Wednesday|Friday
ST8,TKC01 Stoke (B),Jigsaw Channel,Two-person,5 Days,Wednesday|Friday
ST9,TKC01 Stoke (B),Jigsaw Channel,Two-person,5 Days,Wednesday|Friday
ST11,TKC01 Stoke (B),Jigsaw Channel,Two-person,5 Days,Wednesday|Friday
ST12,TKC01 Stoke (B),Jigsaw Channel,Two-person,5 Days,Wednesday|Friday
ST13,TKC01 Stoke (A),Jigsaw Channel,Two-person,5 Days,Tuesday|Wednesday|Friday
ST10,TKC01 Stoke (C),Jigsaw Channel,Two-person,5 Days,Tuesday|Wednesday|Friday
ST14,TKC01 Stoke (C),Jigsaw Channel,Two-person,5 Days,Tuesday|Wednesday|Friday
DE45,TKC01 Stoke (A),Merchant Channel,Two-person,5 Days,Tuesday|Wednesday|Friday
SK10,TKC01 Stoke (A),Merchant Channel,Two-person,5 Days,Tuesday|Wednesday|Friday
SK11,TKC01 Stoke (A),Merchant Channel,Two-person,5 Days,Tuesday|Wednesday|Friday
SK17,TKC01 Stoke (A),Merchant Channel,Two-person,5 Days,Tuesday|Wednesday|Friday
ST1,TKC01 Stoke (B),Merchant Channel,Two-person,5 Days,Tuesday|Wednesday|Friday
ST2,TKC01 Stoke (B),Merchant Channel,Two-person,5 Days,Tuesday|Wednesday|Friday
ST3,TKC01 Stoke (B),Merchant Channel,Two-person,5 Days,Tuesday|Wednesday|Friday
ST4,TKC01 Stoke (B),Merchant Channel,Two-person,5 Days,Tuesday|Wednesday|Friday
ST5,TKC01 Stoke (B),Merchant Channel,Two-person,5 Days,Tuesday|Wednesday|Friday
ST6,TKC01 Stoke (B),Merchant Channel,Two-person,5 Days,Tuesday|Wednesday|Friday
ST7,TKC01 Stoke (B),Merchant Channel,Two-person,5 Days,Tuesday|Wednesday|Friday
ST8,TKC01 Stoke (B),Merchant Channel,Two-person,5 Days,Tuesday|Wednesday|Friday
ST9,TKC01 Stoke (B),Merchant Channel,Two-person,5 Days,Tuesday|Wednesday|Friday
ST11,TKC01 Stoke (B),Merchant Channel,Two-person,5 Days,Tuesday|Wednesday|Friday
ST12,TKC01 Stoke (B),Merchant Channel,Two-person,5 Days,Tuesday|Wednesday|Friday
ST13,TKC01 Stoke (A),Merchant Channel,Two-person,5 Days,Tuesday|Wednesday|Friday
ST10,TKC01 Stoke (C),Merchant Channel,Two-person,5 Days,Tuesday|Wednesday|Friday
ST14,TKC01 Stoke (C),Merchant Channel,Two-person,5 Days,Tuesday|Wednesday|Friday
DE45,TKC01 Stoke (A),Retail Channel,Two-person,21 Days,Tuesday|Wednesday|Friday
SK10,TKC01 Stoke (A),Retail Channel,Two-person,21 Days,Tuesday|Wednesday|Friday
SK11,TKC01 Stoke (A),Retail Channel,Two-person,21 Days,Tuesday|Wednesday|Friday
SK17,TKC01 Stoke (A),Retail Channel,Two-person,21 Days,Tuesday|Wednesday|Friday
ST1,TKC01 Stoke (B),Retail Channel,Two-person,21 Days,Wednesday|Friday
ST2,TKC01 Stoke (B),Retail Channel,Two-person,21 Days,Wednesday|Friday
ST3,TKC01 Stoke (B),Retail Channel,Two-person,21 Days,Wednesday|Friday
ST4,TKC01 Stoke (B),Retail Channel,Two-person,21 Days,Wednesday|Friday
ST5,TKC01 Stoke (B),Retail Channel,Two-person,21 Days,Wednesday|Friday
ST6,TKC01 Stoke (B),Retail Channel,Two-person,21 Days,Wednesday|Friday
ST7,TKC01 Stoke (B),Retail Channel,Two-person,21 Days,Wednesday|Friday
ST8,TKC01 Stoke (B),Retail Channel,Two-person,21 Days,Wednesday|Friday
ST9,TKC01 Stoke (B),Retail Channel,Two-person,21 Days,Wednesday|Friday
ST11,TKC01 Stoke (B),Retail Channel,Two-person,21 Days,Wednesday|Friday
ST12,TKC01 Stoke (B),Retail Channel,Two-person,21 Days,Wednesday|Friday
ST13,TKC01 Stoke (A),Retail Channel,Two-person,21 Days,Tuesday|Wednesday|Friday
ST10,TKC01 Stoke (C),Retail Channel,Two-person,21 Days,Tuesday|Thursday|Friday
ST14,TKC01 Stoke (C),Retail Channel,Two-person,21 Days,Tuesday|Thursday|Friday
DH1,TKC01 Teeside,Component Channel,One-person,1 Day,Tuesday|Thursday
DH6,TKC01 Teeside,Component Channel,One-person,1 Day,Tuesday|Thursday
DH7,TKC01 Teeside,Component Channel,One-person,1 Day,Tuesday|Thursday
DL1,TKC01 Teeside,Component Channel,One-person,1 Day,Tuesday|Thursday
DL10,TKC01 Teeside,Component Channel,One-person,1 Day,Tuesday|Thursday
DL11,TKC01 Teeside,Component Channel,One-person,1 Day,Tuesday|Thursday
DL12,TKC01 Teeside,Component Channel,One-person,1 Day,Tuesday|Thursday
DL13,TKC01 Teeside,Component Channel,One-person,1 Day,Tuesday|Thursday
DL14,TKC01 Teeside,Component Channel,One-person,1 Day,Tuesday|Thursday
DL15,TKC01 Teeside,Component Channel,One-person,1 Day,Tuesday|Thursday
DL16,TKC01 Teeside,Component Channel,One-person,1 Day,Tuesday|Thursday
DL17,TKC01 Teeside,Component Channel,One-person,1 Day,Tuesday|Thursday
DL2,TKC01 Teeside,Component Channel,One-person,1 Day,Tuesday|Thursday
DL3,TKC01 Teeside,Component Channel,One-person,1 Day,Tuesday|Thursday
DL4,TKC01 Teeside,Component Channel,One-person,1 Day,Tuesday|Thursday
DL5,TKC01 Teeside,Component Channel,One-person,1 Day,Tuesday|Thursday
DL6,TKC01 Teeside,Component Channel,One-person,1 Day,Tuesday|Thursday
DL7,TKC01 Teeside,Component Channel,One-person,1 Day,Tuesday|Thursday
DL8,TKC01 Teeside,Component Channel,One-person,1 Day,Tuesday|Thursday
DL9,TKC01 Teeside,Component Channel,One-person,1 Day,Tuesday|Thursday
DL98,TKC01 Teeside,Component Channel,One-person,1 Day,Tuesday|Thursday
SR8,TKC01 Teeside,Component Channel,One-person,1 Day,Tuesday|Thursday
TS1,TKC01 Teeside,Component Channel,One-person,1 Day,Tuesday|Thursday
TS10,TKC01 Teeside,Component Channel,One-person,1 Day,Tuesday|Thursday
TS11,TKC01 Teeside,Component Channel,One-person,1 Day,Tuesday|Thursday
TS12,TKC01 Teeside,Component Channel,One-person,1 Day,Tuesday|Thursday
TS13,TKC01 Teeside,Component Channel,One-person,1 Day,Tuesday|Thursday
TS14,TKC01 Teeside,Component Channel,One-person,1 Day,Tuesday|Thursday
TS15,TKC01 Teeside,Component Channel,One-person,1 Day,Tuesday|Thursday
TS16,TKC01 Teeside,Component Channel,One-person,1 Day,Tuesday|Thursday
TS17,TKC01 Teeside,Component Channel,One-person,1 Day,Tuesday|Thursday
TS18,TKC01 Teeside,Component Channel,One-person,1 Day,Tuesday|Thursday
TS19,TKC01 Teeside,Component Channel,One-person,1 Day,Tuesday|Thursday
TS2,TKC01 Teeside,Component Channel,One-person,1 Day,Tuesday|Thursday
TS20,TKC01 Teeside,Component Channel,One-person,1 Day,Tuesday|Thursday
TS21,TKC01 Teeside,Component Channel,One-person,1 Day,Tuesday|Thursday
TS22,TKC01 Teeside,Component Channel,One-person,1 Day,Tuesday|Thursday
TS23,TKC01 Teeside,Component Channel,One-person,1 Day,Tuesday|Thursday
TS24,TKC01 Teeside,Component Channel,One-person,1 Day,Tuesday|Thursday
TS25,TKC01 Teeside,Component Channel,One-person,1 Day,Tuesday|Thursday
TS26,TKC01 Teeside,Component Channel,One-person,1 Day,Tuesday|Thursday
TS27,TKC01 Teeside,Component Channel,One-person,1 Day,Tuesday|Thursday
TS28,TKC01 Teeside,Component Channel,One-person,1 Day,Tuesday|Thursday
TS29,TKC01 Teeside,Component Channel,One-person,1 Day,Tuesday|Thursday
TS3,TKC01 Teeside,Component Channel,One-person,1 Day,Tuesday|Thursday
TS4,TKC01 Teeside,Component Channel,One-person,1 Day,Tuesday|Thursday
TS5,TKC01 Teeside,Component Channel,One-person,1 Day,Tuesday|Thursday
TS6,TKC01 Teeside,Component Channel,One-person,1 Day,Tuesday|Thursday
TS7,TKC01 Teeside,Component Channel,One-person,1 Day,Tuesday|Thursday
TS8,TKC01 Teeside,Component Channel,One-person,1 Day,Tuesday|Thursday
TS9,TKC01 Teeside,Component Channel,One-person,1 Day,Tuesday|Thursday
TS90,TKC01 Teeside,Component Channel,One-person,1 Day,Tuesday|Thursday
DH1,TKC01 Teeside,Jigsaw Channel,Two-person,5 Days,Tuesday|Thursday
DH6,TKC01 Teeside,Jigsaw Channel,Two-person,5 Days,Tuesday|Thursday
DH7,TKC01 Teeside,Jigsaw Channel,Two-person,5 Days,Tuesday|Thursday
DL1,TKC01 Teeside,Jigsaw Channel,Two-person,5 Days,Tuesday|Thursday
DL10,TKC01 Teeside,Jigsaw Channel,Two-person,5 Days,Tuesday|Thursday
DL11,TKC01 Teeside,Jigsaw Channel,Two-person,5 Days,Tuesday|Thursday
DL12,TKC01 Teeside,Jigsaw Channel,Two-person,5 Days,Tuesday|Thursday
DL13,TKC01 Teeside,Jigsaw Channel,Two-person,5 Days,Tuesday|Thursday
DL14,TKC01 Teeside,Jigsaw Channel,Two-person,5 Days,Tuesday|Thursday
DL15,TKC01 Teeside,Jigsaw Channel,Two-person,5 Days,Tuesday|Thursday
DL16,TKC01 Teeside,Jigsaw Channel,Two-person,5 Days,Tuesday|Thursday
DL17,TKC01 Teeside,Jigsaw Channel,Two-person,5 Days,Tuesday|Thursday
DL2,TKC01 Teeside,Jigsaw Channel,Two-person,5 Days,Tuesday|Thursday
DL3,TKC01 Teeside,Jigsaw Channel,Two-person,5 Days,Tuesday|Thursday
DL4,TKC01 Teeside,Jigsaw Channel,Two-person,5 Days,Tuesday|Thursday
DL5,TKC01 Teeside,Jigsaw Channel,Two-person,5 Days,Tuesday|Thursday
DL6,TKC01 Teeside,Jigsaw Channel,Two-person,5 Days,Tuesday|Thursday
DL7,TKC01 Teeside,Jigsaw Channel,Two-person,5 Days,Tuesday|Thursday
DL8,TKC01 Teeside,Jigsaw Channel,Two-person,5 Days,Tuesday|Thursday
DL9,TKC01 Teeside,Jigsaw Channel,Two-person,5 Days,Tuesday|Thursday
DL98,TKC01 Teeside,Jigsaw Channel,Two-person,5 Days,Tuesday|Thursday
SR8,TKC01 Teeside,Jigsaw Channel,Two-person,5 Days,Tuesday|Thursday
TS1,TKC01 Teeside,Jigsaw Channel,Two-person,5 Days,Tuesday|Thursday
TS10,TKC01 Teeside,Jigsaw Channel,Two-person,5 Days,Tuesday|Thursday
TS11,TKC01 Teeside,Jigsaw Channel,Two-person,5 Days,Tuesday|Thursday
TS12,TKC01 Teeside,Jigsaw Channel,Two-person,5 Days,Tuesday|Thursday
TS13,TKC01 Teeside,Jigsaw Channel,Two-person,5 Days,Tuesday|Thursday
TS14,TKC01 Teeside,Jigsaw Channel,Two-person,5 Days,Tuesday|Thursday
TS15,TKC01 Teeside,Jigsaw Channel,Two-person,5 Days,Tuesday|Thursday
TS16,TKC01 Teeside,Jigsaw Channel,Two-person,5 Days,Tuesday|Thursday
TS17,TKC01 Teeside,Jigsaw Channel,Two-person,5 Days,Tuesday|Thursday
TS18,TKC01 Teeside,Jigsaw Channel,Two-person,5 Days,Tuesday|Thursday
TS19,TKC01 Teeside,Jigsaw Channel,Two-person,5 Days,Tuesday|Thursday
TS2,TKC01 Teeside,Jigsaw Channel,Two-person,5 Days,Tuesday|Thursday
TS20,TKC01 Teeside,Jigsaw Channel,Two-person,5 Days,Tuesday|Thursday
TS21,TKC01 Teeside,Jigsaw Channel,Two-person,5 Days,Tuesday|Thursday
TS22,TKC01 Teeside,Jigsaw Channel,Two-person,5 Days,Tuesday|Thursday
TS23,TKC01 Teeside,Jigsaw Channel,Two-person,5 Days,Tuesday|Thursday
TS24,TKC01 Teeside,Jigsaw Channel,Two-person,5 Days,Tuesday|Thursday
TS25,TKC01 Teeside,Jigsaw Channel,Two-person,5 Days,Tuesday|Thursday
TS26,TKC01 Teeside,Jigsaw Channel,Two-person,5 Days,Tuesday|Thursday
TS27,TKC01 Teeside,Jigsaw Channel,Two-person,5 Days,Tuesday|Thursday
TS28,TKC01 Teeside,Jigsaw Channel,Two-person,5 Days,Tuesday|Thursday
TS29,TKC01 Teeside,Jigsaw Channel,Two-person,5 Days,Tuesday|Thursday
TS3,TKC01 Teeside,Jigsaw Channel,Two-person,5 Days,Tuesday|Thursday
TS4,TKC01 Teeside,Jigsaw Channel,Two-person,5 Days,Tuesday|Thursday
TS5,TKC01 Teeside,Jigsaw Channel,Two-person,5 Days,Tuesday|Thursday
TS6,TKC01 Teeside,Jigsaw Channel,Two-person,5 Days,Tuesday|Thursday
TS7,TKC01 Teeside,Jigsaw Channel,Two-person,5 Days,Tuesday|Thursday
TS8,TKC01 Teeside,Jigsaw Channel,Two-person,5 Days,Tuesday|Thursday
TS9,TKC01 Teeside,Jigsaw Channel,Two-person,5 Days,Tuesday|Thursday
TS90,TKC01 Teeside,Jigsaw Channel,Two-person,5 Days,Tuesday|Thursday
DH1,TKC01 Teeside,Merchant Channel,Two-person,5 Days,Tuesday|Thursday
DH6,TKC01 Teeside,Merchant Channel,Two-person,5 Days,Tuesday|Thursday
DH7,TKC01 Teeside,Merchant Channel,Two-person,5 Days,Tuesday|Thursday
DL1,TKC01 Teeside,Merchant Channel,Two-person,5 Days,Tuesday|Thursday
DL10,TKC01 Teeside,Merchant Channel,Two-person,5 Days,Tuesday|Thursday
DL11,TKC01 Teeside,Merchant Channel,Two-person,5 Days,Tuesday|Thursday
DL12,TKC01 Teeside,Merchant Channel,Two-person,5 Days,Tuesday|Thursday
DL13,TKC01 Teeside,Merchant Channel,Two-person,5 Days,Tuesday|Thursday
DL14,TKC01 Teeside,Merchant Channel,Two-person,5 Days,Tuesday|Thursday
DL15,TKC01 Teeside,Merchant Channel,Two-person,5 Days,Tuesday|Thursday
DL16,TKC01 Teeside,Merchant Channel,Two-person,5 Days,Tuesday|Thursday
DL17,TKC01 Teeside,Merchant Channel,Two-person,5 Days,Tuesday|Thursday
DL2,TKC01 Teeside,Merchant Channel,Two-person,5 Days,Tuesday|Thursday
DL3,TKC01 Teeside,Merchant Channel,Two-person,5 Days,Tuesday|Thursday
DL4,TKC01 Teeside,Merchant Channel,Two-person,5 Days,Tuesday|Thursday
DL5,TKC01 Teeside,Merchant Channel,Two-person,5 Days,Tuesday|Thursday
DL6,TKC01 Teeside,Merchant Channel,Two-person,5 Days,Tuesday|Thursday
DL7,TKC01 Teeside,Merchant Channel,Two-person,5 Days,Tuesday|Thursday
DL8,TKC01 Teeside,Merchant Channel,Two-person,5 Days,Tuesday|Thursday
DL9,TKC01 Teeside,Merchant Channel,Two-person,5 Days,Tuesday|Thursday
DL98,TKC01 Teeside,Merchant Channel,Two-person,5 Days,Tuesday|Thursday
SR8,TKC01 Teeside,Merchant Channel,Two-person,5 Days,Tuesday|Thursday
TS1,TKC01 Teeside,Merchant Channel,Two-person,5 Days,Tuesday|Thursday
TS10,TKC01 Teeside,Merchant Channel,Two-person,5 Days,Tuesday|Thursday
TS11,TKC01 Teeside,Merchant Channel,Two-person,5 Days,Tuesday|Thursday
TS12,TKC01 Teeside,Merchant Channel,Two-person,5 Days,Tuesday|Thursday
TS13,TKC01 Teeside,Merchant Channel,Two-person,5 Days,Tuesday|Thursday
TS14,TKC01 Teeside,Merchant Channel,Two-person,5 Days,Tuesday|Thursday
TS15,TKC01 Teeside,Merchant Channel,Two-person,5 Days,Tuesday|Thursday
TS16,TKC01 Teeside,Merchant Channel,Two-person,5 Days,Tuesday|Thursday
TS17,TKC01 Teeside,Merchant Channel,Two-person,5 Days,Tuesday|Thursday
TS18,TKC01 Teeside,Merchant Channel,Two-person,5 Days,Tuesday|Thursday
TS19,TKC01 Teeside,Merchant Channel,Two-person,5 Days,Tuesday|Thursday
TS2,TKC01 Teeside,Merchant Channel,Two-person,5 Days,Tuesday|Thursday
TS20,TKC01 Teeside,Merchant Channel,Two-person,5 Days,Tuesday|Thursday
TS21,TKC01 Teeside,Merchant Channel,Two-person,5 Days,Tuesday|Thursday
TS22,TKC01 Teeside,Merchant Channel,Two-person,5 Days,Tuesday|Thursday
TS23,TKC01 Teeside,Merchant Channel,Two-person,5 Days,Tuesday|Thursday
TS24,TKC01 Teeside,Merchant Channel,Two-person,5 Days,Tuesday|Thursday
TS25,TKC01 Teeside,Merchant Channel,Two-person,5 Days,Tuesday|Thursday
TS26,TKC01 Teeside,Merchant Channel,Two-person,5 Days,Tuesday|Thursday
TS27,TKC01 Teeside,Merchant Channel,Two-person,5 Days,Tuesday|Thursday
TS28,TKC01 Teeside,Merchant Channel,Two-person,5 Days,Tuesday|Thursday
TS29,TKC01 Teeside,Merchant Channel,Two-person,5 Days,Tuesday|Thursday
TS3,TKC01 Teeside,Merchant Channel,Two-person,5 Days,Tuesday|Thursday
TS4,TKC01 Teeside,Merchant Channel,Two-person,5 Days,Tuesday|Thursday
TS5,TKC01 Teeside,Merchant Channel,Two-person,5 Days,Tuesday|Thursday
TS6,TKC01 Teeside,Merchant Channel,Two-person,5 Days,Tuesday|Thursday
TS7,TKC01 Teeside,Merchant Channel,Two-person,5 Days,Tuesday|Thursday
TS8,TKC01 Teeside,Merchant Channel,Two-person,5 Days,Tuesday|Thursday
TS9,TKC01 Teeside,Merchant Channel,Two-person,5 Days,Tuesday|Thursday
TS90,TKC01 Teeside,Merchant Channel,Two-person,5 Days,Tuesday|Thursday
DH1,TKC01 Teeside,Retail Channel,Two-person,21 Days,Tuesday|Thursday
DH6,TKC01 Teeside,Retail Channel,Two-person,21 Days,Tuesday|Thursday
DH7,TKC01 Teeside,Retail Channel,Two-person,21 Days,Tuesday|Thursday
DL1,TKC01 Teeside,Retail Channel,Two-person,21 Days,Tuesday|Thursday
DL10,TKC01 Teeside,Retail Channel,Two-person,21 Days,Tuesday|Thursday
DL11,TKC01 Teeside,Retail Channel,Two-person,21 Days,Tuesday|Thursday
DL12,TKC01 Teeside,Retail Channel,Two-person,21 Days,Tuesday|Thursday
DL13,TKC01 Teeside,Retail Channel,Two-person,21 Days,Tuesday|Thursday
DL14,TKC01 Teeside,Retail Channel,Two-person,21 Days,Tuesday|Thursday
DL15,TKC01 Teeside,Retail Channel,Two-person,21 Days,Tuesday|Thursday
DL16,TKC01 Teeside,Retail Channel,Two-person,21 Days,Tuesday|Thursday
DL17,TKC01 Teeside,Retail Channel,Two-person,21 Days,Tuesday|Thursday
DL2,TKC01 Teeside,Retail Channel,Two-person,21 Days,Tuesday|Thursday
DL3,TKC01 Teeside,Retail Channel,Two-person,21 Days,Tuesday|Thursday
DL4,TKC01 Teeside,Retail Channel,Two-person,21 Days,Tuesday|Thursday
DL5,TKC01 Teeside,Retail Channel,Two-person,21 Days,Tuesday|Thursday
DL6,TKC01 Teeside,Retail Channel,Two-person,21 Days,Tuesday|Thursday
DL7,TKC01 Teeside,Retail Channel,Two-person,21 Days,Tuesday|Thursday
DL8,TKC01 Teeside,Retail Channel,Two-person,21 Days,Tuesday|Thursday
DL9,TKC01 Teeside,Retail Channel,Two-person,21 Days,Tuesday|Thursday
DL98,TKC01 Teeside,Retail Channel,Two-person,21 Days,Tuesday|Thursday
SR8,TKC01 Teeside,Retail Channel,Two-person,21 Days,Tuesday|Thursday
TS1,TKC01 Teeside,Retail Channel,Two-person,21 Days,Tuesday|Thursday
TS10,TKC01 Teeside,Retail Channel,Two-person,21 Days,Tuesday|Thursday
TS11,TKC01 Teeside,Retail Channel,Two-person,21 Days,Tuesday|Thursday
TS12,TKC01 Teeside,Retail Channel,Two-person,21 Days,Tuesday|Thursday
TS13,TKC01 Teeside,Retail Channel,Two-person,21 Days,Tuesday|Thursday
TS14,TKC01 Teeside,Retail Channel,Two-person,21 Days,Tuesday|Thursday
TS15,TKC01 Teeside,Retail Channel,Two-person,21 Days,Tuesday|Thursday
TS16,TKC01 Teeside,Retail Channel,Two-person,21 Days,Tuesday|Thursday
TS17,TKC01 Teeside,Retail Channel,Two-person,21 Days,Tuesday|Thursday
TS18,TKC01 Teeside,Retail Channel,Two-person,21 Days,Tuesday|Thursday
TS19,TKC01 Teeside,Retail Channel,Two-person,21 Days,Tuesday|Thursday
TS2,TKC01 Teeside,Retail Channel,Two-person,21 Days,Tuesday|Thursday
TS20,TKC01 Teeside,Retail Channel,Two-person,21 Days,Tuesday|Thursday
TS21,TKC01 Teeside,Retail Channel,Two-person,21 Days,Tuesday|Thursday
TS22,TKC01 Teeside,Retail Channel,Two-person,21 Days,Tuesday|Thursday
TS23,TKC01 Teeside,Retail Channel,Two-person,21 Days,Tuesday|Thursday
TS24,TKC01 Teeside,Retail Channel,Two-person,21 Days,Tuesday|Thursday
TS25,TKC01 Teeside,Retail Channel,Two-person,21 Days,Tuesday|Thursday
TS26,TKC01 Teeside,Retail Channel,Two-person,21 Days,Tuesday|Thursday
TS27,TKC01 Teeside,Retail Channel,Two-person,21 Days,Tuesday|Thursday
TS28,TKC01 Teeside,Retail Channel,Two-person,21 Days,Tuesday|Thursday
TS29,TKC01 Teeside,Retail Channel,Two-person,21 Days,Tuesday|Thursday
TS3,TKC01 Teeside,Retail Channel,Two-person,21 Days,Tuesday|Thursday
TS4,TKC01 Teeside,Retail Channel,Two-person,21 Days,Tuesday|Thursday
TS5,TKC01 Teeside,Retail Channel,Two-person,21 Days,Tuesday|Thursday
TS6,TKC01 Teeside,Retail Channel,Two-person,21 Days,Tuesday|Thursday
TS7,TKC01 Teeside,Retail Channel,Two-person,21 Days,Tuesday|Thursday
TS8,TKC01 Teeside,Retail Channel,Two-person,21 Days,Tuesday|Thursday
TS9,TKC01 Teeside,Retail Channel,Two-person,21 Days,Tuesday|Thursday
TS90,TKC01 Teeside,Retail Channel,Two-person,21 Days,Tuesday|Thursday
BL5,TKC01 West Lancs (A),Component Channel,One-person,1 Day,Tuesday|Wednesday|Thursday|Friday
BL6,TKC01 West Lancs (A),Component Channel,One-person,1 Day,Tuesday|Wednesday|Thursday|Friday
L39,TKC01 West Lancs (B),Component Channel,One-person,1 Day,Tuesday|Thursday|Friday
L40,TKC01 West Lancs (B),Component Channel,One-person,1 Day,Tuesday|Thursday|Friday
M29,TKC01 West Lancs (A),Component Channel,One-person,1 Day,Tuesday|Wednesday|Thursday|Friday
M46,TKC01 West Lancs (A),Component Channel,One-person,1 Day,Tuesday|Wednesday|Thursday|Friday
PR25,TKC01 West Lancs (B),Component Channel,One-person,1 Day,Tuesday|Thursday|Friday
PR26,TKC01 West Lancs (B),Component Channel,One-person,1 Day,Tuesday|Thursday|Friday
PR5,TKC01 West Lancs (B),Component Channel,One-person,1 Day,Tuesday|Thursday|Friday
PR6,TKC01 West Lancs (B),Component Channel,One-person,1 Day,Tuesday|Thursday|Friday
PR7,TKC01 West Lancs (B),Component Channel,One-person,1 Day,Tuesday|Thursday|Friday
PR8,TKC01 West Lancs (B),Component Channel,One-person,1 Day,Tuesday|Thursday|Friday
PR9,TKC01 West Lancs (B),Component Channel,One-person,1 Day,Tuesday|Thursday|Friday
WA1,TKC01 West Lancs (A),Component Channel,One-person,1 Day,Tuesday|Wednesday|Thursday|Friday
WA10,TKC01 West Lancs (A),Component Channel,One-person,1 Day,Tuesday|Wednesday|Thursday|Friday
WA11,TKC01 West Lancs (A),Component Channel,One-person,1 Day,Tuesday|Wednesday|Thursday|Friday
WA12,TKC01 West Lancs (A),Component Channel,One-person,1 Day,Tuesday|Wednesday|Thursday|Friday
WA2,TKC01 West Lancs (A),Component Channel,One-person,1 Day,Tuesday|Wednesday|Thursday|Friday
WA3,TKC01 West Lancs (A),Component Channel,One-person,1 Day,Tuesday|Wednesday|Thursday|Friday
WA5,TKC01 West Lancs (A),Component Channel,One-person,1 Day,Tuesday|Wednesday|Thursday|Friday
WA9,TKC01 West Lancs (A),Component Channel,One-person,1 Day,Tuesday|Wednesday|Thursday|Friday
WA4,TKC01 West Lancs (C),Component Channel,One-person,1 Day,Wednesday|Friday
WA6,TKC01 West Lancs (C),Component Channel,One-person,1 Day,Wednesday|Friday
WA7,TKC01 West Lancs (C),Component Channel,One-person,1 Day,Wednesday|Friday
WA13,TKC01 West Lancs (C),Component Channel,One-person,1 Day,Wednesday|Friday
WN1,TKC01 West Lancs (A),Component Channel,One-person,1 Day,Tuesday|Wednesday|Thursday|Friday
WN2,TKC01 West Lancs (A),Component Channel,One-person,1 Day,Tuesday|Wednesday|Thursday|Friday
WN3,TKC01 West Lancs (A),Component Channel,One-person,1 Day,Tuesday|Wednesday|Thursday|Friday
WN4,TKC01 West Lancs (A),Component Channel,One-person,1 Day,Tuesday|Wednesday|Thursday|Friday
WN5,TKC01 West Lancs (A),Component Channel,One-person,1 Day,Tuesday|Wednesday|Thursday|Friday
WN7,TKC01 West Lancs (A),Component Channel,One-person,1 Day,Tuesday|Wednesday|Thursday|Friday
WN6,TKC01 West Lancs (B),Component Channel,One-person,1 Day,Tuesday|Thursday|Friday
WN8,TKC01 West Lancs (B),Component Channel,One-person,1 Day,Tuesday|Thursday|Friday
BL5,TKC01 West Lancs (A),Jigsaw Channel,Two-person,5 Days,Tuesday|Wednesday|Thursday|Friday
BL6,TKC01 West Lancs (A),Jigsaw Channel,Two-person,5 Days,Tuesday|Wednesday|Thursday|Friday
L39,TKC01 West Lancs (B),Jigsaw Channel,Two-person,5 Days,Tuesday|Wednesday|Thursday|Friday
L40,TKC01 West Lancs (B),Jigsaw Channel,Two-person,5 Days,Tuesday|Wednesday|Thursday|Friday
M29,TKC01 West Lancs (A),Jigsaw Channel,Two-person,5 Days,Tuesday|Wednesday|Thursday|Friday
M46,TKC01 West Lancs (A),Jigsaw Channel,Two-person,5 Days,Tuesday|Wednesday|Thursday|Friday
PR25,TKC01 West Lancs (B),Jigsaw Channel,Two-person,5 Days,Tuesday|Wednesday|Thursday|Friday
PR26,TKC01 West Lancs (B),Jigsaw Channel,Two-person,5 Days,Tuesday|Wednesday|Thursday|Friday
PR5,TKC01 West Lancs (B),Jigsaw Channel,Two-person,5 Days,Tuesday|Wednesday|Thursday|Friday
PR6,TKC01 West Lancs (B),Jigsaw Channel,Two-person,5 Days,Tuesday|Wednesday|Thursday|Friday
PR7,TKC01 West Lancs (B),Jigsaw Channel,Two-person,5 Days,Tuesday|Wednesday|Thursday|Friday
PR8,TKC01 West Lancs (B),Jigsaw Channel,Two-person,5 Days,Tuesday|Wednesday|Thursday|Friday
PR9,TKC01 West Lancs (B),Jigsaw Channel,Two-person,5 Days,Tuesday|Wednesday|Thursday|Friday
WA1,TKC01 West Lancs (A),Jigsaw Channel,Two-person,5 Days,Tuesday|Wednesday|Thursday|Friday
WA10,TKC01 West Lancs (A),Jigsaw Channel,Two-person,5 Days,Tuesday|Wednesday|Thursday|Friday
WA11,TKC01 West Lancs (A),Jigsaw Channel,Two-person,5 Days,Tuesday|Wednesday|Thursday|Friday
WA12,TKC01 West Lancs (A),Jigsaw Channel,Two-person,5 Days,Tuesday|Wednesday|Thursday|Friday
WA2,TKC01 West Lancs (A),Jigsaw Channel,Two-person,5 Days,Tuesday|Wednesday|Thursday|Friday
WA3,TKC01 West Lancs (A),Jigsaw Channel,Two-person,5 Days,Tuesday|Wednesday|Thursday|Friday
WA5,TKC01 West Lancs (A),Jigsaw Channel,Two-person,5 Days,Tuesday|Wednesday|Thursday|Friday
WA9,TKC01 West Lancs (A),Jigsaw Channel,Two-person,5 Days,Tuesday|Wednesday|Thursday|Friday
WA4,TKC01 West Lancs (C),Jigsaw Channel,Two-person,5 Days,Wednesday|Friday
WA6,TKC01 West Lancs (C),Jigsaw Channel,Two-person,5 Days,Wednesday|Friday
WA7,TKC01 West Lancs (C),Jigsaw Channel,Two-person,5 Days,Wednesday|Friday
WA13,TKC01 West Lancs (C),Jigsaw Channel,Two-person,5 Days,Wednesday|Friday
WN1,TKC01 West Lancs (A),Jigsaw Channel,Two-person,5 Days,Tuesday|Wednesday|Thursday|Friday
WN2,TKC01 West Lancs (A),Jigsaw Channel,Two-person,5 Days,Tuesday|Wednesday|Thursday|Friday
WN3,TKC01 West Lancs (A),Jigsaw Channel,Two-person,5 Days,Tuesday|Wednesday|Thursday|Friday
WN4,TKC01 West Lancs (A),Jigsaw Channel,Two-person,5 Days,Tuesday|Wednesday|Thursday|Friday
WN5,TKC01 West Lancs (A),Jigsaw Channel,Two-person,5 Days,Tuesday|Wednesday|Thursday|Friday
WN7,TKC01 West Lancs (A),Jigsaw Channel,Two-person,5 Days,Tuesday|Wednesday|Thursday|Friday
WN6,TKC01 West Lancs (B),Jigsaw Channel,Two-person,5 Days,Tuesday|Thursday|Friday
WN8,TKC01 West Lancs (B),Jigsaw Channel,Two-person,5 Days,Tuesday|Thursday|Friday
BL5,TKC01 West Lancs (A),Merchant Channel,Two-person,5 Days,Tuesday|Wednesday|Thursday|Friday
BL6,TKC01 West Lancs (A),Merchant Channel,Two-person,5 Days,Tuesday|Wednesday|Thursday|Friday
L39,TKC01 West Lancs (B),Merchant Channel,Two-person,5 Days,Tuesday|Thursday|Friday
L40,TKC01 West Lancs (B),Merchant Channel,Two-person,5 Days,Tuesday|Thursday|Friday
M29,TKC01 West Lancs (A),Merchant Channel,Two-person,5 Days,Tuesday|Wednesday|Thursday|Friday
M46,TKC01 West Lancs (A),Merchant Channel,Two-person,5 Days,Tuesday|Wednesday|Thursday|Friday
PR25,TKC01 West Lancs (B),Merchant Channel,Two-person,5 Days,Tuesday|Thursday|Friday
PR26,TKC01 West Lancs (B),Merchant Channel,Two-person,5 Days,Tuesday|Thursday|Friday
PR5,TKC01 West Lancs (B),Merchant Channel,Two-person,5 Days,Tuesday|Thursday|Friday
PR6,TKC01 West Lancs (B),Merchant Channel,Two-person,5 Days,Tuesday|Thursday|Friday
PR7,TKC01 West Lancs (B),Merchant Channel,Two-person,5 Days,Tuesday|Thursday|Friday
PR8,TKC01 West Lancs (B),Merchant Channel,Two-person,5 Days,Tuesday|Thursday|Friday
PR9,TKC01 West Lancs (B),Merchant Channel,Two-person,5 Days,Tuesday|Thursday|Friday
WA1,TKC01 West Lancs (A),Merchant Channel,Two-person,5 Days,Tuesday|Wednesday|Thursday|Friday
WA10,TKC01 West Lancs (A),Merchant Channel,Two-person,5 Days,Tuesday|Wednesday|Thursday|Friday
WA11,TKC01 West Lancs (A),Merchant Channel,Two-person,5 Days,Tuesday|Wednesday|Thursday|Friday
WA12,TKC01 West Lancs (A),Merchant Channel,Two-person,5 Days,Tuesday|Wednesday|Thursday|Friday
WA2,TKC01 West Lancs (A),Merchant Channel,Two-person,5 Days,Tuesday|Wednesday|Thursday|Friday
WA3,TKC01 West Lancs (A),Merchant Channel,Two-person,5 Days,Tuesday|Wednesday|Thursday|Friday
WA5,TKC01 West Lancs (A),Merchant Channel,Two-person,5 Days,Tuesday|Wednesday|Thursday|Friday
WA9,TKC01 West Lancs (A),Merchant Channel,Two-person,5 Days,Tuesday|Wednesday|Thursday|Friday
WA4,TKC01 West Lancs (C),Merchant Channel,Two-person,5 Days,Wednesday|Friday
WA6,TKC01 West Lancs (C),Merchant Channel,Two-person,5 Days,Wednesday|Friday
WA7,TKC01 West Lancs (C),Merchant Channel,Two-person,5 Days,Wednesday|Friday
WA13,TKC01 West Lancs (C),Merchant Channel,Two-person,5 Days,Wednesday|Friday
WN1,TKC01 West Lancs (A),Merchant Channel,Two-person,5 Days,Tuesday|Wednesday|Thursday|Friday
WN2,TKC01 West Lancs (A),Merchant Channel,Two-person,5 Days,Tuesday|Wednesday|Thursday|Friday
WN3,TKC01 West Lancs (A),Merchant Channel,Two-person,5 Days,Tuesday|Wednesday|Thursday|Friday
WN4,TKC01 West Lancs (A),Merchant Channel,Two-person,5 Days,Tuesday|Wednesday|Thursday|Friday
WN5,TKC01 West Lancs (A),Merchant Channel,Two-person,5 Days,Tuesday|Wednesday|Thursday|Friday
WN7,TKC01 West Lancs (A),Merchant Channel,Two-person,5 Days,Tuesday|Wednesday|Thursday|Friday
WN6,TKC01 West Lancs (B),Merchant Channel,Two-person,5 Days,Tuesday|Thursday|Friday
WN8,TKC01 West Lancs (B),Merchant Channel,Two-person,5 Days,Tuesday|Thursday|Friday
BL5,TKC01 West Lancs (A),Retail Channel,Two-person,21 Days,Tuesday|Wednesday|Thursday|Friday
BL6,TKC01 West Lancs (A),Retail Channel,Two-person,21 Days,Tuesday|Wednesday|Thursday|Friday
L39,TKC01 West Lancs (B),Retail Channel,Two-person,21 Days,Tuesday|Thursday|Friday
L40,TKC01 West Lancs (B),Retail Channel,Two-person,21 Days,Tuesday|Thursday|Friday
M29,TKC01 West Lancs (A),Retail Channel,Two-person,21 Days,Tuesday|Wednesday|Thursday|Friday
M46,TKC01 West Lancs (A),Retail Channel,Two-person,21 Days,Tuesday|Wednesday|Thursday|Friday
PR25,TKC01 West Lancs (B),Retail Channel,Two-person,21 Days,Tuesday|Thursday|Friday
PR26,TKC01 West Lancs (B),Retail Channel,Two-person,21 Days,Tuesday|Thursday|Friday
PR5,TKC01 West Lancs (B),Retail Channel,Two-person,21 Days,Tuesday|Thursday|Friday
PR6,TKC01 West Lancs (B),Retail Channel,Two-person,21 Days,Tuesday|Thursday|Friday
PR7,TKC01 West Lancs (B),Retail Channel,Two-person,21 Days,Tuesday|Thursday|Friday
PR8,TKC01 West Lancs (B),Retail Channel,Two-person,21 Days,Tuesday|Thursday|Friday
PR9,TKC01 West Lancs (B),Retail Channel,Two-person,21 Days,Tuesday|Thursday|Friday
WA1,TKC01 West Lancs (A),Retail Channel,Two-person,21 Days,Tuesday|Wednesday|Thursday|Friday
WA10,TKC01 West Lancs (A),Retail Channel,Two-person,21 Days,Tuesday|Wednesday|Thursday|Friday
WA11,TKC01 West Lancs (A),Retail Channel,Two-person,21 Days,Tuesday|Wednesday|Thursday|Friday
WA12,TKC01 West Lancs (A),Retail Channel,Two-person,21 Days,Tuesday|Wednesday|Thursday|Friday
WA2,TKC01 West Lancs (A),Retail Channel,Two-person,21 Days,Tuesday|Wednesday|Thursday|Friday
WA3,TKC01 West Lancs (A),Retail Channel,Two-person,21 Days,Tuesday|Wednesday|Thursday|Friday
WA5,TKC01 West Lancs (A),Retail Channel,Two-person,21 Days,Tuesday|Wednesday|Thursday|Friday
WA9,TKC01 West Lancs (A),Retail Channel,Two-person,21 Days,Tuesday|Wednesday|Thursday|Friday
WA4,TKC01 West Lancs (C),Retail Channel,Two-person,21 Days,Wednesday|Friday
WA6,TKC01 West Lancs (C),Retail Channel,Two-person,21 Days,Wednesday|Friday
WA7,TKC01 West Lancs (C),Retail Channel,Two-person,21 Days,Wednesday|Friday
WA13,TKC01 West Lancs (C),Retail Channel,Two-person,21 Days,Wednesday|Friday
WN1,TKC01 West Lancs (A),Retail Channel,Two-person,21 Days,Tuesday|Wednesday|Thursday|Friday
WN2,TKC01 West Lancs (A),Retail Channel,Two-person,21 Days,Tuesday|Wednesday|Thursday|Friday
WN3,TKC01 West Lancs (A),Retail Channel,Two-person,21 Days,Tuesday|Wednesday|Thursday|Friday
WN4,TKC01 West Lancs (A),Retail Channel,Two-person,21 Days,Tuesday|Wednesday|Thursday|Friday
WN5,TKC01 West Lancs (A),Retail Channel,Two-person,21 Days,Tuesday|Wednesday|Thursday|Friday
WN7,TKC01 West Lancs (A),Retail Channel,Two-person,21 Days,Tuesday|Wednesday|Thursday|Friday
WN6,TKC01 West Lancs (B),Retail Channel,Two-person,21 Days,Tuesday|Thursday|Friday
WN8,TKC01 West Lancs (B),Retail Channel,Two-person,21 Days,Tuesday|Thursday|Friday
HG1,TKC01 York (A),Component Channel,One-person,1 Day,Tuesday|Friday
HG2,TKC01 York (A),Component Channel,One-person,1 Day,Tuesday|Friday
HG3,TKC01 York (A),Component Channel,One-person,1 Day,Tuesday|Friday
HG4,TKC01 York (A),Component Channel,One-person,1 Day,Tuesday|Friday
HG5,TKC01 York (A),Component Channel,One-person,1 Day,Tuesday|Friday
YO1,TKC01 York (B),Component Channel,One-person,1 Day,Wednesday|Thursday|Friday
YO10,TKC01 York (B),Component Channel,One-person,1 Day,Wednesday|Thursday|Friday
YO11,TKC01 York (B),Component Channel,One-person,1 Day,Wednesday|Thursday|Friday
YO12,TKC01 York (B),Component Channel,One-person,1 Day,Wednesday|Thursday|Friday
YO13,TKC01 York (B),Component Channel,One-person,1 Day,Wednesday|Thursday|Friday
YO14,TKC01 York (B),Component Channel,One-person,1 Day,Wednesday|Thursday|Friday
YO15,TKC01 York (B),Component Channel,One-person,1 Day,Wednesday|Thursday|Friday
YO16,TKC01 York (B),Component Channel,One-person,1 Day,Wednesday|Thursday|Friday
YO17,TKC01 York (B),Component Channel,One-person,1 Day,Wednesday|Thursday|Friday
YO18,TKC01 York (B),Component Channel,One-person,1 Day,Wednesday|Thursday|Friday
YO19,TKC01 York (B),Component Channel,One-person,1 Day,Wednesday|Thursday|Friday
YO2,TKC01 York (B),Component Channel,One-person,1 Day,Wednesday|Thursday|Friday
YO21,TKC01 York (B),Component Channel,One-person,1 Day,Wednesday|Thursday|Friday
YO22,TKC01 York (B),Component Channel,One-person,1 Day,Wednesday|Thursday|Friday
YO23,TKC01 York (B),Component Channel,One-person,1 Day,Wednesday|Thursday|Friday
YO24,TKC01 York (B),Component Channel,One-person,1 Day,Wednesday|Thursday|Friday
YO25,TKC01 York (B),Component Channel,One-person,1 Day,Wednesday|Thursday|Friday
YO26,TKC01 York (B),Component Channel,One-person,1 Day,Wednesday|Thursday|Friday
YO3,TKC01 York (B),Component Channel,One-person,1 Day,Wednesday|Thursday|Friday
YO30,TKC01 York (B),Component Channel,One-person,1 Day,Wednesday|Thursday|Friday
YO31,TKC01 York (B),Component Channel,One-person,1 Day,Wednesday|Thursday|Friday
YO32,TKC01 York (B),Component Channel,One-person,1 Day,Wednesday|Thursday|Friday
YO4,TKC01 York (B),Component Channel,One-person,1 Day,Wednesday|Thursday|Friday
YO41,TKC01 York (B),Component Channel,One-person,1 Day,Wednesday|Thursday|Friday
YO42,TKC01 York (B),Component Channel,One-person,1 Day,Wednesday|Thursday|Friday
YO43,TKC01 York (B),Component Channel,One-person,1 Day,Wednesday|Thursday|Friday
YO5,TKC01 York (B),Component Channel,One-person,1 Day,Wednesday|Thursday|Friday
YO51,TKC01 York (B),Component Channel,One-person,1 Day,Wednesday|Thursday|Friday
YO6,TKC01 York (B),Component Channel,One-person,1 Day,Wednesday|Thursday|Friday
YO60,TKC01 York (B),Component Channel,One-person,1 Day,Wednesday|Thursday|Friday
YO61,TKC01 York (B),Component Channel,One-person,1 Day,Wednesday|Thursday|Friday
YO62,TKC01 York (B),Component Channel,One-person,1 Day,Wednesday|Thursday|Friday
YO7,TKC01 York (B),Component Channel,One-person,1 Day,Wednesday|Thursday|Friday
YO8,TKC01 York (B),Component Channel,One-person,1 Day,Wednesday|Thursday|Friday
YO90,TKC01 York (B),Component Channel,One-person,1 Day,Wednesday|Thursday|Friday
YO91,TKC01 York (B),Component Channel,One-person,1 Day,Wednesday|Thursday|Friday
YO95,TKC01 York (B),Component Channel,One-person,1 Day,Wednesday|Thursday|Friday
HG1,TKC01 York (A),Jigsaw Channel,Two-person,5 Days,Tuesday|Friday
HG2,TKC01 York (A),Jigsaw Channel,Two-person,5 Days,Tuesday|Friday
HG3,TKC01 York (A),Jigsaw Channel,Two-person,5 Days,Tuesday|Friday
HG4,TKC01 York (A),Jigsaw Channel,Two-person,5 Days,Tuesday|Friday
HG5,TKC01 York (A),Jigsaw Channel,Two-person,5 Days,Tuesday|Friday
YO1,TKC01 York (B),Jigsaw Channel,Two-person,5 Days,Wednesday|Thursday|Friday
YO10,TKC01 York (B),Jigsaw Channel,Two-person,5 Days,Wednesday|Thursday|Friday
YO11,TKC01 York (B),Jigsaw Channel,Two-person,5 Days,Wednesday|Thursday|Friday
YO12,TKC01 York (B),Jigsaw Channel,Two-person,5 Days,Wednesday|Thursday|Friday
YO13,TKC01 York (B),Jigsaw Channel,Two-person,5 Days,Wednesday|Thursday|Friday
YO14,TKC01 York (B),Jigsaw Channel,Two-person,5 Days,Wednesday|Thursday|Friday
YO15,TKC01 York (B),Jigsaw Channel,Two-person,5 Days,Wednesday|Thursday|Friday
YO16,TKC01 York (B),Jigsaw Channel,Two-person,5 Days,Wednesday|Thursday|Friday
YO17,TKC01 York (B),Jigsaw Channel,Two-person,5 Days,Wednesday|Thursday|Friday
YO18,TKC01 York (B),Jigsaw Channel,Two-person,5 Days,Wednesday|Thursday|Friday
YO19,TKC01 York (B),Jigsaw Channel,Two-person,5 Days,Wednesday|Thursday|Friday
YO2,TKC01 York (B),Jigsaw Channel,Two-person,5 Days,Wednesday|Thursday|Friday
YO21,TKC01 York (B),Jigsaw Channel,Two-person,5 Days,Wednesday|Thursday|Friday
YO22,TKC01 York (B),Jigsaw Channel,Two-person,5 Days,Wednesday|Thursday|Friday
YO23,TKC01 York (B),Jigsaw Channel,Two-person,5 Days,Wednesday|Thursday|Friday
YO24,TKC01 York (B),Jigsaw Channel,Two-person,5 Days,Wednesday|Thursday|Friday
YO25,TKC01 York (B),Jigsaw Channel,Two-person,5 Days,Wednesday|Thursday|Friday
YO26,TKC01 York (B),Jigsaw Channel,Two-person,5 Days,Wednesday|Thursday|Friday
YO3,TKC01 York (B),Jigsaw Channel,Two-person,5 Days,Wednesday|Thursday|Friday
YO30,TKC01 York (B),Jigsaw Channel,Two-person,5 Days,Wednesday|Thursday|Friday
YO31,TKC01 York (B),Jigsaw Channel,Two-person,5 Days,Wednesday|Thursday|Friday
YO32,TKC01 York (B),Jigsaw Channel,Two-person,5 Days,Wednesday|Thursday|Friday
YO4,TKC01 York (B),Jigsaw Channel,Two-person,5 Days,Wednesday|Thursday|Friday
YO41,TKC01 York (B),Jigsaw Channel,Two-person,5 Days,Wednesday|Thursday|Friday
YO42,TKC01 York (B),Jigsaw Channel,Two-person,5 Days,Wednesday|Thursday|Friday
YO43,TKC01 York (B),Jigsaw Channel,Two-person,5 Days,Wednesday|Thursday|Friday
YO5,TKC01 York (B),Jigsaw Channel,Two-person,5 Days,Wednesday|Thursday|Friday
YO51,TKC01 York (B),Jigsaw Channel,Two-person,5 Days,Wednesday|Thursday|Friday
YO6,TKC01 York (B),Jigsaw Channel,Two-person,5 Days,Wednesday|Thursday|Friday
YO60,TKC01 York (B),Jigsaw Channel,Two-person,5 Days,Wednesday|Thursday|Friday
YO61,TKC01 York (B),Jigsaw Channel,Two-person,5 Days,Wednesday|Thursday|Friday
YO62,TKC01 York (B),Jigsaw Channel,Two-person,5 Days,Wednesday|Thursday|Friday
YO7,TKC01 York (B),Jigsaw Channel,Two-person,5 Days,Wednesday|Thursday|Friday
YO8,TKC01 York (B),Jigsaw Channel,Two-person,5 Days,Wednesday|Thursday|Friday
YO90,TKC01 York (B),Jigsaw Channel,Two-person,5 Days,Wednesday|Thursday|Friday
YO91,TKC01 York (B),Jigsaw Channel,Two-person,5 Days,Wednesday|Thursday|Friday
YO95,TKC01 York (B),Jigsaw Channel,Two-person,5 Days,Wednesday|Thursday|Friday
HG1,TKC01 York (A),Merchant Channel,Two-person,5 Days,Tuesday|Friday
HG2,TKC01 York (A),Merchant Channel,Two-person,5 Days,Tuesday|Friday
HG3,TKC01 York (A),Merchant Channel,Two-person,5 Days,Tuesday|Friday
HG4,TKC01 York (A),Merchant Channel,Two-person,5 Days,Tuesday|Friday
HG5,TKC01 York (A),Merchant Channel,Two-person,5 Days,Tuesday|Friday
YO1,TKC01 York (B),Merchant Channel,Two-person,5 Days,Wednesday|Thursday|Friday
YO10,TKC01 York (B),Merchant Channel,Two-person,5 Days,Wednesday|Thursday|Friday
YO11,TKC01 York (B),Merchant Channel,Two-person,5 Days,Wednesday|Thursday|Friday
YO12,TKC01 York (B),Merchant Channel,Two-person,5 Days,Wednesday|Thursday|Friday
YO13,TKC01 York (B),Merchant Channel,Two-person,5 Days,Wednesday|Thursday|Friday
YO14,TKC01 York (B),Merchant Channel,Two-person,5 Days,Wednesday|Thursday|Friday
YO15,TKC01 York (B),Merchant Channel,Two-person,5 Days,Wednesday|Thursday|Friday
YO16,TKC01 York (B),Merchant Channel,Two-person,5 Days,Wednesday|Thursday|Friday
YO17,TKC01 York (B),Merchant Channel,Two-person,5 Days,Wednesday|Thursday|Friday
YO18,TKC01 York (B),Merchant Channel,Two-person,5 Days,Wednesday|Thursday|Friday
YO19,TKC01 York (B),Merchant Channel,Two-person,5 Days,Wednesday|Thursday|Friday
YO2,TKC01 York (B),Merchant Channel,Two-person,5 Days,Wednesday|Thursday|Friday
YO21,TKC01 York (B),Merchant Channel,Two-person,5 Days,Wednesday|Thursday|Friday
YO22,TKC01 York (B),Merchant Channel,Two-person,5 Days,Wednesday|Thursday|Friday
YO23,TKC01 York (B),Merchant Channel,Two-person,5 Days,Wednesday|Thursday|Friday
YO24,TKC01 York (B),Merchant Channel,Two-person,5 Days,Wednesday|Thursday|Friday
YO25,TKC01 York (B),Merchant Channel,Two-person,5 Days,Wednesday|Thursday|Friday
YO26,TKC01 York (B),Merchant Channel,Two-person,5 Days,Wednesday|Thursday|Friday
YO3,TKC01 York (B),Merchant Channel,Two-person,5 Days,Wednesday|Thursday|Friday
YO30,TKC01 York (B),Merchant Channel,Two-person,5 Days,Wednesday|Thursday|Friday
YO31,TKC01 York (B),Merchant Channel,Two-person,5 Days,Wednesday|Thursday|Friday
YO32,TKC01 York (B),Merchant Channel,Two-person,5 Days,Wednesday|Thursday|Friday
YO4,TKC01 York (B),Merchant Channel,Two-person,5 Days,Wednesday|Thursday|Friday
YO41,TKC01 York (B),Merchant Channel,Two-person,5 Days,Wednesday|Thursday|Friday
YO42,TKC01 York (B),Merchant Channel,Two-person,5 Days,Wednesday|Thursday|Friday
YO43,TKC01 York (B),Merchant Channel,Two-person,5 Days,Wednesday|Thursday|Friday
YO5,TKC01 York (B),Merchant Channel,Two-person,5 Days,Wednesday|Thursday|Friday
YO51,TKC01 York (B),Merchant Channel,Two-person,5 Days,Wednesday|Thursday|Friday
YO6,TKC01 York (B),Merchant Channel,Two-person,5 Days,Wednesday|Thursday|Friday
YO60,TKC01 York (B),Merchant Channel,Two-person,5 Days,Wednesday|Thursday|Friday
YO61,TKC01 York (B),Merchant Channel,Two-person,5 Days,Wednesday|Thursday|Friday
YO62,TKC01 York (B),Merchant Channel,Two-person,5 Days,Wednesday|Thursday|Friday
YO7,TKC01 York (B),Merchant Channel,Two-person,5 Days,Wednesday|Thursday|Friday
YO8,TKC01 York (B),Merchant Channel,Two-person,5 Days,Wednesday|Thursday|Friday
YO90,TKC01 York (B),Merchant Channel,Two-person,5 Days,Wednesday|Thursday|Friday
YO91,TKC01 York (B),Merchant Channel,Two-person,5 Days,Wednesday|Thursday|Friday
YO95,TKC01 York (B),Merchant Channel,Two-person,5 Days,Wednesday|Thursday|Friday
HG1,TKC01 York (A),Retail Channel,Two-person,21 Days,Tuesday|Friday
HG2,TKC01 York (A),Retail Channel,Two-person,21 Days,Tuesday|Friday
HG3,TKC01 York (A),Retail Channel,Two-person,21 Days,Tuesday|Friday
HG4,TKC01 York (A),Retail Channel,Two-person,21 Days,Tuesday|Friday
HG5,TKC01 York (A),Retail Channel,Two-person,21 Days,Tuesday|Friday
YO1,TKC01 York (B),Retail Channel,Two-person,21 Days,Wednesday|Thursday|Friday
YO10,TKC01 York (B),Retail Channel,Two-person,21 Days,Wednesday|Thursday|Friday
YO11,TKC01 York (B),Retail Channel,Two-person,21 Days,Wednesday|Thursday|Friday
YO12,TKC01 York (B),Retail Channel,Two-person,21 Days,Wednesday|Thursday|Friday
YO13,TKC01 York (B),Retail Channel,Two-person,21 Days,Wednesday|Thursday|Friday
YO14,TKC01 York (B),Retail Channel,Two-person,21 Days,Wednesday|Thursday|Friday
YO15,TKC01 York (B),Retail Channel,Two-person,21 Days,Wednesday|Thursday|Friday
YO16,TKC01 York (B),Retail Channel,Two-person,21 Days,Wednesday|Thursday|Friday
YO17,TKC01 York (B),Retail Channel,Two-person,21 Days,Wednesday|Thursday|Friday
YO18,TKC01 York (B),Retail Channel,Two-person,21 Days,Wednesday|Thursday|Friday
YO19,TKC01 York (B),Retail Channel,Two-person,21 Days,Wednesday|Thursday|Friday
YO2,TKC01 York (B),Retail Channel,Two-person,21 Days,Wednesday|Thursday|Friday
YO21,TKC01 York (B),Retail Channel,Two-person,21 Days,Wednesday|Thursday|Friday
YO22,TKC01 York (B),Retail Channel,Two-person,21 Days,Wednesday|Thursday|Friday
YO23,TKC01 York (B),Retail Channel,Two-person,21 Days,Wednesday|Thursday|Friday
YO24,TKC01 York (B),Retail Channel,Two-person,21 Days,Wednesday|Thursday|Friday
YO25,TKC01 York (B),Retail Channel,Two-person,21 Days,Wednesday|Thursday|Friday
YO26,TKC01 York (B),Retail Channel,Two-person,21 Days,Wednesday|Thursday|Friday
YO3,TKC01 York (B),Retail Channel,Two-person,21 Days,Wednesday|Thursday|Friday
YO30,TKC01 York (B),Retail Channel,Two-person,21 Days,Wednesday|Thursday|Friday
YO31,TKC01 York (B),Retail Channel,Two-person,21 Days,Wednesday|Thursday|Friday
YO32,TKC01 York (B),Retail Channel,Two-person,21 Days,Wednesday|Thursday|Friday
YO4,TKC01 York (B),Retail Channel,Two-person,21 Days,Wednesday|Thursday|Friday
YO41,TKC01 York (B),Retail Channel,Two-person,21 Days,Wednesday|Thursday|Friday
YO42,TKC01 York (B),Retail Channel,Two-person,21 Days,Wednesday|Thursday|Friday
YO43,TKC01 York (B),Retail Channel,Two-person,21 Days,Wednesday|Thursday|Friday
YO5,TKC01 York (B),Retail Channel,Two-person,21 Days,Wednesday|Thursday|Friday
YO51,TKC01 York (B),Retail Channel,Two-person,21 Days,Wednesday|Thursday|Friday
YO6,TKC01 York (B),Retail Channel,Two-person,21 Days,Wednesday|Thursday|Friday
YO60,TKC01 York (B),Retail Channel,Two-person,21 Days,Wednesday|Thursday|Friday
YO61,TKC01 York (B),Retail Channel,Two-person,21 Days,Wednesday|Thursday|Friday
YO62,TKC01 York (B),Retail Channel,Two-person,21 Days,Wednesday|Thursday|Friday
YO7,TKC01 York (B),Retail Channel,Two-person,21 Days,Wednesday|Thursday|Friday
YO8,TKC01 York (B),Retail Channel,Two-person,21 Days,Wednesday|Thursday|Friday
YO90,TKC01 York (B),Retail Channel,Two-person,21 Days,Wednesday|Thursday|Friday
YO91,TKC01 York (B),Retail Channel,Two-person,21 Days,Wednesday|Thursday|Friday
YO95,TKC01 York (B),Retail Channel,Two-person,21 Days,Wednesday|Thursday|Friday
CB1,TKC19 Colchester O/N,Component Channel,One-person,2 Days,Wednesday|Friday
CB10,TKC19 Colchester O/N,Component Channel,One-person,2 Days,Wednesday|Friday
CB2,TKC19 Colchester O/N,Component Channel,One-person,2 Days,Wednesday|Friday
CB21,TKC19 Colchester O/N,Component Channel,One-person,2 Days,Wednesday|Friday
CB22,TKC19 Colchester O/N,Component Channel,One-person,2 Days,Wednesday|Friday
CB23,TKC19 Colchester O/N,Component Channel,One-person,2 Days,Wednesday|Friday
CB24,TKC19 Colchester O/N,Component Channel,One-person,2 Days,Wednesday|Friday
CB25,TKC19 Colchester O/N,Component Channel,One-person,2 Days,Wednesday|Friday
CB3,TKC19 Colchester O/N,Component Channel,One-person,2 Days,Wednesday|Friday
CB4,TKC19 Colchester O/N,Component Channel,One-person,2 Days,Wednesday|Friday
CB5,TKC19 Colchester O/N,Component Channel,One-person,2 Days,Wednesday|Friday
CB8,TKC19 Colchester O/N,Component Channel,One-person,2 Days,Wednesday|Friday
CB9,TKC19 Colchester O/N,Component Channel,One-person,2 Days,Wednesday|Friday
CO8,TKC19 Colchester O/N,Component Channel,One-person,2 Days,Wednesday|Friday
CO9,TKC19 Colchester O/N,Component Channel,One-person,2 Days,Wednesday|Friday
CO10,TKC19 Colchester O/N,Component Channel,One-person,2 Days,Wednesday|Friday
IP1,TKC19 Colchester O/N,Component Channel,One-person,2 Days,Wednesday|Friday
IP10,TKC19 Colchester O/N,Component Channel,One-person,2 Days,Wednesday|Friday
IP11,TKC19 Colchester O/N,Component Channel,One-person,2 Days,Wednesday|Friday
IP12,TKC19 Colchester O/N,Component Channel,One-person,2 Days,Wednesday|Friday
IP14,TKC19 Colchester O/N,Component Channel,One-person,2 Days,Wednesday|Friday
IP2,TKC19 Colchester O/N,Component Channel,One-person,2 Days,Wednesday|Friday
IP29,TKC19 Colchester O/N,Component Channel,One-person,2 Days,Wednesday|Friday
IP3,TKC19 Colchester O/N,Component Channel,One-person,2 Days,Wednesday|Friday
IP30,TKC19 Colchester O/N,Component Channel,One-person,2 Days,Wednesday|Friday
IP4,TKC19 Colchester O/N,Component Channel,One-person,2 Days,Wednesday|Friday
IP5,TKC19 Colchester O/N,Component Channel,One-person,2 Days,Wednesday|Friday
IP6,TKC19 Colchester O/N,Component Channel,One-person,2 Days,Wednesday|Friday
IP7,TKC19 Colchester O/N,Component Channel,One-person,2 Days,Wednesday|Friday
IP8,TKC19 Colchester O/N,Component Channel,One-person,2 Days,Wednesday|Friday
IP9,TKC19 Colchester O/N,Component Channel,One-person,2 Days,Wednesday|Friday
CB1,TKC19 Colchester O/N,Jigsaw Channel,Two-person,5 Days,Wednesday|Friday
CB10,TKC19 Colchester O/N,Jigsaw Channel,Two-person,5 Days,Wednesday|Friday
CB2,TKC19 Colchester O/N,Jigsaw Channel,Two-person,5 Days,Wednesday|Friday
CB21,TKC19 Colchester O/N,Jigsaw Channel,Two-person,5 Days,Wednesday|Friday
CB22,TKC19 Colchester O/N,Jigsaw Channel,Two-person,5 Days,Wednesday|Friday
CB23,TKC19 Colchester O/N,Jigsaw Channel,Two-person,5 Days,Wednesday|Friday
CB24,TKC19 Colchester O/N,Jigsaw Channel,Two-person,5 Days,Wednesday|Friday
CB25,TKC19 Colchester O/N,Jigsaw Channel,Two-person,5 Days,Wednesday|Friday
CB3,TKC19 Colchester O/N,Jigsaw Channel,Two-person,5 Days,Wednesday|Friday
CB4,TKC19 Colchester O/N,Jigsaw Channel,Two-person,5 Days,Wednesday|Friday
CB5,TKC19 Colchester O/N,Jigsaw Channel,Two-person,5 Days,Wednesday|Friday
CB8,TKC19 Colchester O/N,Jigsaw Channel,Two-person,5 Days,Wednesday|Friday
CB9,TKC19 Colchester O/N,Jigsaw Channel,Two-person,5 Days,Wednesday|Friday
CO8,TKC19 Colchester O/N,Jigsaw Channel,Two-person,5 Days,Wednesday|Friday
CO9,TKC19 Colchester O/N,Jigsaw Channel,Two-person,5 Days,Wednesday|Friday
CO10,TKC19 Colchester O/N,Jigsaw Channel,Two-person,5 Days,Wednesday|Friday
IP1,TKC19 Colchester O/N,Jigsaw Channel,Two-person,5 Days,Wednesday|Friday
IP10,TKC19 Colchester O/N,Jigsaw Channel,Two-person,5 Days,Wednesday|Friday
IP11,TKC19 Colchester O/N,Jigsaw Channel,Two-person,5 Days,Wednesday|Friday
IP12,TKC19 Colchester O/N,Jigsaw Channel,Two-person,5 Days,Wednesday|Friday
IP14,TKC19 Colchester O/N,Jigsaw Channel,Two-person,5 Days,Wednesday|Friday
IP2,TKC19 Colchester O/N,Jigsaw Channel,Two-person,5 Days,Wednesday|Friday
IP29,TKC19 Colchester O/N,Jigsaw Channel,Two-person,5 Days,Wednesday|Friday
IP3,TKC19 Colchester O/N,Jigsaw Channel,Two-person,5 Days,Wednesday|Friday
IP30,TKC19 Colchester O/N,Jigsaw Channel,Two-person,5 Days,Wednesday|Friday
IP4,TKC19 Colchester O/N,Jigsaw Channel,Two-person,5 Days,Wednesday|Friday
IP5,TKC19 Colchester O/N,Jigsaw Channel,Two-person,5 Days,Wednesday|Friday
IP6,TKC19 Colchester O/N,Jigsaw Channel,Two-person,5 Days,Wednesday|Friday
IP7,TKC19 Colchester O/N,Jigsaw Channel,Two-person,5 Days,Wednesday|Friday
IP8,TKC19 Colchester O/N,Jigsaw Channel,Two-person,5 Days,Wednesday|Friday
IP9,TKC19 Colchester O/N,Jigsaw Channel,Two-person,5 Days,Wednesday|Friday
CB1,TKC19 Colchester O/N,Merchant Channel,Two-person,5 Days,Wednesday|Friday
CB10,TKC19 Colchester O/N,Merchant Channel,Two-person,5 Days,Wednesday|Friday
CB2,TKC19 Colchester O/N,Merchant Channel,Two-person,5 Days,Wednesday|Friday
CB21,TKC19 Colchester O/N,Merchant Channel,Two-person,5 Days,Wednesday|Friday
CB22,TKC19 Colchester O/N,Merchant Channel,Two-person,5 Days,Wednesday|Friday
CB23,TKC19 Colchester O/N,Merchant Channel,Two-person,5 Days,Wednesday|Friday
CB24,TKC19 Colchester O/N,Merchant Channel,Two-person,5 Days,Wednesday|Friday
CB25,TKC19 Colchester O/N,Merchant Channel,Two-person,5 Days,Wednesday|Friday
CB3,TKC19 Colchester O/N,Merchant Channel,Two-person,5 Days,Wednesday|Friday
CB4,TKC19 Colchester O/N,Merchant Channel,Two-person,5 Days,Wednesday|Friday
CB5,TKC19 Colchester O/N,Merchant Channel,Two-person,5 Days,Wednesday|Friday
CB8,TKC19 Colchester O/N,Merchant Channel,Two-person,5 Days,Wednesday|Friday
CB9,TKC19 Colchester O/N,Merchant Channel,Two-person,5 Days,Wednesday|Friday
CO8,TKC19 Colchester O/N,Merchant Channel,Two-person,5 Days,Wednesday|Friday
CO9,TKC19 Colchester O/N,Merchant Channel,Two-person,5 Days,Wednesday|Friday
CO10,TKC19 Colchester O/N,Merchant Channel,Two-person,5 Days,Wednesday|Friday
IP1,TKC19 Colchester O/N,Merchant Channel,Two-person,5 Days,Wednesday|Friday
IP10,TKC19 Colchester O/N,Merchant Channel,Two-person,5 Days,Wednesday|Friday
IP11,TKC19 Colchester O/N,Merchant Channel,Two-person,5 Days,Wednesday|Friday
IP12,TKC19 Colchester O/N,Merchant Channel,Two-person,5 Days,Wednesday|Friday
IP14,TKC19 Colchester O/N,Merchant Channel,Two-person,5 Days,Wednesday|Friday
IP2,TKC19 Colchester O/N,Merchant Channel,Two-person,5 Days,Wednesday|Friday
IP29,TKC19 Colchester O/N,Merchant Channel,Two-person,5 Days,Wednesday|Friday
IP3,TKC19 Colchester O/N,Merchant Channel,Two-person,5 Days,Wednesday|Friday
IP30,TKC19 Colchester O/N,Merchant Channel,Two-person,5 Days,Wednesday|Friday
IP4,TKC19 Colchester O/N,Merchant Channel,Two-person,5 Days,Wednesday|Friday
IP5,TKC19 Colchester O/N,Merchant Channel,Two-person,5 Days,Wednesday|Friday
IP6,TKC19 Colchester O/N,Merchant Channel,Two-person,5 Days,Wednesday|Friday
IP7,TKC19 Colchester O/N,Merchant Channel,Two-person,5 Days,Wednesday|Friday
IP8,TKC19 Colchester O/N,Merchant Channel,Two-person,5 Days,Wednesday|Friday
IP9,TKC19 Colchester O/N,Merchant Channel,Two-person,5 Days,Wednesday|Friday
CB1,TKC19 Colchester O/N,Retail Channel,Two-person,21 Days,Wednesday|Friday
CB10,TKC19 Colchester O/N,Retail Channel,Two-person,21 Days,Wednesday|Friday
CB2,TKC19 Colchester O/N,Retail Channel,Two-person,21 Days,Wednesday|Friday
CB21,TKC19 Colchester O/N,Retail Channel,Two-person,21 Days,Wednesday|Friday
CB22,TKC19 Colchester O/N,Retail Channel,Two-person,21 Days,Wednesday|Friday
CB23,TKC19 Colchester O/N,Retail Channel,Two-person,21 Days,Wednesday|Friday
CB24,TKC19 Colchester O/N,Retail Channel,Two-person,21 Days,Wednesday|Friday
CB25,TKC19 Colchester O/N,Retail Channel,Two-person,21 Days,Wednesday|Friday
CB3,TKC19 Colchester O/N,Retail Channel,Two-person,21 Days,Wednesday|Friday
CB4,TKC19 Colchester O/N,Retail Channel,Two-person,21 Days,Wednesday|Friday
CB5,TKC19 Colchester O/N,Retail Channel,Two-person,21 Days,Wednesday|Friday
CB8,TKC19 Colchester O/N,Retail Channel,Two-person,21 Days,Wednesday|Friday
CB9,TKC19 Colchester O/N,Retail Channel,Two-person,21 Days,Wednesday|Friday
CO8,TKC19 Colchester O/N,Retail Channel,Two-person,21 Days,Wednesday|Friday
CO9,TKC19 Colchester O/N,Retail Channel,Two-person,21 Days,Wednesday|Friday
CO10,TKC19 Colchester O/N,Retail Channel,Two-person,21 Days,Wednesday|Friday
IP1,TKC19 Colchester O/N,Retail Channel,Two-person,21 Days,Wednesday|Friday
IP10,TKC19 Colchester O/N,Retail Channel,Two-person,21 Days,Wednesday|Friday
IP11,TKC19 Colchester O/N,Retail Channel,Two-person,21 Days,Wednesday|Friday
IP12,TKC19 Colchester O/N,Retail Channel,Two-person,21 Days,Wednesday|Friday
IP14,TKC19 Colchester O/N,Retail Channel,Two-person,21 Days,Wednesday|Friday
IP2,TKC19 Colchester O/N,Retail Channel,Two-person,21 Days,Wednesday|Friday
IP29,TKC19 Colchester O/N,Retail Channel,Two-person,21 Days,Wednesday|Friday
IP3,TKC19 Colchester O/N,Retail Channel,Two-person,21 Days,Wednesday|Friday
IP30,TKC19 Colchester O/N,Retail Channel,Two-person,21 Days,Wednesday|Friday
IP4,TKC19 Colchester O/N,Retail Channel,Two-person,21 Days,Wednesday|Friday
IP5,TKC19 Colchester O/N,Retail Channel,Two-person,21 Days,Wednesday|Friday
IP6,TKC19 Colchester O/N,Retail Channel,Two-person,21 Days,Wednesday|Friday
IP7,TKC19 Colchester O/N,Retail Channel,Two-person,21 Days,Wednesday|Friday
IP8,TKC19 Colchester O/N,Retail Channel,Two-person,21 Days,Wednesday|Friday
IP9,TKC19 Colchester O/N,Retail Channel,Two-person,21 Days,Wednesday|Friday
CB6,TKC19 East Anglia O/N,Component Channel,One-person,2 Days,Wednesday|Friday
CB7,TKC19 East Anglia O/N,Component Channel,One-person,2 Days,Wednesday|Friday
IP13,TKC19 East Anglia O/N,Component Channel,One-person,2 Days,Wednesday|Friday
IP15,TKC19 East Anglia O/N,Component Channel,One-person,2 Days,Wednesday|Friday
IP16,TKC19 East Anglia O/N,Component Channel,One-person,2 Days,Wednesday|Friday
IP17,TKC19 East Anglia O/N,Component Channel,One-person,2 Days,Wednesday|Friday
IP18,TKC19 East Anglia O/N,Component Channel,One-person,2 Days,Wednesday|Friday
IP19,TKC19 East Anglia O/N,Component Channel,One-person,2 Days,Wednesday|Friday
IP20,TKC19 East Anglia O/N,Component Channel,One-person,2 Days,Wednesday|Friday
IP21,TKC19 East Anglia O/N,Component Channel,One-person,2 Days,Wednesday|Friday
IP22,TKC19 East Anglia O/N,Component Channel,One-person,2 Days,Wednesday|Friday
IP23,TKC19 East Anglia O/N,Component Channel,One-person,2 Days,Wednesday|Friday
IP24,TKC19 East Anglia O/N,Component Channel,One-person,2 Days,Wednesday|Friday
IP25,TKC19 East Anglia O/N,Component Channel,One-person,2 Days,Wednesday|Friday
IP26,TKC19 East Anglia O/N,Component Channel,One-person,2 Days,Wednesday|Friday
IP27,TKC19 East Anglia O/N,Component Channel,One-person,2 Days,Wednesday|Friday
IP28,TKC19 East Anglia O/N,Component Channel,One-person,2 Days,Wednesday|Friday
IP31,TKC19 East Anglia O/N,Component Channel,One-person,2 Days,Wednesday|Friday
IP32,TKC19 East Anglia O/N,Component Channel,One-person,2 Days,Wednesday|Friday
IP33,TKC19 East Anglia O/N,Component Channel,One-person,2 Days,Wednesday|Friday
NR15,TKC19 East Anglia O/N,Component Channel,One-person,2 Days,Wednesday|Friday
NR16,TKC19 East Anglia O/N,Component Channel,One-person,2 Days,Wednesday|Friday
NR32,TKC19 East Anglia O/N,Component Channel,One-person,2 Days,Wednesday|Friday
NR33,TKC19 East Anglia O/N,Component Channel,One-person,2 Days,Wednesday|Friday
NR34,TKC19 East Anglia O/N,Component Channel,One-person,2 Days,Wednesday|Friday
NR35,TKC19 East Anglia O/N,Component Channel,One-person,2 Days,Wednesday|Friday
PE1,TKC19 East Anglia O/N,Component Channel,One-person,2 Days,Wednesday|Friday
PE2,TKC19 East Anglia O/N,Component Channel,One-person,2 Days,Wednesday|Friday
PE3,TKC19 East Anglia O/N,Component Channel,One-person,2 Days,Wednesday|Friday
PE4,TKC19 East Anglia O/N,Component Channel,One-person,2 Days,Wednesday|Friday
PE5,TKC19 East Anglia O/N,Component Channel,One-person,2 Days,Wednesday|Friday
PE6,TKC19 East Anglia O/N,Component Channel,One-person,2 Days,Wednesday|Friday
PE7,TKC19 East Anglia O/N,Component Channel,One-person,2 Days,Wednesday|Friday
PE8,TKC19 East Anglia O/N,Component Channel,One-person,2 Days,Wednesday|Friday
PE9,TKC19 East Anglia O/N,Component Channel,One-person,2 Days,Wednesday|Friday
PE15,TKC19 East Anglia O/N,Component Channel,One-person,2 Days,Wednesday|Friday
PE16,TKC19 East Anglia O/N,Component Channel,One-person,2 Days,Wednesday|Friday
PE19,TKC19 East Anglia O/N,Component Channel,One-person,2 Days,Wednesday|Friday
PE26,TKC19 East Anglia O/N,Component Channel,One-person,2 Days,Wednesday|Friday
PE27,TKC19 East Anglia O/N,Component Channel,One-person,2 Days,Wednesday|Friday
PE28,TKC19 East Anglia O/N,Component Channel,One-person,2 Days,Wednesday|Friday
PE29,TKC19 East Anglia O/N,Component Channel,One-person,2 Days,Wednesday|Friday
CB6,TKC19 East Anglia O/N,Jigsaw Channel,Two-person,5 Days,Wednesday|Friday
CB7,TKC19 East Anglia O/N,Jigsaw Channel,Two-person,5 Days,Wednesday|Friday
IP13,TKC19 East Anglia O/N,Jigsaw Channel,Two-person,5 Days,Wednesday|Friday
IP15,TKC19 East Anglia O/N,Jigsaw Channel,Two-person,5 Days,Wednesday|Friday
IP16,TKC19 East Anglia O/N,Jigsaw Channel,Two-person,5 Days,Wednesday|Friday
IP17,TKC19 East Anglia O/N,Jigsaw Channel,Two-person,5 Days,Wednesday|Friday
IP18,TKC19 East Anglia O/N,Jigsaw Channel,Two-person,5 Days,Wednesday|Friday
IP19,TKC19 East Anglia O/N,Jigsaw Channel,Two-person,5 Days,Wednesday|Friday
IP20,TKC19 East Anglia O/N,Jigsaw Channel,Two-person,5 Days,Wednesday|Friday
IP21,TKC19 East Anglia O/N,Jigsaw Channel,Two-person,5 Days,Wednesday|Friday
IP22,TKC19 East Anglia O/N,Jigsaw Channel,Two-person,5 Days,Wednesday|Friday
IP23,TKC19 East Anglia O/N,Jigsaw Channel,Two-person,5 Days,Wednesday|Friday
IP24,TKC19 East Anglia O/N,Jigsaw Channel,Two-person,5 Days,Wednesday|Friday
IP25,TKC19 East Anglia O/N,Jigsaw Channel,Two-person,5 Days,Wednesday|Friday
IP26,TKC19 East Anglia O/N,Jigsaw Channel,Two-person,5 Days,Wednesday|Friday
IP27,TKC19 East Anglia O/N,Jigsaw Channel,Two-person,5 Days,Wednesday|Friday
IP28,TKC19 East Anglia O/N,Jigsaw Channel,Two-person,5 Days,Wednesday|Friday
IP31,TKC19 East Anglia O/N,Jigsaw Channel,Two-person,5 Days,Wednesday|Friday
IP32,TKC19 East Anglia O/N,Jigsaw Channel,Two-person,5 Days,Wednesday|Friday
IP33,TKC19 East Anglia O/N,Jigsaw Channel,Two-person,5 Days,Wednesday|Friday
NR15,TKC19 East Anglia O/N,Jigsaw Channel,Two-person,5 Days,Wednesday|Friday
NR16,TKC19 East Anglia O/N,Jigsaw Channel,Two-person,5 Days,Wednesday|Friday
NR32,TKC19 East Anglia O/N,Jigsaw Channel,Two-person,5 Days,Wednesday|Friday
NR33,TKC19 East Anglia O/N,Jigsaw Channel,Two-person,5 Days,Wednesday|Friday
NR34,TKC19 East Anglia O/N,Jigsaw Channel,Two-person,5 Days,Wednesday|Friday
NR35,TKC19 East Anglia O/N,Jigsaw Channel,Two-person,5 Days,Wednesday|Friday
PE1,TKC19 East Anglia O/N,Jigsaw Channel,Two-person,5 Days,Wednesday|Friday
PE2,TKC19 East Anglia O/N,Jigsaw Channel,Two-person,5 Days,Wednesday|Friday
PE3,TKC19 East Anglia O/N,Jigsaw Channel,Two-person,5 Days,Wednesday|Friday
PE4,TKC19 East Anglia O/N,Jigsaw Channel,Two-person,5 Days,Wednesday|Friday
PE5,TKC19 East Anglia O/N,Jigsaw Channel,Two-person,5 Days,Wednesday|Friday
PE6,TKC19 East Anglia O/N,Jigsaw Channel,Two-person,5 Days,Wednesday|Friday
PE7,TKC19 East Anglia O/N,Jigsaw Channel,Two-person,5 Days,Wednesday|Friday
PE8,TKC19 East Anglia O/N,Jigsaw Channel,Two-person,5 Days,Wednesday|Friday
PE9,TKC19 East Anglia O/N,Jigsaw Channel,Two-person,5 Days,Wednesday|Friday
PE15,TKC19 East Anglia O/N,Jigsaw Channel,Two-person,5 Days,Wednesday|Friday
PE16,TKC19 East Anglia O/N,Jigsaw Channel,Two-person,5 Days,Wednesday|Friday
PE19,TKC19 East Anglia O/N,Jigsaw Channel,Two-person,5 Days,Wednesday|Friday
PE26,TKC19 East Anglia O/N,Jigsaw Channel,Two-person,5 Days,Wednesday|Friday
PE27,TKC19 East Anglia O/N,Jigsaw Channel,Two-person,5 Days,Wednesday|Friday
PE28,TKC19 East Anglia O/N,Jigsaw Channel,Two-person,5 Days,Wednesday|Friday
PE29,TKC19 East Anglia O/N,Jigsaw Channel,Two-person,5 Days,Wednesday|Friday
CB6,TKC19 East Anglia O/N,Merchant Channel,Two-person,5 Days,Wednesday|Friday
CB7,TKC19 East Anglia O/N,Merchant Channel,Two-person,5 Days,Wednesday|Friday
IP13,TKC19 East Anglia O/N,Merchant Channel,Two-person,5 Days,Wednesday|Friday
IP15,TKC19 East Anglia O/N,Merchant Channel,Two-person,5 Days,Wednesday|Friday
IP16,TKC19 East Anglia O/N,Merchant Channel,Two-person,5 Days,Wednesday|Friday
IP17,TKC19 East Anglia O/N,Merchant Channel,Two-person,5 Days,Wednesday|Friday
IP18,TKC19 East Anglia O/N,Merchant Channel,Two-person,5 Days,Wednesday|Friday
IP19,TKC19 East Anglia O/N,Merchant Channel,Two-person,5 Days,Wednesday|Friday
IP20,TKC19 East Anglia O/N,Merchant Channel,Two-person,5 Days,Wednesday|Friday
IP21,TKC19 East Anglia O/N,Merchant Channel,Two-person,5 Days,Wednesday|Friday
IP22,TKC19 East Anglia O/N,Merchant Channel,Two-person,5 Days,Wednesday|Friday
IP23,TKC19 East Anglia O/N,Merchant Channel,Two-person,5 Days,Wednesday|Friday
IP24,TKC19 East Anglia O/N,Merchant Channel,Two-person,5 Days,Wednesday|Friday
IP25,TKC19 East Anglia O/N,Merchant Channel,Two-person,5 Days,Wednesday|Friday
IP26,TKC19 East Anglia O/N,Merchant Channel,Two-person,5 Days,Wednesday|Friday
IP27,TKC19 East Anglia O/N,Merchant Channel,Two-person,5 Days,Wednesday|Friday
IP28,TKC19 East Anglia O/N,Merchant Channel,Two-person,5 Days,Wednesday|Friday
IP31,TKC19 East Anglia O/N,Merchant Channel,Two-person,5 Days,Wednesday|Friday
IP32,TKC19 East Anglia O/N,Merchant Channel,Two-person,5 Days,Wednesday|Friday
IP33,TKC19 East Anglia O/N,Merchant Channel,Two-person,5 Days,Wednesday|Friday
NR15,TKC19 East Anglia O/N,Merchant Channel,Two-person,5 Days,Wednesday|Friday
NR16,TKC19 East Anglia O/N,Merchant Channel,Two-person,5 Days,Wednesday|Friday
NR32,TKC19 East Anglia O/N,Merchant Channel,Two-person,5 Days,Wednesday|Friday
NR33,TKC19 East Anglia O/N,Merchant Channel,Two-person,5 Days,Wednesday|Friday
NR34,TKC19 East Anglia O/N,Merchant Channel,Two-person,5 Days,Wednesday|Friday
NR35,TKC19 East Anglia O/N,Merchant Channel,Two-person,5 Days,Wednesday|Friday
PE1,TKC19 East Anglia O/N,Merchant Channel,Two-person,5 Days,Wednesday|Friday
PE2,TKC19 East Anglia O/N,Merchant Channel,Two-person,5 Days,Wednesday|Friday
PE3,TKC19 East Anglia O/N,Merchant Channel,Two-person,5 Days,Wednesday|Friday
PE4,TKC19 East Anglia O/N,Merchant Channel,Two-person,5 Days,Wednesday|Friday
PE5,TKC19 East Anglia O/N,Merchant Channel,Two-person,5 Days,Wednesday|Friday
PE6,TKC19 East Anglia O/N,Merchant Channel,Two-person,5 Days,Wednesday|Friday
PE7,TKC19 East Anglia O/N,Merchant Channel,Two-person,5 Days,Wednesday|Friday
PE8,TKC19 East Anglia O/N,Merchant Channel,Two-person,5 Days,Wednesday|Friday
PE9,TKC19 East Anglia O/N,Merchant Channel,Two-person,5 Days,Wednesday|Friday
PE15,TKC19 East Anglia O/N,Merchant Channel,Two-person,5 Days,Wednesday|Friday
PE16,TKC19 East Anglia O/N,Merchant Channel,Two-person,5 Days,Wednesday|Friday
PE19,TKC19 East Anglia O/N,Merchant Channel,Two-person,5 Days,Wednesday|Friday
PE26,TKC19 East Anglia O/N,Merchant Channel,Two-person,5 Days,Wednesday|Friday
PE27,TKC19 East Anglia O/N,Merchant Channel,Two-person,5 Days,Wednesday|Friday
PE28,TKC19 East Anglia O/N,Merchant Channel,Two-person,5 Days,Wednesday|Friday
PE29,TKC19 East Anglia O/N,Merchant Channel,Two-person,5 Days,Wednesday|Friday
CB6,TKC19 East Anglia O/N,Retail Channel,Two-person,21 Days,Wednesday|Friday
CB7,TKC19 East Anglia O/N,Retail Channel,Two-person,21 Days,Wednesday|Friday
IP13,TKC19 East Anglia O/N,Retail Channel,Two-person,21 Days,Wednesday|Friday
IP15,TKC19 East Anglia O/N,Retail Channel,Two-person,21 Days,Wednesday|Friday
IP16,TKC19 East Anglia O/N,Retail Channel,Two-person,21 Days,Wednesday|Friday
IP17,TKC19 East Anglia O/N,Retail Channel,Two-person,21 Days,Wednesday|Friday
IP18,TKC19 East Anglia O/N,Retail Channel,Two-person,21 Days,Wednesday|Friday
IP19,TKC19 East Anglia O/N,Retail Channel,Two-person,21 Days,Wednesday|Friday
IP20,TKC19 East Anglia O/N,Retail Channel,Two-person,21 Days,Wednesday|Friday
IP21,TKC19 East Anglia O/N,Retail Channel,Two-person,21 Days,Wednesday|Friday
IP22,TKC19 East Anglia O/N,Retail Channel,Two-person,21 Days,Wednesday|Friday
IP23,TKC19 East Anglia O/N,Retail Channel,Two-person,21 Days,Wednesday|Friday
IP24,TKC19 East Anglia O/N,Retail Channel,Two-person,21 Days,Wednesday|Friday
IP25,TKC19 East Anglia O/N,Retail Channel,Two-person,21 Days,Wednesday|Friday
IP26,TKC19 East Anglia O/N,Retail Channel,Two-person,21 Days,Wednesday|Friday
IP27,TKC19 East Anglia O/N,Retail Channel,Two-person,21 Days,Wednesday|Friday
IP28,TKC19 East Anglia O/N,Retail Channel,Two-person,21 Days,Wednesday|Friday
IP31,TKC19 East Anglia O/N,Retail Channel,Two-person,21 Days,Wednesday|Friday
IP32,TKC19 East Anglia O/N,Retail Channel,Two-person,21 Days,Wednesday|Friday
IP33,TKC19 East Anglia O/N,Retail Channel,Two-person,21 Days,Wednesday|Friday
NR15,TKC19 East Anglia O/N,Retail Channel,Two-person,21 Days,Wednesday|Friday
NR16,TKC19 East Anglia O/N,Retail Channel,Two-person,21 Days,Wednesday|Friday
NR32,TKC19 East Anglia O/N,Retail Channel,Two-person,21 Days,Wednesday|Friday
NR33,TKC19 East Anglia O/N,Retail Channel,Two-person,21 Days,Wednesday|Friday
NR34,TKC19 East Anglia O/N,Retail Channel,Two-person,21 Days,Wednesday|Friday
NR35,TKC19 East Anglia O/N,Retail Channel,Two-person,21 Days,Wednesday|Friday
PE1,TKC19 East Anglia O/N,Retail Channel,Two-person,21 Days,Wednesday|Friday
PE2,TKC19 East Anglia O/N,Retail Channel,Two-person,21 Days,Wednesday|Friday
PE3,TKC19 East Anglia O/N,Retail Channel,Two-person,21 Days,Wednesday|Friday
PE4,TKC19 East Anglia O/N,Retail Channel,Two-person,21 Days,Wednesday|Friday
PE5,TKC19 East Anglia O/N,Retail Channel,Two-person,21 Days,Wednesday|Friday
PE6,TKC19 East Anglia O/N,Retail Channel,Two-person,21 Days,Wednesday|Friday
PE7,TKC19 East Anglia O/N,Retail Channel,Two-person,21 Days,Wednesday|Friday
PE8,TKC19 East Anglia O/N,Retail Channel,Two-person,21 Days,Wednesday|Friday
PE9,TKC19 East Anglia O/N,Retail Channel,Two-person,21 Days,Wednesday|Friday
PE15,TKC19 East Anglia O/N,Retail Channel,Two-person,21 Days,Wednesday|Friday
PE16,TKC19 East Anglia O/N,Retail Channel,Two-person,21 Days,Wednesday|Friday
PE19,TKC19 East Anglia O/N,Retail Channel,Two-person,21 Days,Wednesday|Friday
PE26,TKC19 East Anglia O/N,Retail Channel,Two-person,21 Days,Wednesday|Friday
PE27,TKC19 East Anglia O/N,Retail Channel,Two-person,21 Days,Wednesday|Friday
PE28,TKC19 East Anglia O/N,Retail Channel,Two-person,21 Days,Wednesday|Friday
PE29,TKC19 East Anglia O/N,Retail Channel,Two-person,21 Days,Wednesday|Friday
EX18,TKC19 Plymouth O/N,Component Channel,One-person,2 Days,Wednesday
EX19,TKC19 Plymouth O/N,Component Channel,One-person,2 Days,Wednesday
EX20,TKC19 Plymouth O/N,Component Channel,One-person,2 Days,Wednesday
EX21,TKC19 Plymouth O/N,Component Channel,One-person,2 Days,Wednesday
EX22,TKC19 Plymouth O/N,Component Channel,One-person,2 Days,Wednesday
EX23,TKC19 Plymouth O/N,Component Channel,One-person,2 Days,Wednesday
EX31,TKC19 Plymouth O/N,Component Channel,One-person,2 Days,Wednesday
EX32,TKC19 Plymouth O/N,Component Channel,One-person,2 Days,Wednesday
EX33,TKC19 Plymouth O/N,Component Channel,One-person,2 Days,Wednesday
EX34,TKC19 Plymouth O/N,Component Channel,One-person,2 Days,Wednesday
EX35,TKC19 Plymouth O/N,Component Channel,One-person,2 Days,Wednesday
EX36,TKC19 Plymouth O/N,Component Channel,One-person,2 Days,Wednesday
EX37,TKC19 Plymouth O/N,Component Channel,One-person,2 Days,Wednesday
EX38,TKC19 Plymouth O/N,Component Channel,One-person,2 Days,Wednesday
EX39,TKC19 Plymouth O/N,Component Channel,One-person,2 Days,Wednesday
PL15,TKC19 Plymouth O/N,Component Channel,One-person,2 Days,Wednesday
PL16,TKC19 Plymouth O/N,Component Channel,One-person,2 Days,Wednesday
PL17,TKC19 Plymouth O/N,Component Channel,One-person,2 Days,Wednesday
PL18,TKC19 Plymouth O/N,Component Channel,One-person,2 Days,Wednesday
PL19,TKC19 Plymouth O/N,Component Channel,One-person,2 Days,Wednesday
PL20,TKC19 Plymouth O/N,Component Channel,One-person,2 Days,Wednesday
PL27,TKC19 Plymouth O/N,Component Channel,One-person,2 Days,Wednesday
PL28,TKC19 Plymouth O/N,Component Channel,One-person,2 Days,Wednesday
PL29,TKC19 Plymouth O/N,Component Channel,One-person,2 Days,Wednesday
PL30,TKC19 Plymouth O/N,Component Channel,One-person,2 Days,Wednesday
PL31,TKC19 Plymouth O/N,Component Channel,One-person,2 Days,Wednesday
PL32,TKC19 Plymouth O/N,Component Channel,One-person,2 Days,Wednesday
PL33,TKC19 Plymouth O/N,Component Channel,One-person,2 Days,Wednesday
PL34,TKC19 Plymouth O/N,Component Channel,One-person,2 Days,Wednesday
PL35,TKC19 Plymouth O/N,Component Channel,One-person,2 Days,Wednesday
EX18,TKC19 Plymouth O/N,Jigsaw Channel,Two-person,5 Days,Wednesday
EX19,TKC19 Plymouth O/N,Jigsaw Channel,Two-person,5 Days,Wednesday
EX20,TKC19 Plymouth O/N,Jigsaw Channel,Two-person,5 Days,Wednesday
EX21,TKC19 Plymouth O/N,Jigsaw Channel,Two-person,5 Days,Wednesday
EX22,TKC19 Plymouth O/N,Jigsaw Channel,Two-person,5 Days,Wednesday
EX23,TKC19 Plymouth O/N,Jigsaw Channel,Two-person,5 Days,Wednesday
EX31,TKC19 Plymouth O/N,Jigsaw Channel,Two-person,5 Days,Wednesday
EX32,TKC19 Plymouth O/N,Jigsaw Channel,Two-person,5 Days,Wednesday
EX33,TKC19 Plymouth O/N,Jigsaw Channel,Two-person,5 Days,Wednesday
EX34,TKC19 Plymouth O/N,Jigsaw Channel,Two-person,5 Days,Wednesday
EX35,TKC19 Plymouth O/N,Jigsaw Channel,Two-person,5 Days,Wednesday
EX36,TKC19 Plymouth O/N,Jigsaw Channel,Two-person,5 Days,Wednesday
EX37,TKC19 Plymouth O/N,Jigsaw Channel,Two-person,5 Days,Wednesday
EX38,TKC19 Plymouth O/N,Jigsaw Channel,Two-person,5 Days,Wednesday
EX39,TKC19 Plymouth O/N,Jigsaw Channel,Two-person,5 Days,Wednesday
PL15,TKC19 Plymouth O/N,Jigsaw Channel,Two-person,5 Days,Wednesday
PL16,TKC19 Plymouth O/N,Jigsaw Channel,Two-person,5 Days,Wednesday
PL17,TKC19 Plymouth O/N,Jigsaw Channel,Two-person,5 Days,Wednesday
PL18,TKC19 Plymouth O/N,Jigsaw Channel,Two-person,5 Days,Wednesday
PL19,TKC19 Plymouth O/N,Jigsaw Channel,Two-person,5 Days,Wednesday
PL20,TKC19 Plymouth O/N,Jigsaw Channel,Two-person,5 Days,Wednesday
PL27,TKC19 Plymouth O/N,Jigsaw Channel,Two-person,5 Days,Wednesday
PL28,TKC19 Plymouth O/N,Jigsaw Channel,Two-person,5 Days,Wednesday
PL29,TKC19 Plymouth O/N,Jigsaw Channel,Two-person,5 Days,Wednesday
PL30,TKC19 Plymouth O/N,Jigsaw Channel,Two-person,5 Days,Wednesday
PL31,TKC19 Plymouth O/N,Jigsaw Channel,Two-person,5 Days,Wednesday
PL32,TKC19 Plymouth O/N,Jigsaw Channel,Two-person,5 Days,Wednesday
PL33,TKC19 Plymouth O/N,Jigsaw Channel,Two-person,5 Days,Wednesday
PL34,TKC19 Plymouth O/N,Jigsaw Channel,Two-person,5 Days,Wednesday
PL35,TKC19 Plymouth O/N,Jigsaw Channel,Two-person,5 Days,Wednesday
EX18,TKC19 Plymouth O/N,Merchant Channel,Two-person,5 Days,Wednesday
EX19,TKC19 Plymouth O/N,Merchant Channel,Two-person,5 Days,Wednesday
EX20,TKC19 Plymouth O/N,Merchant Channel,Two-person,5 Days,Wednesday
EX21,TKC19 Plymouth O/N,Merchant Channel,Two-person,5 Days,Wednesday
EX22,TKC19 Plymouth O/N,Merchant Channel,Two-person,5 Days,Wednesday
EX23,TKC19 Plymouth O/N,Merchant Channel,Two-person,5 Days,Wednesday
EX31,TKC19 Plymouth O/N,Merchant Channel,Two-person,5 Days,Wednesday
EX32,TKC19 Plymouth O/N,Merchant Channel,Two-person,5 Days,Wednesday
EX33,TKC19 Plymouth O/N,Merchant Channel,Two-person,5 Days,Wednesday
EX34,TKC19 Plymouth O/N,Merchant Channel,Two-person,5 Days,Wednesday
EX35,TKC19 Plymouth O/N,Merchant Channel,Two-person,5 Days,Wednesday
EX36,TKC19 Plymouth O/N,Merchant Channel,Two-person,5 Days,Wednesday
EX37,TKC19 Plymouth O/N,Merchant Channel,Two-person,5 Days,Wednesday
EX38,TKC19 Plymouth O/N,Merchant Channel,Two-person,5 Days,Wednesday
EX39,TKC19 Plymouth O/N,Merchant Channel,Two-person,5 Days,Wednesday
PL15,TKC19 Plymouth O/N,Merchant Channel,Two-person,5 Days,Wednesday
PL16,TKC19 Plymouth O/N,Merchant Channel,Two-person,5 Days,Wednesday
PL17,TKC19 Plymouth O/N,Merchant Channel,Two-person,5 Days,Wednesday
PL18,TKC19 Plymouth O/N,Merchant Channel,Two-person,5 Days,Wednesday
PL19,TKC19 Plymouth O/N,Merchant Channel,Two-person,5 Days,Wednesday
PL20,TKC19 Plymouth O/N,Merchant Channel,Two-person,5 Days,Wednesday
PL27,TKC19 Plymouth O/N,Merchant Channel,Two-person,5 Days,Wednesday
PL28,TKC19 Plymouth O/N,Merchant Channel,Two-person,5 Days,Wednesday
PL29,TKC19 Plymouth O/N,Merchant Channel,Two-person,5 Days,Wednesday
PL30,TKC19 Plymouth O/N,Merchant Channel,Two-person,5 Days,Wednesday
PL31,TKC19 Plymouth O/N,Merchant Channel,Two-person,5 Days,Wednesday
PL32,TKC19 Plymouth O/N,Merchant Channel,Two-person,5 Days,Wednesday
PL33,TKC19 Plymouth O/N,Merchant Channel,Two-person,5 Days,Wednesday
PL34,TKC19 Plymouth O/N,Merchant Channel,Two-person,5 Days,Wednesday
PL35,TKC19 Plymouth O/N,Merchant Channel,Two-person,5 Days,Wednesday
EX18,TKC19 Plymouth O/N,Retail Channel,Two-person,21 Days,Wednesday
EX19,TKC19 Plymouth O/N,Retail Channel,Two-person,21 Days,Wednesday
EX20,TKC19 Plymouth O/N,Retail Channel,Two-person,21 Days,Wednesday
EX21,TKC19 Plymouth O/N,Retail Channel,Two-person,21 Days,Wednesday
EX22,TKC19 Plymouth O/N,Retail Channel,Two-person,21 Days,Wednesday
EX23,TKC19 Plymouth O/N,Retail Channel,Two-person,21 Days,Wednesday
EX31,TKC19 Plymouth O/N,Retail Channel,Two-person,21 Days,Wednesday
EX32,TKC19 Plymouth O/N,Retail Channel,Two-person,21 Days,Wednesday
EX33,TKC19 Plymouth O/N,Retail Channel,Two-person,21 Days,Wednesday
EX34,TKC19 Plymouth O/N,Retail Channel,Two-person,21 Days,Wednesday
EX35,TKC19 Plymouth O/N,Retail Channel,Two-person,21 Days,Wednesday
EX36,TKC19 Plymouth O/N,Retail Channel,Two-person,21 Days,Wednesday
EX37,TKC19 Plymouth O/N,Retail Channel,Two-person,21 Days,Wednesday
EX38,TKC19 Plymouth O/N,Retail Channel,Two-person,21 Days,Wednesday
EX39,TKC19 Plymouth O/N,Retail Channel,Two-person,21 Days,Wednesday
PL15,TKC19 Plymouth O/N,Retail Channel,Two-person,21 Days,Wednesday
PL16,TKC19 Plymouth O/N,Retail Channel,Two-person,21 Days,Wednesday
PL17,TKC19 Plymouth O/N,Retail Channel,Two-person,21 Days,Wednesday
PL18,TKC19 Plymouth O/N,Retail Channel,Two-person,21 Days,Wednesday
PL19,TKC19 Plymouth O/N,Retail Channel,Two-person,21 Days,Wednesday
PL20,TKC19 Plymouth O/N,Retail Channel,Two-person,21 Days,Wednesday
PL27,TKC19 Plymouth O/N,Retail Channel,Two-person,21 Days,Wednesday
PL28,TKC19 Plymouth O/N,Retail Channel,Two-person,21 Days,Wednesday
PL29,TKC19 Plymouth O/N,Retail Channel,Two-person,21 Days,Wednesday
PL30,TKC19 Plymouth O/N,Retail Channel,Two-person,21 Days,Wednesday
PL31,TKC19 Plymouth O/N,Retail Channel,Two-person,21 Days,Wednesday
PL32,TKC19 Plymouth O/N,Retail Channel,Two-person,21 Days,Wednesday
PL33,TKC19 Plymouth O/N,Retail Channel,Two-person,21 Days,Wednesday
PL34,TKC19 Plymouth O/N,Retail Channel,Two-person,21 Days,Wednesday
PL35,TKC19 Plymouth O/N,Retail Channel,Two-person,21 Days,Wednesday
CA1,TKC19 Scotland O/N,Component Channel,One-person,2 Days,Wednesday|Friday
CA10,TKC19 Scotland O/N,Component Channel,One-person,2 Days,Wednesday|Friday
CA11,TKC19 Scotland O/N,Component Channel,One-person,2 Days,Wednesday|Friday
CA2,TKC19 Scotland O/N,Component Channel,One-person,2 Days,Wednesday|Friday
CA3,TKC19 Scotland O/N,Component Channel,One-person,2 Days,Wednesday|Friday
CA5,TKC19 Scotland O/N,Component Channel,One-person,2 Days,Wednesday|Friday
CA7,TKC19 Scotland O/N,Component Channel,One-person,2 Days,Wednesday|Friday
EH1,TKC19 Scotland O/N,Component Channel,One-person,2 Days,Wednesday|Friday
EH10,TKC19 Scotland O/N,Component Channel,One-person,2 Days,Wednesday|Friday
EH11,TKC19 Scotland O/N,Component Channel,One-person,2 Days,Wednesday|Friday
EH12,TKC19 Scotland O/N,Component Channel,One-person,2 Days,Wednesday|Friday
EH13,TKC19 Scotland O/N,Component Channel,One-person,2 Days,Wednesday|Friday
EH14,TKC19 Scotland O/N,Component Channel,One-person,2 Days,Wednesday|Friday
EH15,TKC19 Scotland O/N,Component Channel,One-person,2 Days,Wednesday|Friday
EH16,TKC19 Scotland O/N,Component Channel,One-person,2 Days,Wednesday|Friday
EH17,TKC19 Scotland O/N,Component Channel,One-person,2 Days,Wednesday|Friday
EH18,TKC19 Scotland O/N,Component Channel,One-person,2 Days,Wednesday|Friday
EH19,TKC19 Scotland O/N,Component Channel,One-person,2 Days,Wednesday|Friday
EH2,TKC19 Scotland O/N,Component Channel,One-person,2 Days,Wednesday|Friday
EH20,TKC19 Scotland O/N,Component Channel,One-person,2 Days,Wednesday|Friday
EH21,TKC19 Scotland O/N,Component Channel,One-person,2 Days,Wednesday|Friday
EH22,TKC19 Scotland O/N,Component Channel,One-person,2 Days,Wednesday|Friday
EH23,TKC19 Scotland O/N,Component Channel,One-person,2 Days,Wednesday|Friday
EH24,TKC19 Scotland O/N,Component Channel,One-person,2 Days,Wednesday|Friday
EH25,TKC19 Scotland O/N,Component Channel,One-person,2 Days,Wednesday|Friday
EH26,TKC19 Scotland O/N,Component Channel,One-person,2 Days,Wednesday|Friday
EH27,TKC19 Scotland O/N,Component Channel,One-person,2 Days,Wednesday|Friday
EH28,TKC19 Scotland O/N,Component Channel,One-person,2 Days,Wednesday|Friday
EH29,TKC19 Scotland O/N,Component Channel,One-person,2 Days,Wednesday|Friday
EH3,TKC19 Scotland O/N,Component Channel,One-person,2 Days,Wednesday|Friday
EH30,TKC19 Scotland O/N,Component Channel,One-person,2 Days,Wednesday|Friday
EH31,TKC19 Scotland O/N,Component Channel,One-person,2 Days,Wednesday|Friday
EH32,TKC19 Scotland O/N,Component Channel,One-person,2 Days,Wednesday|Friday
EH33,TKC19 Scotland O/N,Component Channel,One-person,2 Days,Wednesday|Friday
EH34,TKC19 Scotland O/N,Component Channel,One-person,2 Days,Wednesday|Friday
EH35,TKC19 Scotland O/N,Component Channel,One-person,2 Days,Wednesday|Friday
EH36,TKC19 Scotland O/N,Component Channel,One-person,2 Days,Wednesday|Friday
EH37,TKC19 Scotland O/N,Component Channel,One-person,2 Days,Wednesday|Friday
EH38,TKC19 Scotland O/N,Component Channel,One-person,2 Days,Wednesday|Friday
EH39,TKC19 Scotland O/N,Component Channel,One-person,2 Days,Wednesday|Friday
EH4,TKC19 Scotland O/N,Component Channel,One-person,2 Days,Wednesday|Friday
EH40,TKC19 Scotland O/N,Component Channel,One-person,2 Days,Wednesday|Friday
EH41,TKC19 Scotland O/N,Component Channel,One-person,2 Days,Wednesday|Friday
EH42,TKC19 Scotland O/N,Component Channel,One-person,2 Days,Wednesday|Friday
EH43,TKC19 Scotland O/N,Component Channel,One-person,2 Days,Wednesday|Friday
EH44,TKC19 Scotland O/N,Component Channel,One-person,2 Days,Wednesday|Friday
EH45,TKC19 Scotland O/N,Component Channel,One-person,2 Days,Wednesday|Friday
EH46,TKC19 Scotland O/N,Component Channel,One-person,2 Days,Wednesday|Friday
EH47,TKC19 Scotland O/N,Component Channel,One-person,2 Days,Wednesday|Friday
EH48,TKC19 Scotland O/N,Component Channel,One-person,2 Days,Wednesday|Friday
EH49,TKC19 Scotland O/N,Component Channel,One-person,2 Days,Wednesday|Friday
EH5,TKC19 Scotland O/N,Component Channel,One-person,2 Days,Wednesday|Friday
EH51,TKC19 Scotland O/N,Component Channel,One-person,2 Days,Wednesday|Friday
EH52,TKC19 Scotland O/N,Component Channel,One-person,2 Days,Wednesday|Friday
EH53,TKC19 Scotland O/N,Component Channel,One-person,2 Days,Wednesday|Friday
EH54,TKC19 Scotland O/N,Component Channel,One-person,2 Days,Wednesday|Friday
EH55,TKC19 Scotland O/N,Component Channel,One-person,2 Days,Wednesday|Friday
EH6,TKC19 Scotland O/N,Component Channel,One-person,2 Days,Wednesday|Friday
EH7,TKC19 Scotland O/N,Component Channel,One-person,2 Days,Wednesday|Friday
EH8,TKC19 Scotland O/N,Component Channel,One-person,2 Days,Wednesday|Friday
EH9,TKC19 Scotland O/N,Component Channel,One-person,2 Days,Wednesday|Friday
EH91,TKC19 Scotland O/N,Component Channel,One-person,2 Days,Wednesday|Friday
EH95,TKC19 Scotland O/N,Component Channel,One-person,2 Days,Wednesday|Friday
EH99,TKC19 Scotland O/N,Component Channel,One-person,2 Days,Wednesday|Friday
KY1,TKC19 Scotland O/N,Component Channel,One-person,2 Days,Wednesday|Friday
KY10,TKC19 Scotland O/N,Component Channel,One-person,2 Days,Wednesday|Friday
KY11,TKC19 Scotland O/N,Component Channel,One-person,2 Days,Wednesday|Friday
KY12,TKC19 Scotland O/N,Component Channel,One-person,2 Days,Wednesday|Friday
KY13,TKC19 Scotland O/N,Component Channel,One-person,2 Days,Wednesday|Friday
KY14,TKC19 Scotland O/N,Component Channel,One-person,2 Days,Wednesday|Friday
KY15,TKC19 Scotland O/N,Component Channel,One-person,2 Days,Wednesday|Friday
KY16,TKC19 Scotland O/N,Component Channel,One-person,2 Days,Wednesday|Friday
KY2,TKC19 Scotland O/N,Component Channel,One-person,2 Days,Wednesday|Friday
KY3,TKC19 Scotland O/N,Component Channel,One-person,2 Days,Wednesday|Friday
KY4,TKC19 Scotland O/N,Component Channel,One-person,2 Days,Wednesday|Friday
KY5,TKC19 Scotland O/N,Component Channel,One-person,2 Days,Wednesday|Friday
KY6,TKC19 Scotland O/N,Component Channel,One-person,2 Days,Wednesday|Friday
KY7,TKC19 Scotland O/N,Component Channel,One-person,2 Days,Wednesday|Friday
KY8,TKC19 Scotland O/N,Component Channel,One-person,2 Days,Wednesday|Friday
KY9,TKC19 Scotland O/N,Component Channel,One-person,2 Days,Wednesday|Friday
KY99,TKC19 Scotland O/N,Component Channel,One-person,2 Days,Wednesday|Friday
ML1,TKC19 Scotland O/N,Component Channel,One-person,2 Days,Wednesday|Friday
ML10,TKC19 Scotland O/N,Component Channel,One-person,2 Days,Wednesday|Friday
ML11,TKC19 Scotland O/N,Component Channel,One-person,2 Days,Wednesday|Friday
ML12,TKC19 Scotland O/N,Component Channel,One-person,2 Days,Wednesday|Friday
ML2,TKC19 Scotland O/N,Component Channel,One-person,2 Days,Wednesday|Friday
ML3,TKC19 Scotland O/N,Component Channel,One-person,2 Days,Wednesday|Friday
ML7,TKC19 Scotland O/N,Component Channel,One-person,2 Days,Wednesday|Friday
ML8,TKC19 Scotland O/N,Component Channel,One-person,2 Days,Wednesday|Friday
ML9,TKC19 Scotland O/N,Component Channel,One-person,2 Days,Wednesday|Friday
CA1,TKC19 Scotland O/N,Jigsaw Channel,Two-person,5 Days,Wednesday|Friday
CA10,TKC19 Scotland O/N,Jigsaw Channel,Two-person,5 Days,Wednesday|Friday
CA11,TKC19 Scotland O/N,Jigsaw Channel,Two-person,5 Days,Wednesday|Friday
CA2,TKC19 Scotland O/N,Jigsaw Channel,Two-person,5 Days,Wednesday|Friday
CA3,TKC19 Scotland O/N,Jigsaw Channel,Two-person,5 Days,Wednesday|Friday
CA5,TKC19 Scotland O/N,Jigsaw Channel,Two-person,5 Days,Wednesday|Friday
CA7,TKC19 Scotland O/N,Jigsaw Channel,Two-person,5 Days,Wednesday|Friday
EH1,TKC19 Scotland O/N,Jigsaw Channel,Two-person,5 Days,Wednesday|Friday
EH10,TKC19 Scotland O/N,Jigsaw Channel,Two-person,5 Days,Wednesday|Friday
EH11,TKC19 Scotland O/N,Jigsaw Channel,Two-person,5 Days,Wednesday|Friday
EH12,TKC19 Scotland O/N,Jigsaw Channel,Two-person,5 Days,Wednesday|Friday
EH13,TKC19 Scotland O/N,Jigsaw Channel,Two-person,5 Days,Wednesday|Friday
EH14,TKC19 Scotland O/N,Jigsaw Channel,Two-person,5 Days,Wednesday|Friday
EH15,TKC19 Scotland O/N,Jigsaw Channel,Two-person,5 Days,Wednesday|Friday
EH16,TKC19 Scotland O/N,Jigsaw Channel,Two-person,5 Days,Wednesday|Friday
EH17,TKC19 Scotland O/N,Jigsaw Channel,Two-person,5 Days,Wednesday|Friday
EH18,TKC19 Scotland O/N,Jigsaw Channel,Two-person,5 Days,Wednesday|Friday
EH19,TKC19 Scotland O/N,Jigsaw Channel,Two-person,5 Days,Wednesday|Friday
EH2,TKC19 Scotland O/N,Jigsaw Channel,Two-person,5 Days,Wednesday|Friday
EH20,TKC19 Scotland O/N,Jigsaw Channel,Two-person,5 Days,Wednesday|Friday
EH21,TKC19 Scotland O/N,Jigsaw Channel,Two-person,5 Days,Wednesday|Friday
EH22,TKC19 Scotland O/N,Jigsaw Channel,Two-person,5 Days,Wednesday|Friday
EH23,TKC19 Scotland O/N,Jigsaw Channel,Two-person,5 Days,Wednesday|Friday
EH24,TKC19 Scotland O/N,Jigsaw Channel,Two-person,5 Days,Wednesday|Friday
EH25,TKC19 Scotland O/N,Jigsaw Channel,Two-person,5 Days,Wednesday|Friday
EH26,TKC19 Scotland O/N,Jigsaw Channel,Two-person,5 Days,Wednesday|Friday
EH27,TKC19 Scotland O/N,Jigsaw Channel,Two-person,5 Days,Wednesday|Friday
EH28,TKC19 Scotland O/N,Jigsaw Channel,Two-person,5 Days,Wednesday|Friday
EH29,TKC19 Scotland O/N,Jigsaw Channel,Two-person,5 Days,Wednesday|Friday
EH3,TKC19 Scotland O/N,Jigsaw Channel,Two-person,5 Days,Wednesday|Friday
EH30,TKC19 Scotland O/N,Jigsaw Channel,Two-person,5 Days,Wednesday|Friday
EH31,TKC19 Scotland O/N,Jigsaw Channel,Two-person,5 Days,Wednesday|Friday
EH32,TKC19 Scotland O/N,Jigsaw Channel,Two-person,5 Days,Wednesday|Friday
EH33,TKC19 Scotland O/N,Jigsaw Channel,Two-person,5 Days,Wednesday|Friday
EH34,TKC19 Scotland O/N,Jigsaw Channel,Two-person,5 Days,Wednesday|Friday
EH35,TKC19 Scotland O/N,Jigsaw Channel,Two-person,5 Days,Wednesday|Friday
EH36,TKC19 Scotland O/N,Jigsaw Channel,Two-person,5 Days,Wednesday|Friday
EH37,TKC19 Scotland O/N,Jigsaw Channel,Two-person,5 Days,Wednesday|Friday
EH38,TKC19 Scotland O/N,Jigsaw Channel,Two-person,5 Days,Wednesday|Friday
EH39,TKC19 Scotland O/N,Jigsaw Channel,Two-person,5 Days,Wednesday|Friday
EH4,TKC19 Scotland O/N,Jigsaw Channel,Two-person,5 Days,Wednesday|Friday
EH40,TKC19 Scotland O/N,Jigsaw Channel,Two-person,5 Days,Wednesday|Friday
EH41,TKC19 Scotland O/N,Jigsaw Channel,Two-person,5 Days,Wednesday|Friday
EH42,TKC19 Scotland O/N,Jigsaw Channel,Two-person,5 Days,Wednesday|Friday
EH43,TKC19 Scotland O/N,Jigsaw Channel,Two-person,5 Days,Wednesday|Friday
EH44,TKC19 Scotland O/N,Jigsaw Channel,Two-person,5 Days,Wednesday|Friday
EH45,TKC19 Scotland O/N,Jigsaw Channel,Two-person,5 Days,Wednesday|Friday
EH46,TKC19 Scotland O/N,Jigsaw Channel,Two-person,5 Days,Wednesday|Friday
EH47,TKC19 Scotland O/N,Jigsaw Channel,Two-person,5 Days,Wednesday|Friday
EH48,TKC19 Scotland O/N,Jigsaw Channel,Two-person,5 Days,Wednesday|Friday
EH49,TKC19 Scotland O/N,Jigsaw Channel,Two-person,5 Days,Wednesday|Friday
EH5,TKC19 Scotland O/N,Jigsaw Channel,Two-person,5 Days,Wednesday|Friday
EH51,TKC19 Scotland O/N,Jigsaw Channel,Two-person,5 Days,Wednesday|Friday
EH52,TKC19 Scotland O/N,Jigsaw Channel,Two-person,5 Days,Wednesday|Friday
EH53,TKC19 Scotland O/N,Jigsaw Channel,Two-person,5 Days,Wednesday|Friday
EH54,TKC19 Scotland O/N,Jigsaw Channel,Two-person,5 Days,Wednesday|Friday
EH55,TKC19 Scotland O/N,Jigsaw Channel,Two-person,5 Days,Wednesday|Friday
EH6,TKC19 Scotland O/N,Jigsaw Channel,Two-person,5 Days,Wednesday|Friday
EH7,TKC19 Scotland O/N,Jigsaw Channel,Two-person,5 Days,Wednesday|Friday
EH8,TKC19 Scotland O/N,Jigsaw Channel,Two-person,5 Days,Wednesday|Friday
EH9,TKC19 Scotland O/N,Jigsaw Channel,Two-person,5 Days,Wednesday|Friday
EH91,TKC19 Scotland O/N,Jigsaw Channel,Two-person,5 Days,Wednesday|Friday
EH95,TKC19 Scotland O/N,Jigsaw Channel,Two-person,5 Days,Wednesday|Friday
EH99,TKC19 Scotland O/N,Jigsaw Channel,Two-person,5 Days,Wednesday|Friday
KY1,TKC19 Scotland O/N,Jigsaw Channel,Two-person,5 Days,Wednesday|Friday
KY10,TKC19 Scotland O/N,Jigsaw Channel,Two-person,5 Days,Wednesday|Friday
KY11,TKC19 Scotland O/N,Jigsaw Channel,Two-person,5 Days,Wednesday|Friday
KY12,TKC19 Scotland O/N,Jigsaw Channel,Two-person,5 Days,Wednesday|Friday
KY13,TKC19 Scotland O/N,Jigsaw Channel,Two-person,5 Days,Wednesday|Friday
KY14,TKC19 Scotland O/N,Jigsaw Channel,Two-person,5 Days,Wednesday|Friday
KY15,TKC19 Scotland O/N,Jigsaw Channel,Two-person,5 Days,Wednesday|Friday
KY16,TKC19 Scotland O/N,Jigsaw Channel,Two-person,5 Days,Wednesday|Friday
KY2,TKC19 Scotland O/N,Jigsaw Channel,Two-person,5 Days,Wednesday|Friday
KY3,TKC19 Scotland O/N,Jigsaw Channel,Two-person,5 Days,Wednesday|Friday
KY4,TKC19 Scotland O/N,Jigsaw Channel,Two-person,5 Days,Wednesday|Friday
KY5,TKC19 Scotland O/N,Jigsaw Channel,Two-person,5 Days,Wednesday|Friday
KY6,TKC19 Scotland O/N,Jigsaw Channel,Two-person,5 Days,Wednesday|Friday
KY7,TKC19 Scotland O/N,Jigsaw Channel,Two-person,5 Days,Wednesday|Friday
KY8,TKC19 Scotland O/N,Jigsaw Channel,Two-person,5 Days,Wednesday|Friday
KY9,TKC19 Scotland O/N,Jigsaw Channel,Two-person,5 Days,Wednesday|Friday
KY99,TKC19 Scotland O/N,Jigsaw Channel,Two-person,5 Days,Wednesday|Friday
ML1,TKC19 Scotland O/N,Jigsaw Channel,Two-person,5 Days,Wednesday|Friday
ML10,TKC19 Scotland O/N,Jigsaw Channel,Two-person,5 Days,Wednesday|Friday
ML11,TKC19 Scotland O/N,Jigsaw Channel,Two-person,5 Days,Wednesday|Friday
ML12,TKC19 Scotland O/N,Jigsaw Channel,Two-person,5 Days,Wednesday|Friday
ML2,TKC19 Scotland O/N,Jigsaw Channel,Two-person,5 Days,Wednesday|Friday
ML3,TKC19 Scotland O/N,Jigsaw Channel,Two-person,5 Days,Wednesday|Friday
ML7,TKC19 Scotland O/N,Jigsaw Channel,Two-person,5 Days,Wednesday|Friday
ML8,TKC19 Scotland O/N,Jigsaw Channel,Two-person,5 Days,Wednesday|Friday
ML9,TKC19 Scotland O/N,Jigsaw Channel,Two-person,5 Days,Wednesday|Friday
CA1,TKC19 Scotland O/N,Merchant Channel,Two-person,5 Days,Wednesday|Friday
CA10,TKC19 Scotland O/N,Merchant Channel,Two-person,5 Days,Wednesday|Friday
CA11,TKC19 Scotland O/N,Merchant Channel,Two-person,5 Days,Wednesday|Friday
CA2,TKC19 Scotland O/N,Merchant Channel,Two-person,5 Days,Wednesday|Friday
CA3,TKC19 Scotland O/N,Merchant Channel,Two-person,5 Days,Wednesday|Friday
CA5,TKC19 Scotland O/N,Merchant Channel,Two-person,5 Days,Wednesday|Friday
CA7,TKC19 Scotland O/N,Merchant Channel,Two-person,5 Days,Wednesday|Friday
EH1,TKC19 Scotland O/N,Merchant Channel,Two-person,5 Days,Wednesday|Friday
EH10,TKC19 Scotland O/N,Merchant Channel,Two-person,5 Days,Wednesday|Friday
EH11,TKC19 Scotland O/N,Merchant Channel,Two-person,5 Days,Wednesday|Friday
EH12,TKC19 Scotland O/N,Merchant Channel,Two-person,5 Days,Wednesday|Friday
EH13,TKC19 Scotland O/N,Merchant Channel,Two-person,5 Days,Wednesday|Friday
EH14,TKC19 Scotland O/N,Merchant Channel,Two-person,5 Days,Wednesday|Friday
EH15,TKC19 Scotland O/N,Merchant Channel,Two-person,5 Days,Wednesday|Friday
EH16,TKC19 Scotland O/N,Merchant Channel,Two-person,5 Days,Wednesday|Friday
EH17,TKC19 Scotland O/N,Merchant Channel,Two-person,5 Days,Wednesday|Friday
EH18,TKC19 Scotland O/N,Merchant Channel,Two-person,5 Days,Wednesday|Friday
EH19,TKC19 Scotland O/N,Merchant Channel,Two-person,5 Days,Wednesday|Friday
EH2,TKC19 Scotland O/N,Merchant Channel,Two-person,5 Days,Wednesday|Friday
EH20,TKC19 Scotland O/N,Merchant Channel,Two-person,5 Days,Wednesday|Friday
EH21,TKC19 Scotland O/N,Merchant Channel,Two-person,5 Days,Wednesday|Friday
EH22,TKC19 Scotland O/N,Merchant Channel,Two-person,5 Days,Wednesday|Friday
EH23,TKC19 Scotland O/N,Merchant Channel,Two-person,5 Days,Wednesday|Friday
EH24,TKC19 Scotland O/N,Merchant Channel,Two-person,5 Days,Wednesday|Friday
EH25,TKC19 Scotland O/N,Merchant Channel,Two-person,5 Days,Wednesday|Friday
EH26,TKC19 Scotland O/N,Merchant Channel,Two-person,5 Days,Wednesday|Friday
EH27,TKC19 Scotland O/N,Merchant Channel,Two-person,5 Days,Wednesday|Friday
EH28,TKC19 Scotland O/N,Merchant Channel,Two-person,5 Days,Wednesday|Friday
EH29,TKC19 Scotland O/N,Merchant Channel,Two-person,5 Days,Wednesday|Friday
EH3,TKC19 Scotland O/N,Merchant Channel,Two-person,5 Days,Wednesday|Friday
EH30,TKC19 Scotland O/N,Merchant Channel,Two-person,5 Days,Wednesday|Friday
EH31,TKC19 Scotland O/N,Merchant Channel,Two-person,5 Days,Wednesday|Friday
EH32,TKC19 Scotland O/N,Merchant Channel,Two-person,5 Days,Wednesday|Friday
EH33,TKC19 Scotland O/N,Merchant Channel,Two-person,5 Days,Wednesday|Friday
EH34,TKC19 Scotland O/N,Merchant Channel,Two-person,5 Days,Wednesday|Friday
EH35,TKC19 Scotland O/N,Merchant Channel,Two-person,5 Days,Wednesday|Friday
EH36,TKC19 Scotland O/N,Merchant Channel,Two-person,5 Days,Wednesday|Friday
EH37,TKC19 Scotland O/N,Merchant Channel,Two-person,5 Days,Wednesday|Friday
EH38,TKC19 Scotland O/N,Merchant Channel,Two-person,5 Days,Wednesday|Friday
EH39,TKC19 Scotland O/N,Merchant Channel,Two-person,5 Days,Wednesday|Friday
EH4,TKC19 Scotland O/N,Merchant Channel,Two-person,5 Days,Wednesday|Friday
EH40,TKC19 Scotland O/N,Merchant Channel,Two-person,5 Days,Wednesday|Friday
EH41,TKC19 Scotland O/N,Merchant Channel,Two-person,5 Days,Wednesday|Friday
EH42,TKC19 Scotland O/N,Merchant Channel,Two-person,5 Days,Wednesday|Friday
EH43,TKC19 Scotland O/N,Merchant Channel,Two-person,5 Days,Wednesday|Friday
EH44,TKC19 Scotland O/N,Merchant Channel,Two-person,5 Days,Wednesday|Friday
EH45,TKC19 Scotland O/N,Merchant Channel,Two-person,5 Days,Wednesday|Friday
EH46,TKC19 Scotland O/N,Merchant Channel,Two-person,5 Days,Wednesday|Friday
EH47,TKC19 Scotland O/N,Merchant Channel,Two-person,5 Days,Wednesday|Friday
EH48,TKC19 Scotland O/N,Merchant Channel,Two-person,5 Days,Wednesday|Friday
EH49,TKC19 Scotland O/N,Merchant Channel,Two-person,5 Days,Wednesday|Friday
EH5,TKC19 Scotland O/N,Merchant Channel,Two-person,5 Days,Wednesday|Friday
EH51,TKC19 Scotland O/N,Merchant Channel,Two-person,5 Days,Wednesday|Friday
EH52,TKC19 Scotland O/N,Merchant Channel,Two-person,5 Days,Wednesday|Friday
EH53,TKC19 Scotland O/N,Merchant Channel,Two-person,5 Days,Wednesday|Friday
EH54,TKC19 Scotland O/N,Merchant Channel,Two-person,5 Days,Wednesday|Friday
EH55,TKC19 Scotland O/N,Merchant Channel,Two-person,5 Days,Wednesday|Friday
EH6,TKC19 Scotland O/N,Merchant Channel,Two-person,5 Days,Wednesday|Friday
EH7,TKC19 Scotland O/N,Merchant Channel,Two-person,5 Days,Wednesday|Friday
EH8,TKC19 Scotland O/N,Merchant Channel,Two-person,5 Days,Wednesday|Friday
EH9,TKC19 Scotland O/N,Merchant Channel,Two-person,5 Days,Wednesday|Friday
EH91,TKC19 Scotland O/N,Merchant Channel,Two-person,5 Days,Wednesday|Friday
EH95,TKC19 Scotland O/N,Merchant Channel,Two-person,5 Days,Wednesday|Friday
EH99,TKC19 Scotland O/N,Merchant Channel,Two-person,5 Days,Wednesday|Friday
KY1,TKC19 Scotland O/N,Merchant Channel,Two-person,5 Days,Wednesday|Friday
KY10,TKC19 Scotland O/N,Merchant Channel,Two-person,5 Days,Wednesday|Friday
KY11,TKC19 Scotland O/N,Merchant Channel,Two-person,5 Days,Wednesday|Friday
KY12,TKC19 Scotland O/N,Merchant Channel,Two-person,5 Days,Wednesday|Friday
KY13,TKC19 Scotland O/N,Merchant Channel,Two-person,5 Days,Wednesday|Friday
KY14,TKC19 Scotland O/N,Merchant Channel,Two-person,5 Days,Wednesday|Friday
KY15,TKC19 Scotland O/N,Merchant Channel,Two-person,5 Days,Wednesday|Friday
KY16,TKC19 Scotland O/N,Merchant Channel,Two-person,5 Days,Wednesday|Friday
KY2,TKC19 Scotland O/N,Merchant Channel,Two-person,5 Days,Wednesday|Friday
KY3,TKC19 Scotland O/N,Merchant Channel,Two-person,5 Days,Wednesday|Friday
KY4,TKC19 Scotland O/N,Merchant Channel,Two-person,5 Days,Wednesday|Friday
KY5,TKC19 Scotland O/N,Merchant Channel,Two-person,5 Days,Wednesday|Friday
KY6,TKC19 Scotland O/N,Merchant Channel,Two-person,5 Days,Wednesday|Friday
KY7,TKC19 Scotland O/N,Merchant Channel,Two-person,5 Days,Wednesday|Friday
KY8,TKC19 Scotland O/N,Merchant Channel,Two-person,5 Days,Wednesday|Friday
KY9,TKC19 Scotland O/N,Merchant Channel,Two-person,5 Days,Wednesday|Friday
KY99,TKC19 Scotland O/N,Merchant Channel,Two-person,5 Days,Wednesday|Friday
ML1,TKC19 Scotland O/N,Merchant Channel,Two-person,5 Days,Wednesday|Friday
ML10,TKC19 Scotland O/N,Merchant Channel,Two-person,5 Days,Wednesday|Friday
ML11,TKC19 Scotland O/N,Merchant Channel,Two-person,5 Days,Wednesday|Friday
ML12,TKC19 Scotland O/N,Merchant Channel,Two-person,5 Days,Wednesday|Friday
ML2,TKC19 Scotland O/N,Merchant Channel,Two-person,5 Days,Wednesday|Friday
ML3,TKC19 Scotland O/N,Merchant Channel,Two-person,5 Days,Wednesday|Friday
ML7,TKC19 Scotland O/N,Merchant Channel,Two-person,5 Days,Wednesday|Friday
ML8,TKC19 Scotland O/N,Merchant Channel,Two-person,5 Days,Wednesday|Friday
ML9,TKC19 Scotland O/N,Merchant Channel,Two-person,5 Days,Wednesday|Friday
CA1,TKC19 Scotland O/N,Retail Channel,Two-person,21 Days,Wednesday|Friday
CA10,TKC19 Scotland O/N,Retail Channel,Two-person,21 Days,Wednesday|Friday
CA11,TKC19 Scotland O/N,Retail Channel,Two-person,21 Days,Wednesday|Friday
CA2,TKC19 Scotland O/N,Retail Channel,Two-person,21 Days,Wednesday|Friday
CA3,TKC19 Scotland O/N,Retail Channel,Two-person,21 Days,Wednesday|Friday
CA5,TKC19 Scotland O/N,Retail Channel,Two-person,21 Days,Wednesday|Friday
CA7,TKC19 Scotland O/N,Retail Channel,Two-person,21 Days,Wednesday|Friday
EH1,TKC19 Scotland O/N,Retail Channel,Two-person,21 Days,Wednesday|Friday
EH10,TKC19 Scotland O/N,Retail Channel,Two-person,21 Days,Wednesday|Friday
EH11,TKC19 Scotland O/N,Retail Channel,Two-person,21 Days,Wednesday|Friday
EH12,TKC19 Scotland O/N,Retail Channel,Two-person,21 Days,Wednesday|Friday
EH13,TKC19 Scotland O/N,Retail Channel,Two-person,21 Days,Wednesday|Friday
EH14,TKC19 Scotland O/N,Retail Channel,Two-person,21 Days,Wednesday|Friday
EH15,TKC19 Scotland O/N,Retail Channel,Two-person,21 Days,Wednesday|Friday
EH16,TKC19 Scotland O/N,Retail Channel,Two-person,21 Days,Wednesday|Friday
EH17,TKC19 Scotland O/N,Retail Channel,Two-person,21 Days,Wednesday|Friday
EH18,TKC19 Scotland O/N,Retail Channel,Two-person,21 Days,Wednesday|Friday
EH19,TKC19 Scotland O/N,Retail Channel,Two-person,21 Days,Wednesday|Friday
EH2,TKC19 Scotland O/N,Retail Channel,Two-person,21 Days,Wednesday|Friday
EH20,TKC19 Scotland O/N,Retail Channel,Two-person,21 Days,Wednesday|Friday
EH21,TKC19 Scotland O/N,Retail Channel,Two-person,21 Days,Wednesday|Friday
EH22,TKC19 Scotland O/N,Retail Channel,Two-person,21 Days,Wednesday|Friday
EH23,TKC19 Scotland O/N,Retail Channel,Two-person,21 Days,Wednesday|Friday
EH24,TKC19 Scotland O/N,Retail Channel,Two-person,21 Days,Wednesday|Friday
EH25,TKC19 Scotland O/N,Retail Channel,Two-person,21 Days,Wednesday|Friday
EH26,TKC19 Scotland O/N,Retail Channel,Two-person,21 Days,Wednesday|Friday
EH27,TKC19 Scotland O/N,Retail Channel,Two-person,21 Days,Wednesday|Friday
EH28,TKC19 Scotland O/N,Retail Channel,Two-person,21 Days,Wednesday|Friday
EH29,TKC19 Scotland O/N,Retail Channel,Two-person,21 Days,Wednesday|Friday
EH3,TKC19 Scotland O/N,Retail Channel,Two-person,21 Days,Wednesday|Friday
EH30,TKC19 Scotland O/N,Retail Channel,Two-person,21 Days,Wednesday|Friday
EH31,TKC19 Scotland O/N,Retail Channel,Two-person,21 Days,Wednesday|Friday
EH32,TKC19 Scotland O/N,Retail Channel,Two-person,21 Days,Wednesday|Friday
EH33,TKC19 Scotland O/N,Retail Channel,Two-person,21 Days,Wednesday|Friday
EH34,TKC19 Scotland O/N,Retail Channel,Two-person,21 Days,Wednesday|Friday
EH35,TKC19 Scotland O/N,Retail Channel,Two-person,21 Days,Wednesday|Friday
EH36,TKC19 Scotland O/N,Retail Channel,Two-person,21 Days,Wednesday|Friday
EH37,TKC19 Scotland O/N,Retail Channel,Two-person,21 Days,Wednesday|Friday
EH38,TKC19 Scotland O/N,Retail Channel,Two-person,21 Days,Wednesday|Friday
EH39,TKC19 Scotland O/N,Retail Channel,Two-person,21 Days,Wednesday|Friday
EH4,TKC19 Scotland O/N,Retail Channel,Two-person,21 Days,Wednesday|Friday
EH40,TKC19 Scotland O/N,Retail Channel,Two-person,21 Days,Wednesday|Friday
EH41,TKC19 Scotland O/N,Retail Channel,Two-person,21 Days,Wednesday|Friday
EH42,TKC19 Scotland O/N,Retail Channel,Two-person,21 Days,Wednesday|Friday
EH43,TKC19 Scotland O/N,Retail Channel,Two-person,21 Days,Wednesday|Friday
EH44,TKC19 Scotland O/N,Retail Channel,Two-person,21 Days,Wednesday|Friday
EH45,TKC19 Scotland O/N,Retail Channel,Two-person,21 Days,Wednesday|Friday
EH46,TKC19 Scotland O/N,Retail Channel,Two-person,21 Days,Wednesday|Friday
EH47,TKC19 Scotland O/N,Retail Channel,Two-person,21 Days,Wednesday|Friday
EH48,TKC19 Scotland O/N,Retail Channel,Two-person,21 Days,Wednesday|Friday
EH49,TKC19 Scotland O/N,Retail Channel,Two-person,21 Days,Wednesday|Friday
EH5,TKC19 Scotland O/N,Retail Channel,Two-person,21 Days,Wednesday|Friday
EH51,TKC19 Scotland O/N,Retail Channel,Two-person,21 Days,Wednesday|Friday
EH52,TKC19 Scotland O/N,Retail Channel,Two-person,21 Days,Wednesday|Friday
EH53,TKC19 Scotland O/N,Retail Channel,Two-person,21 Days,Wednesday|Friday
EH54,TKC19 Scotland O/N,Retail Channel,Two-person,21 Days,Wednesday|Friday
EH55,TKC19 Scotland O/N,Retail Channel,Two-person,21 Days,Wednesday|Friday
EH6,TKC19 Scotland O/N,Retail Channel,Two-person,21 Days,Wednesday|Friday
EH7,TKC19 Scotland O/N,Retail Channel,Two-person,21 Days,Wednesday|Friday
EH8,TKC19 Scotland O/N,Retail Channel,Two-person,21 Days,Wednesday|Friday
EH9,TKC19 Scotland O/N,Retail Channel,Two-person,21 Days,Wednesday|Friday
EH91,TKC19 Scotland O/N,Retail Channel,Two-person,21 Days,Wednesday|Friday
EH95,TKC19 Scotland O/N,Retail Channel,Two-person,21 Days,Wednesday|Friday
EH99,TKC19 Scotland O/N,Retail Channel,Two-person,21 Days,Wednesday|Friday
KY1,TKC19 Scotland O/N,Retail Channel,Two-person,21 Days,Wednesday|Friday
KY10,TKC19 Scotland O/N,Retail Channel,Two-person,21 Days,Wednesday|Friday
KY11,TKC19 Scotland O/N,Retail Channel,Two-person,21 Days,Wednesday|Friday
KY12,TKC19 Scotland O/N,Retail Channel,Two-person,21 Days,Wednesday|Friday
KY13,TKC19 Scotland O/N,Retail Channel,Two-person,21 Days,Wednesday|Friday
KY14,TKC19 Scotland O/N,Retail Channel,Two-person,21 Days,Wednesday|Friday
KY15,TKC19 Scotland O/N,Retail Channel,Two-person,21 Days,Wednesday|Friday
KY16,TKC19 Scotland O/N,Retail Channel,Two-person,21 Days,Wednesday|Friday
KY2,TKC19 Scotland O/N,Retail Channel,Two-person,21 Days,Wednesday|Friday
KY3,TKC19 Scotland O/N,Retail Channel,Two-person,21 Days,Wednesday|Friday
KY4,TKC19 Scotland O/N,Retail Channel,Two-person,21 Days,Wednesday|Friday
KY5,TKC19 Scotland O/N,Retail Channel,Two-person,21 Days,Wednesday|Friday
KY6,TKC19 Scotland O/N,Retail Channel,Two-person,21 Days,Wednesday|Friday
KY7,TKC19 Scotland O/N,Retail Channel,Two-person,21 Days,Wednesday|Friday
KY8,TKC19 Scotland O/N,Retail Channel,Two-person,21 Days,Wednesday|Friday
KY9,TKC19 Scotland O/N,Retail Channel,Two-person,21 Days,Wednesday|Friday
KY99,TKC19 Scotland O/N,Retail Channel,Two-person,21 Days,Wednesday|Friday
ML1,TKC19 Scotland O/N,Retail Channel,Two-person,21 Days,Wednesday|Friday
ML10,TKC19 Scotland O/N,Retail Channel,Two-person,21 Days,Wednesday|Friday
ML11,TKC19 Scotland O/N,Retail Channel,Two-person,21 Days,Wednesday|Friday
ML12,TKC19 Scotland O/N,Retail Channel,Two-person,21 Days,Wednesday|Friday
ML2,TKC19 Scotland O/N,Retail Channel,Two-person,21 Days,Wednesday|Friday
ML3,TKC19 Scotland O/N,Retail Channel,Two-person,21 Days,Wednesday|Friday
ML7,TKC19 Scotland O/N,Retail Channel,Two-person,21 Days,Wednesday|Friday
ML8,TKC19 Scotland O/N,Retail Channel,Two-person,21 Days,Wednesday|Friday
ML9,TKC19 Scotland O/N,Retail Channel,Two-person,21 Days,Wednesday|Friday
LD1,TKC19 South Wales O/N,Component Channel,One-person,2 Days,Thursday
LD2,TKC19 South Wales O/N,Component Channel,One-person,2 Days,Thursday
LD3,TKC19 South Wales O/N,Component Channel,One-person,2 Days,Thursday
LD4,TKC19 South Wales O/N,Component Channel,One-person,2 Days,Thursday
LD5,TKC19 South Wales O/N,Component Channel,One-person,2 Days,Thursday
LD6,TKC19 South Wales O/N,Component Channel,One-person,2 Days,Thursday
LD7,TKC19 South Wales O/N,Component Channel,One-person,2 Days,Thursday
LD8,TKC19 South Wales O/N,Component Channel,One-person,2 Days,Thursday
SA19,TKC19 South Wales O/N,Component Channel,One-person,2 Days,Thursday
SA20,TKC19 South Wales O/N,Component Channel,One-person,2 Days,Thursday
SA31,TKC19 South Wales O/N,Component Channel,One-person,2 Days,Thursday
SA32,TKC19 South Wales O/N,Component Channel,One-person,2 Days,Thursday
SA33,TKC19 South Wales O/N,Component Channel,One-person,2 Days,Thursday
SA34,TKC19 South Wales O/N,Component Channel,One-person,2 Days,Thursday
SA35,TKC19 South Wales O/N,Component Channel,One-person,2 Days,Thursday
SA36,TKC19 South Wales O/N,Component Channel,One-person,2 Days,Thursday
SA37,TKC19 South Wales O/N,Component Channel,One-person,2 Days,Thursday
SA38,TKC19 South Wales O/N,Component Channel,One-person,2 Days,Thursday
SA39,TKC19 South Wales O/N,Component Channel,One-person,2 Days,Thursday
SA40,TKC19 South Wales O/N,Component Channel,One-person,2 Days,Thursday
SA41,TKC19 South Wales O/N,Component Channel,One-person,2 Days,Thursday
SA42,TKC19 South Wales O/N,Component Channel,One-person,2 Days,Thursday
SA43,TKC19 South Wales O/N,Component Channel,One-person,2 Days,Thursday
SA44,TKC19 South Wales O/N,Component Channel,One-person,2 Days,Thursday
SA45,TKC19 South Wales O/N,Component Channel,One-person,2 Days,Thursday
SA46,TKC19 South Wales O/N,Component Channel,One-person,2 Days,Thursday
SA47,TKC19 South Wales O/N,Component Channel,One-person,2 Days,Thursday
SA48,TKC19 South Wales O/N,Component Channel,One-person,2 Days,Thursday
SA61,TKC19 South Wales O/N,Component Channel,One-person,2 Days,Thursday
SA62,TKC19 South Wales O/N,Component Channel,One-person,2 Days,Thursday
SA63,TKC19 South Wales O/N,Component Channel,One-person,2 Days,Thursday
SA64,TKC19 South Wales O/N,Component Channel,One-person,2 Days,Thursday
SA65,TKC19 South Wales O/N,Component Channel,One-person,2 Days,Thursday
SA66,TKC19 South Wales O/N,Component Channel,One-person,2 Days,Thursday
SA67,TKC19 South Wales O/N,Component Channel,One-person,2 Days,Thursday
SA68,TKC19 South Wales O/N,Component Channel,One-person,2 Days,Thursday
SA69,TKC19 South Wales O/N,Component Channel,One-person,2 Days,Thursday
SA70,TKC19 South Wales O/N,Component Channel,One-person,2 Days,Thursday
SA71,TKC19 South Wales O/N,Component Channel,One-person,2 Days,Thursday
SA72,TKC19 South Wales O/N,Component Channel,One-person,2 Days,Thursday
SA73,TKC19 South Wales O/N,Component Channel,One-person,2 Days,Thursday
SY17,TKC19 South Wales O/N,Component Channel,One-person,2 Days,Thursday
SY18,TKC19 South Wales O/N,Component Channel,One-person,2 Days,Thursday
SY23,TKC19 South Wales O/N,Component Channel,One-person,2 Days,Thursday
SY24,TKC19 South Wales O/N,Component Channel,One-person,2 Days,Thursday
SY25,TKC19 South Wales O/N,Component Channel,One-person,2 Days,Thursday
LD1,TKC19 South Wales O/N,Jigsaw Channel,Two-person,5 Days,Thursday
LD2,TKC19 South Wales O/N,Jigsaw Channel,Two-person,5 Days,Thursday
LD3,TKC19 South Wales O/N,Jigsaw Channel,Two-person,5 Days,Thursday
LD4,TKC19 South Wales O/N,Jigsaw Channel,Two-person,5 Days,Thursday
LD5,TKC19 South Wales O/N,Jigsaw Channel,Two-person,5 Days,Thursday
LD6,TKC19 South Wales O/N,Jigsaw Channel,Two-person,5 Days,Thursday
LD7,TKC19 South Wales O/N,Jigsaw Channel,Two-person,5 Days,Thursday
LD8,TKC19 South Wales O/N,Jigsaw Channel,Two-person,5 Days,Thursday
SA19,TKC19 South Wales O/N,Jigsaw Channel,Two-person,5 Days,Thursday
SA20,TKC19 South Wales O/N,Jigsaw Channel,Two-person,5 Days,Thursday
SA31,TKC19 South Wales O/N,Jigsaw Channel,Two-person,5 Days,Thursday
SA32,TKC19 South Wales O/N,Jigsaw Channel,Two-person,5 Days,Thursday
SA33,TKC19 South Wales O/N,Jigsaw Channel,Two-person,5 Days,Thursday
SA34,TKC19 South Wales O/N,Jigsaw Channel,Two-person,5 Days,Thursday
SA35,TKC19 South Wales O/N,Jigsaw Channel,Two-person,5 Days,Thursday
SA36,TKC19 South Wales O/N,Jigsaw Channel,Two-person,5 Days,Thursday
SA37,TKC19 South Wales O/N,Jigsaw Channel,Two-person,5 Days,Thursday
SA38,TKC19 South Wales O/N,Jigsaw Channel,Two-person,5 Days,Thursday
SA39,TKC19 South Wales O/N,Jigsaw Channel,Two-person,5 Days,Thursday
SA40,TKC19 South Wales O/N,Jigsaw Channel,Two-person,5 Days,Thursday
SA41,TKC19 South Wales O/N,Jigsaw Channel,Two-person,5 Days,Thursday
SA42,TKC19 South Wales O/N,Jigsaw Channel,Two-person,5 Days,Thursday
SA43,TKC19 South Wales O/N,Jigsaw Channel,Two-person,5 Days,Thursday
SA44,TKC19 South Wales O/N,Jigsaw Channel,Two-person,5 Days,Thursday
SA45,TKC19 South Wales O/N,Jigsaw Channel,Two-person,5 Days,Thursday
SA46,TKC19 South Wales O/N,Jigsaw Channel,Two-person,5 Days,Thursday
SA47,TKC19 South Wales O/N,Jigsaw Channel,Two-person,5 Days,Thursday
SA48,TKC19 South Wales O/N,Jigsaw Channel,Two-person,5 Days,Thursday
SA61,TKC19 South Wales O/N,Jigsaw Channel,Two-person,5 Days,Thursday
SA62,TKC19 South Wales O/N,Jigsaw Channel,Two-person,5 Days,Thursday
SA63,TKC19 South Wales O/N,Jigsaw Channel,Two-person,5 Days,Thursday
SA64,TKC19 South Wales O/N,Jigsaw Channel,Two-person,5 Days,Thursday
SA65,TKC19 South Wales O/N,Jigsaw Channel,Two-person,5 Days,Thursday
SA66,TKC19 South Wales O/N,Jigsaw Channel,Two-person,5 Days,Thursday
SA67,TKC19 South Wales O/N,Jigsaw Channel,Two-person,5 Days,Thursday
SA68,TKC19 South Wales O/N,Jigsaw Channel,Two-person,5 Days,Thursday
SA69,TKC19 South Wales O/N,Jigsaw Channel,Two-person,5 Days,Thursday
SA70,TKC19 South Wales O/N,Jigsaw Channel,Two-person,5 Days,Thursday
SA71,TKC19 South Wales O/N,Jigsaw Channel,Two-person,5 Days,Thursday
SA72,TKC19 South Wales O/N,Jigsaw Channel,Two-person,5 Days,Thursday
SA73,TKC19 South Wales O/N,Jigsaw Channel,Two-person,5 Days,Thursday
SY17,TKC19 South Wales O/N,Jigsaw Channel,Two-person,5 Days,Thursday
SY18,TKC19 South Wales O/N,Jigsaw Channel,Two-person,5 Days,Thursday
SY23,TKC19 South Wales O/N,Jigsaw Channel,Two-person,5 Days,Thursday
SY24,TKC19 South Wales O/N,Jigsaw Channel,Two-person,5 Days,Thursday
SY25,TKC19 South Wales O/N,Jigsaw Channel,Two-person,5 Days,Thursday
LD1,TKC19 South Wales O/N,Merchant Channel,Two-person,5 Days,Thursday
LD2,TKC19 South Wales O/N,Merchant Channel,Two-person,5 Days,Thursday
LD3,TKC19 South Wales O/N,Merchant Channel,Two-person,5 Days,Thursday
LD4,TKC19 South Wales O/N,Merchant Channel,Two-person,5 Days,Thursday
LD5,TKC19 South Wales O/N,Merchant Channel,Two-person,5 Days,Thursday
LD6,TKC19 South Wales O/N,Merchant Channel,Two-person,5 Days,Thursday
LD7,TKC19 South Wales O/N,Merchant Channel,Two-person,5 Days,Thursday
LD8,TKC19 South Wales O/N,Merchant Channel,Two-person,5 Days,Thursday
SA19,TKC19 South Wales O/N,Merchant Channel,Two-person,5 Days,Thursday
SA20,TKC19 South Wales O/N,Merchant Channel,Two-person,5 Days,Thursday
SA31,TKC19 South Wales O/N,Merchant Channel,Two-person,5 Days,Thursday
SA32,TKC19 South Wales O/N,Merchant Channel,Two-person,5 Days,Thursday
SA33,TKC19 South Wales O/N,Merchant Channel,Two-person,5 Days,Thursday
SA34,TKC19 South Wales O/N,Merchant Channel,Two-person,5 Days,Thursday
SA35,TKC19 South Wales O/N,Merchant Channel,Two-person,5 Days,Thursday
SA36,TKC19 South Wales O/N,Merchant Channel,Two-person,5 Days,Thursday
SA37,TKC19 South Wales O/N,Merchant Channel,Two-person,5 Days,Thursday
SA38,TKC19 South Wales O/N,Merchant Channel,Two-person,5 Days,Thursday
SA39,TKC19 South Wales O/N,Merchant Channel,Two-person,5 Days,Thursday
SA40,TKC19 South Wales O/N,Merchant Channel,Two-person,5 Days,Thursday
SA41,TKC19 South Wales O/N,Merchant Channel,Two-person,5 Days,Thursday
SA42,TKC19 South Wales O/N,Merchant Channel,Two-person,5 Days,Thursday
SA43,TKC19 South Wales O/N,Merchant Channel,Two-person,5 Days,Thursday
SA44,TKC19 South Wales O/N,Merchant Channel,Two-person,5 Days,Thursday
SA45,TKC19 South Wales O/N,Merchant Channel,Two-person,5 Days,Thursday
SA46,TKC19 South Wales O/N,Merchant Channel,Two-person,5 Days,Thursday
SA47,TKC19 South Wales O/N,Merchant Channel,Two-person,5 Days,Thursday
SA48,TKC19 South Wales O/N,Merchant Channel,Two-person,5 Days,Thursday
SA61,TKC19 South Wales O/N,Merchant Channel,Two-person,5 Days,Thursday
SA62,TKC19 South Wales O/N,Merchant Channel,Two-person,5 Days,Thursday
SA63,TKC19 South Wales O/N,Merchant Channel,Two-person,5 Days,Thursday
SA64,TKC19 South Wales O/N,Merchant Channel,Two-person,5 Days,Thursday
SA65,TKC19 South Wales O/N,Merchant Channel,Two-person,5 Days,Thursday
SA66,TKC19 South Wales O/N,Merchant Channel,Two-person,5 Days,Thursday
SA67,TKC19 South Wales O/N,Merchant Channel,Two-person,5 Days,Thursday
SA68,TKC19 South Wales O/N,Merchant Channel,Two-person,5 Days,Thursday
SA69,TKC19 South Wales O/N,Merchant Channel,Two-person,5 Days,Thursday
SA70,TKC19 South Wales O/N,Merchant Channel,Two-person,5 Days,Thursday
SA71,TKC19 South Wales O/N,Merchant Channel,Two-person,5 Days,Thursday
SA72,TKC19 South Wales O/N,Merchant Channel,Two-person,5 Days,Thursday
SA73,TKC19 South Wales O/N,Merchant Channel,Two-person,5 Days,Thursday
SY17,TKC19 South Wales O/N,Merchant Channel,Two-person,5 Days,Thursday
SY18,TKC19 South Wales O/N,Merchant Channel,Two-person,5 Days,Thursday
SY23,TKC19 South Wales O/N,Merchant Channel,Two-person,5 Days,Thursday
SY24,TKC19 South Wales O/N,Merchant Channel,Two-person,5 Days,Thursday
SY25,TKC19 South Wales O/N,Merchant Channel,Two-person,5 Days,Thursday
LD1,TKC19 South Wales O/N,Retail Channel,Two-person,21 Days,Thursday
LD2,TKC19 South Wales O/N,Retail Channel,Two-person,21 Days,Thursday
LD3,TKC19 South Wales O/N,Retail Channel,Two-person,21 Days,Thursday
LD4,TKC19 South Wales O/N,Retail Channel,Two-person,21 Days,Thursday
LD5,TKC19 South Wales O/N,Retail Channel,Two-person,21 Days,Thursday
LD6,TKC19 South Wales O/N,Retail Channel,Two-person,21 Days,Thursday
LD7,TKC19 South Wales O/N,Retail Channel,Two-person,21 Days,Thursday
LD8,TKC19 South Wales O/N,Retail Channel,Two-person,21 Days,Thursday
SA19,TKC19 South Wales O/N,Retail Channel,Two-person,21 Days,Thursday
SA20,TKC19 South Wales O/N,Retail Channel,Two-person,21 Days,Thursday
SA31,TKC19 South Wales O/N,Retail Channel,Two-person,21 Days,Thursday
SA32,TKC19 South Wales O/N,Retail Channel,Two-person,21 Days,Thursday
SA33,TKC19 South Wales O/N,Retail Channel,Two-person,21 Days,Thursday
SA34,TKC19 South Wales O/N,Retail Channel,Two-person,21 Days,Thursday
SA35,TKC19 South Wales O/N,Retail Channel,Two-person,21 Days,Thursday
SA36,TKC19 South Wales O/N,Retail Channel,Two-person,21 Days,Thursday
SA37,TKC19 South Wales O/N,Retail Channel,Two-person,21 Days,Thursday
SA38,TKC19 South Wales O/N,Retail Channel,Two-person,21 Days,Thursday
SA39,TKC19 South Wales O/N,Retail Channel,Two-person,21 Days,Thursday
SA40,TKC19 South Wales O/N,Retail Channel,Two-person,21 Days,Thursday
SA41,TKC19 South Wales O/N,Retail Channel,Two-person,21 Days,Thursday
SA42,TKC19 South Wales O/N,Retail Channel,Two-person,21 Days,Thursday
SA43,TKC19 South Wales O/N,Retail Channel,Two-person,21 Days,Thursday
SA44,TKC19 South Wales O/N,Retail Channel,Two-person,21 Days,Thursday
SA45,TKC19 South Wales O/N,Retail Channel,Two-person,21 Days,Thursday
SA46,TKC19 South Wales O/N,Retail Channel,Two-person,21 Days,Thursday
SA47,TKC19 South Wales O/N,Retail Channel,Two-person,21 Days,Thursday
SA48,TKC19 South Wales O/N,Retail Channel,Two-person,21 Days,Thursday
SA61,TKC19 South Wales O/N,Retail Channel,Two-person,21 Days,Thursday
SA62,TKC19 South Wales O/N,Retail Channel,Two-person,21 Days,Thursday
SA63,TKC19 South Wales O/N,Retail Channel,Two-person,21 Days,Thursday
SA64,TKC19 South Wales O/N,Retail Channel,Two-person,21 Days,Thursday
SA65,TKC19 South Wales O/N,Retail Channel,Two-person,21 Days,Thursday
SA66,TKC19 South Wales O/N,Retail Channel,Two-person,21 Days,Thursday
SA67,TKC19 South Wales O/N,Retail Channel,Two-person,21 Days,Thursday
SA68,TKC19 South Wales O/N,Retail Channel,Two-person,21 Days,Thursday
SA69,TKC19 South Wales O/N,Retail Channel,Two-person,21 Days,Thursday
SA70,TKC19 South Wales O/N,Retail Channel,Two-person,21 Days,Thursday
SA71,TKC19 South Wales O/N,Retail Channel,Two-person,21 Days,Thursday
SA72,TKC19 South Wales O/N,Retail Channel,Two-person,21 Days,Thursday
SA73,TKC19 South Wales O/N,Retail Channel,Two-person,21 Days,Thursday
SY17,TKC19 South Wales O/N,Retail Channel,Two-person,21 Days,Thursday
SY18,TKC19 South Wales O/N,Retail Channel,Two-person,21 Days,Thursday
SY23,TKC19 South Wales O/N,Retail Channel,Two-person,21 Days,Thursday
SY24,TKC19 South Wales O/N,Retail Channel,Two-person,21 Days,Thursday
SY25,TKC19 South Wales O/N,Retail Channel,Two-person,21 Days,Thursday
B49,TKC19 South West O/N,Component Channel,One-person,2 Days,Wednesday|Friday
B50,TKC19 South West O/N,Component Channel,One-person,2 Days,Wednesday|Friday
B60,TKC19 South West O/N,Component Channel,One-person,2 Days,Wednesday|Friday
B61,TKC19 South West O/N,Component Channel,One-person,2 Days,Wednesday|Friday
B80,TKC19 South West O/N,Component Channel,One-person,2 Days,Wednesday|Friday
B95,TKC19 South West O/N,Component Channel,One-person,2 Days,Wednesday|Friday
B96,TKC19 South West O/N,Component Channel,One-person,2 Days,Wednesday|Friday
B97,TKC19 South West O/N,Component Channel,One-person,2 Days,Wednesday|Friday
B98,TKC19 South West O/N,Component Channel,One-person,2 Days,Wednesday|Friday
BA1,TKC19 South West O/N,Component Channel,One-person,2 Days,Wednesday|Friday
BA11,TKC19 South West O/N,Component Channel,One-person,2 Days,Wednesday|Friday
BA12,TKC19 South West O/N,Component Channel,One-person,2 Days,Wednesday|Friday
BA13,TKC19 South West O/N,Component Channel,One-person,2 Days,Wednesday|Friday
BA14,TKC19 South West O/N,Component Channel,One-person,2 Days,Wednesday|Friday
BA15,TKC19 South West O/N,Component Channel,One-person,2 Days,Wednesday|Friday
BA16,TKC19 South West O/N,Component Channel,One-person,2 Days,Wednesday|Friday
BA2,TKC19 South West O/N,Component Channel,One-person,2 Days,Wednesday|Friday
BA20,TKC19 South West O/N,Component Channel,One-person,2 Days,Wednesday|Friday
BA21,TKC19 South West O/N,Component Channel,One-person,2 Days,Wednesday|Friday
BA22,TKC19 South West O/N,Component Channel,One-person,2 Days,Wednesday|Friday
BA3,TKC19 South West O/N,Component Channel,One-person,2 Days,Wednesday|Friday
BA4,TKC19 South West O/N,Component Channel,One-person,2 Days,Wednesday|Friday
BA5,TKC19 South West O/N,Component Channel,One-person,2 Days,Wednesday|Friday
BA6,TKC19 South West O/N,Component Channel,One-person,2 Days,Wednesday|Friday
BA7,TKC19 South West O/N,Component Channel,One-person,2 Days,Wednesday|Friday
BA8,TKC19 South West O/N,Component Channel,One-person,2 Days,Wednesday|Friday
BA9,TKC19 South West O/N,Component Channel,One-person,2 Days,Wednesday|Friday
DT1,TKC19 South West O/N,Component Channel,One-person,2 Days,Wednesday|Friday
DT2,TKC19 South West O/N,Component Channel,One-person,2 Days,Wednesday|Friday
DT3,TKC19 South West O/N,Component Channel,One-person,2 Days,Wednesday|Friday
DT4,TKC19 South West O/N,Component Channel,One-person,2 Days,Wednesday|Friday
DT5,TKC19 South West O/N,Component Channel,One-person,2 Days,Wednesday|Friday
DT6,TKC19 South West O/N,Component Channel,One-person,2 Days,Wednesday|Friday
DT8,TKC19 South West O/N,Component Channel,One-person,2 Days,Wednesday|Friday
DT9,TKC19 South West O/N,Component Channel,One-person,2 Days,Wednesday|Friday
DT10,TKC19 South West O/N,Component Channel,One-person,2 Days,Wednesday|Friday
DT11,TKC19 South West O/N,Component Channel,One-person,2 Days,Wednesday|Friday
GL1,TKC19 South West O/N,Component Channel,One-person,2 Days,Wednesday|Friday
GL10,TKC19 South West O/N,Component Channel,One-person,2 Days,Wednesday|Friday
GL11,TKC19 South West O/N,Component Channel,One-person,2 Days,Wednesday|Friday
GL12,TKC19 South West O/N,Component Channel,One-person,2 Days,Wednesday|Friday
GL13,TKC19 South West O/N,Component Channel,One-person,2 Days,Wednesday|Friday
GL14,TKC19 South West O/N,Component Channel,One-person,2 Days,Wednesday|Friday
GL15,TKC19 South West O/N,Component Channel,One-person,2 Days,Wednesday|Friday
GL16,TKC19 South West O/N,Component Channel,One-person,2 Days,Wednesday|Friday
GL17,TKC19 South West O/N,Component Channel,One-person,2 Days,Wednesday|Friday
GL18,TKC19 South West O/N,Component Channel,One-person,2 Days,Wednesday|Friday
GL19,TKC19 South West O/N,Component Channel,One-person,2 Days,Wednesday|Friday
GL2,TKC19 South West O/N,Component Channel,One-person,2 Days,Wednesday|Friday
GL20,TKC19 South West O/N,Component Channel,One-person,2 Days,Wednesday|Friday
GL3,TKC19 South West O/N,Component Channel,One-person,2 Days,Wednesday|Friday
GL4,TKC19 South West O/N,Component Channel,One-person,2 Days,Wednesday|Friday
GL5,TKC19 South West O/N,Component Channel,One-person,2 Days,Wednesday|Friday
GL50,TKC19 South West O/N,Component Channel,One-person,2 Days,Wednesday|Friday
GL51,TKC19 South West O/N,Component Channel,One-person,2 Days,Wednesday|Friday
GL52,TKC19 South West O/N,Component Channel,One-person,2 Days,Wednesday|Friday
GL53,TKC19 South West O/N,Component Channel,One-person,2 Days,Wednesday|Friday
GL54,TKC19 South West O/N,Component Channel,One-person,2 Days,Wednesday|Friday
GL55,TKC19 South West O/N,Component Channel,One-person,2 Days,Wednesday|Friday
GL56,TKC19 South West O/N,Component Channel,One-person,2 Days,Wednesday|Friday
GL6,TKC19 South West O/N,Component Channel,One-person,2 Days,Wednesday|Friday
GL7,TKC19 South West O/N,Component Channel,One-person,2 Days,Wednesday|Friday
GL8,TKC19 South West O/N,Component Channel,One-person,2 Days,Wednesday|Friday
GL9,TKC19 South West O/N,Component Channel,One-person,2 Days,Wednesday|Friday
SN13,TKC19 South West O/N,Component Channel,One-person,2 Days,Wednesday|Friday
SN14,TKC19 South West O/N,Component Channel,One-person,2 Days,Wednesday|Friday
SN16,TKC19 South West O/N,Component Channel,One-person,2 Days,Wednesday|Friday
TA10,TKC19 South West O/N,Component Channel,One-person,2 Days,Wednesday|Friday
TA11,TKC19 South West O/N,Component Channel,One-person,2 Days,Wednesday|Friday
TA12,TKC19 South West O/N,Component Channel,One-person,2 Days,Wednesday|Friday
TA13,TKC19 South West O/N,Component Channel,One-person,2 Days,Wednesday|Friday
TA14,TKC19 South West O/N,Component Channel,One-person,2 Days,Wednesday|Friday
TA15,TKC19 South West O/N,Component Channel,One-person,2 Days,Wednesday|Friday
TA16,TKC19 South West O/N,Component Channel,One-person,2 Days,Wednesday|Friday
TA17,TKC19 South West O/N,Component Channel,One-person,2 Days,Wednesday|Friday
TA18,TKC19 South West O/N,Component Channel,One-person,2 Days,Wednesday|Friday
TA19,TKC19 South West O/N,Component Channel,One-person,2 Days,Wednesday|Friday
TA20,TKC19 South West O/N,Component Channel,One-person,2 Days,Wednesday|Friday
WR1,TKC19 South West O/N,Component Channel,One-person,2 Days,Wednesday|Friday
WR10,TKC19 South West O/N,Component Channel,One-person,2 Days,Wednesday|Friday
WR11,TKC19 South West O/N,Component Channel,One-person,2 Days,Wednesday|Friday
WR12,TKC19 South West O/N,Component Channel,One-person,2 Days,Wednesday|Friday
WR13,TKC19 South West O/N,Component Channel,One-person,2 Days,Wednesday|Friday
WR14,TKC19 South West O/N,Component Channel,One-person,2 Days,Wednesday|Friday
WR15,TKC19 South West O/N,Component Channel,One-person,2 Days,Wednesday|Friday
WR2,TKC19 South West O/N,Component Channel,One-person,2 Days,Wednesday|Friday
WR3,TKC19 South West O/N,Component Channel,One-person,2 Days,Wednesday|Friday
WR4,TKC19 South West O/N,Component Channel,One-person,2 Days,Wednesday|Friday
WR5,TKC19 South West O/N,Component Channel,One-person,2 Days,Wednesday|Friday
WR6,TKC19 South West O/N,Component Channel,One-person,2 Days,Wednesday|Friday
WR7,TKC19 South West O/N,Component Channel,One-person,2 Days,Wednesday|Friday
WR8,TKC19 South West O/N,Component Channel,One-person,2 Days,Wednesday|Friday
WR9,TKC19 South West O/N,Component Channel,One-person,2 Days,Wednesday|Friday
B49,TKC19 South West O/N,Jigsaw Channel,Two-person,5 Days,Wednesday|Friday
B50,TKC19 South West O/N,Jigsaw Channel,Two-person,5 Days,Wednesday|Friday
B60,TKC19 South West O/N,Jigsaw Channel,Two-person,5 Days,Wednesday|Friday
B61,TKC19 South West O/N,Jigsaw Channel,Two-person,5 Days,Wednesday|Friday
B80,TKC19 South West O/N,Jigsaw Channel,Two-person,5 Days,Wednesday|Friday
B95,TKC19 South West O/N,Jigsaw Channel,Two-person,5 Days,Wednesday|Friday
B96,TKC19 South West O/N,Jigsaw Channel,Two-person,5 Days,Wednesday|Friday
B97,TKC19 South West O/N,Jigsaw Channel,Two-person,5 Days,Wednesday|Friday
B98,TKC19 South West O/N,Jigsaw Channel,Two-person,5 Days,Wednesday|Friday
BA1,TKC19 South West O/N,Jigsaw Channel,Two-person,5 Days,Wednesday|Friday
BA11,TKC19 South West O/N,Jigsaw Channel,Two-person,5 Days,Wednesday|Friday
BA12,TKC19 South West O/N,Jigsaw Channel,Two-person,5 Days,Wednesday|Friday
BA13,TKC19 South West O/N,Jigsaw Channel,Two-person,5 Days,Wednesday|Friday
BA14,TKC19 South West O/N,Jigsaw Channel,Two-person,5 Days,Wednesday|Friday
BA15,TKC19 South West O/N,Jigsaw Channel,Two-person,5 Days,Wednesday|Friday
BA16,TKC19 South West O/N,Jigsaw Channel,Two-person,5 Days,Wednesday|Friday
BA2,TKC19 South West O/N,Jigsaw Channel,Two-person,5 Days,Wednesday|Friday
BA20,TKC19 South West O/N,Jigsaw Channel,Two-person,5 Days,Wednesday|Friday
BA21,TKC19 South West O/N,Jigsaw Channel,Two-person,5 Days,Wednesday|Friday
BA22,TKC19 South West O/N,Jigsaw Channel,Two-person,5 Days,Wednesday|Friday
BA3,TKC19 South West O/N,Jigsaw Channel,Two-person,5 Days,Wednesday|Friday
BA4,TKC19 South West O/N,Jigsaw Channel,Two-person,5 Days,Wednesday|Friday
BA5,TKC19 South West O/N,Jigsaw Channel,Two-person,5 Days,Wednesday|Friday
BA6,TKC19 South West O/N,Jigsaw Channel,Two-person,5 Days,Wednesday|Friday
BA7,TKC19 South West O/N,Jigsaw Channel,Two-person,5 Days,Wednesday|Friday
BA8,TKC19 South West O/N,Jigsaw Channel,Two-person,5 Days,Wednesday|Friday
BA9,TKC19 South West O/N,Jigsaw Channel,Two-person,5 Days,Wednesday|Friday
DT1,TKC19 South West O/N,Jigsaw Channel,Two-person,5 Days,Wednesday|Friday
DT2,TKC19 South West O/N,Jigsaw Channel,Two-person,5 Days,Wednesday|Friday
DT3,TKC19 South West O/N,Jigsaw Channel,Two-person,5 Days,Wednesday|Friday
DT4,TKC19 South West O/N,Jigsaw Channel,Two-person,5 Days,Wednesday|Friday
DT5,TKC19 South West O/N,Jigsaw Channel,Two-person,5 Days,Wednesday|Friday
DT6,TKC19 South West O/N,Jigsaw Channel,Two-person,5 Days,Wednesday|Friday
DT8,TKC19 South West O/N,Jigsaw Channel,Two-person,5 Days,Wednesday|Friday
DT9,TKC19 South West O/N,Jigsaw Channel,Two-person,5 Days,Wednesday|Friday
DT10,TKC19 South West O/N,Jigsaw Channel,Two-person,5 Days,Wednesday|Friday
DT11,TKC19 South West O/N,Jigsaw Channel,Two-person,5 Days,Wednesday|Friday
GL1,TKC19 South West O/N,Jigsaw Channel,Two-person,5 Days,Wednesday|Friday
GL10,TKC19 South West O/N,Jigsaw Channel,Two-person,5 Days,Wednesday|Friday
GL11,TKC19 South West O/N,Jigsaw Channel,Two-person,5 Days,Wednesday|Friday
GL12,TKC19 South West O/N,Jigsaw Channel,Two-person,5 Days,Wednesday|Friday
GL13,TKC19 South West O/N,Jigsaw Channel,Two-person,5 Days,Wednesday|Friday
GL14,TKC19 South West O/N,Jigsaw Channel,Two-person,5 Days,Wednesday|Friday
GL15,TKC19 South West O/N,Jigsaw Channel,Two-person,5 Days,Wednesday|Friday
GL16,TKC19 South West O/N,Jigsaw Channel,Two-person,5 Days,Wednesday|Friday
GL17,TKC19 South West O/N,Jigsaw Channel,Two-person,5 Days,Wednesday|Friday
GL18,TKC19 South West O/N,Jigsaw Channel,Two-person,5 Days,Wednesday|Friday
GL19,TKC19 South West O/N,Jigsaw Channel,Two-person,5 Days,Wednesday|Friday
GL2,TKC19 South West O/N,Jigsaw Channel,Two-person,5 Days,Wednesday|Friday
GL20,TKC19 South West O/N,Jigsaw Channel,Two-person,5 Days,Wednesday|Friday
GL3,TKC19 South West O/N,Jigsaw Channel,Two-person,5 Days,Wednesday|Friday
GL4,TKC19 South West O/N,Jigsaw Channel,Two-person,5 Days,Wednesday|Friday
GL5,TKC19 South West O/N,Jigsaw Channel,Two-person,5 Days,Wednesday|Friday
GL50,TKC19 South West O/N,Jigsaw Channel,Two-person,5 Days,Wednesday|Friday
GL51,TKC19 South West O/N,Jigsaw Channel,Two-person,5 Days,Wednesday|Friday
GL52,TKC19 South West O/N,Jigsaw Channel,Two-person,5 Days,Wednesday|Friday
GL53,TKC19 South West O/N,Jigsaw Channel,Two-person,5 Days,Wednesday|Friday
GL54,TKC19 South West O/N,Jigsaw Channel,Two-person,5 Days,Wednesday|Friday
GL55,TKC19 South West O/N,Jigsaw Channel,Two-person,5 Days,Wednesday|Friday
GL56,TKC19 South West O/N,Jigsaw Channel,Two-person,5 Days,Wednesday|Friday
GL6,TKC19 South West O/N,Jigsaw Channel,Two-person,5 Days,Wednesday|Friday
GL7,TKC19 South West O/N,Jigsaw Channel,Two-person,5 Days,Wednesday|Friday
GL8,TKC19 South West O/N,Jigsaw Channel,Two-person,5 Days,Wednesday|Friday
GL9,TKC19 South West O/N,Jigsaw Channel,Two-person,5 Days,Wednesday|Friday
SN13,TKC19 South West O/N,Jigsaw Channel,Two-person,5 Days,Wednesday|Friday
SN14,TKC19 South West O/N,Jigsaw Channel,Two-person,5 Days,Wednesday|Friday
SN16,TKC19 South West O/N,Jigsaw Channel,Two-person,5 Days,Wednesday|Friday
TA10,TKC19 South West O/N,Jigsaw Channel,Two-person,5 Days,Wednesday|Friday
TA11,TKC19 South West O/N,Jigsaw Channel,Two-person,5 Days,Wednesday|Friday
TA12,TKC19 South West O/N,Jigsaw Channel,Two-person,5 Days,Wednesday|Friday
TA13,TKC19 South West O/N,Jigsaw Channel,Two-person,5 Days,Wednesday|Friday
TA14,TKC19 South West O/N,Jigsaw Channel,Two-person,5 Days,Wednesday|Friday
TA15,TKC19 South West O/N,Jigsaw Channel,Two-person,5 Days,Wednesday|Friday
TA16,TKC19 South West O/N,Jigsaw Channel,Two-person,5 Days,Wednesday|Friday
TA17,TKC19 South West O/N,Jigsaw Channel,Two-person,5 Days,Wednesday|Friday
TA18,TKC19 South West O/N,Jigsaw Channel,Two-person,5 Days,Wednesday|Friday
TA19,TKC19 South West O/N,Jigsaw Channel,Two-person,5 Days,Wednesday|Friday
TA20,TKC19 South West O/N,Jigsaw Channel,Two-person,5 Days,Wednesday|Friday
WR1,TKC19 South West O/N,Jigsaw Channel,Two-person,5 Days,Wednesday|Friday
WR10,TKC19 South West O/N,Jigsaw Channel,Two-person,5 Days,Wednesday|Friday
WR11,TKC19 South West O/N,Jigsaw Channel,Two-person,5 Days,Wednesday|Friday
WR12,TKC19 South West O/N,Jigsaw Channel,Two-person,5 Days,Wednesday|Friday
WR13,TKC19 South West O/N,Jigsaw Channel,Two-person,5 Days,Wednesday|Friday
WR14,TKC19 South West O/N,Jigsaw Channel,Two-person,5 Days,Wednesday|Friday
WR15,TKC19 South West O/N,Jigsaw Channel,Two-person,5 Days,Wednesday|Friday
WR2,TKC19 South West O/N,Jigsaw Channel,Two-person,5 Days,Wednesday|Friday
WR3,TKC19 South West O/N,Jigsaw Channel,Two-person,5 Days,Wednesday|Friday
WR4,TKC19 South West O/N,Jigsaw Channel,Two-person,5 Days,Wednesday|Friday
WR5,TKC19 South West O/N,Jigsaw Channel,Two-person,5 Days,Wednesday|Friday
WR6,TKC19 South West O/N,Jigsaw Channel,Two-person,5 Days,Wednesday|Friday
WR7,TKC19 South West O/N,Jigsaw Channel,Two-person,5 Days,Wednesday|Friday
WR8,TKC19 South West O/N,Jigsaw Channel,Two-person,5 Days,Wednesday|Friday
WR9,TKC19 South West O/N,Jigsaw Channel,Two-person,5 Days,Wednesday|Friday
B49,TKC19 South West O/N,Merchant Channel,Two-person,5 Days,Wednesday|Friday
B50,TKC19 South West O/N,Merchant Channel,Two-person,5 Days,Wednesday|Friday
B60,TKC19 South West O/N,Merchant Channel,Two-person,5 Days,Wednesday|Friday
B61,TKC19 South West O/N,Merchant Channel,Two-person,5 Days,Wednesday|Friday
B80,TKC19 South West O/N,Merchant Channel,Two-person,5 Days,Wednesday|Friday
B95,TKC19 South West O/N,Merchant Channel,Two-person,5 Days,Wednesday|Friday
B96,TKC19 South West O/N,Merchant Channel,Two-person,5 Days,Wednesday|Friday
B97,TKC19 South West O/N,Merchant Channel,Two-person,5 Days,Wednesday|Friday
B98,TKC19 South West O/N,Merchant Channel,Two-person,5 Days,Wednesday|Friday
BA1,TKC19 South West O/N,Merchant Channel,Two-person,5 Days,Wednesday|Friday
BA11,TKC19 South West O/N,Merchant Channel,Two-person,5 Days,Wednesday|Friday
BA12,TKC19 South West O/N,Merchant Channel,Two-person,5 Days,Wednesday|Friday
BA13,TKC19 South West O/N,Merchant Channel,Two-person,5 Days,Wednesday|Friday
BA14,TKC19 South West O/N,Merchant Channel,Two-person,5 Days,Wednesday|Friday
BA15,TKC19 South West O/N,Merchant Channel,Two-person,5 Days,Wednesday|Friday
BA16,TKC19 South West O/N,Merchant Channel,Two-person,5 Days,Wednesday|Friday
BA2,TKC19 South West O/N,Merchant Channel,Two-person,5 Days,Wednesday|Friday
BA20,TKC19 South West O/N,Merchant Channel,Two-person,5 Days,Wednesday|Friday
BA21,TKC19 South West O/N,Merchant Channel,Two-person,5 Days,Wednesday|Friday
BA22,TKC19 South West O/N,Merchant Channel,Two-person,5 Days,Wednesday|Friday
BA3,TKC19 South West O/N,Merchant Channel,Two-person,5 Days,Wednesday|Friday
BA4,TKC19 South West O/N,Merchant Channel,Two-person,5 Days,Wednesday|Friday
BA5,TKC19 South West O/N,Merchant Channel,Two-person,5 Days,Wednesday|Friday
BA6,TKC19 South West O/N,Merchant Channel,Two-person,5 Days,Wednesday|Friday
BA7,TKC19 South West O/N,Merchant Channel,Two-person,5 Days,Wednesday|Friday
BA8,TKC19 South West O/N,Merchant Channel,Two-person,5 Days,Wednesday|Friday
BA9,TKC19 South West O/N,Merchant Channel,Two-person,5 Days,Wednesday|Friday
DT1,TKC19 South West O/N,Merchant Channel,Two-person,5 Days,Wednesday|Friday
DT2,TKC19 South West O/N,Merchant Channel,Two-person,5 Days,Wednesday|Friday
DT3,TKC19 South West O/N,Merchant Channel,Two-person,5 Days,Wednesday|Friday
DT4,TKC19 South West O/N,Merchant Channel,Two-person,5 Days,Wednesday|Friday
DT5,TKC19 South West O/N,Merchant Channel,Two-person,5 Days,Wednesday|Friday
DT6,TKC19 South West O/N,Merchant Channel,Two-person,5 Days,Wednesday|Friday
DT8,TKC19 South West O/N,Merchant Channel,Two-person,5 Days,Wednesday|Friday
DT9,TKC19 South West O/N,Merchant Channel,Two-person,5 Days,Wednesday|Friday
DT10,TKC19 South West O/N,Merchant Channel,Two-person,5 Days,Wednesday|Friday
DT11,TKC19 South West O/N,Merchant Channel,Two-person,5 Days,Wednesday|Friday
GL1,TKC19 South West O/N,Merchant Channel,Two-person,5 Days,Wednesday|Friday
GL10,TKC19 South West O/N,Merchant Channel,Two-person,5 Days,Wednesday|Friday
GL11,TKC19 South West O/N,Merchant Channel,Two-person,5 Days,Wednesday|Friday
GL12,TKC19 South West O/N,Merchant Channel,Two-person,5 Days,Wednesday|Friday
GL13,TKC19 South West O/N,Merchant Channel,Two-person,5 Days,Wednesday|Friday
GL14,TKC19 South West O/N,Merchant Channel,Two-person,5 Days,Wednesday|Friday
GL15,TKC19 South West O/N,Merchant Channel,Two-person,5 Days,Wednesday|Friday
GL16,TKC19 South West O/N,Merchant Channel,Two-person,5 Days,Wednesday|Friday
GL17,TKC19 South West O/N,Merchant Channel,Two-person,5 Days,Wednesday|Friday
GL18,TKC19 South West O/N,Merchant Channel,Two-person,5 Days,Wednesday|Friday
GL19,TKC19 South West O/N,Merchant Channel,Two-person,5 Days,Wednesday|Friday
GL2,TKC19 South West O/N,Merchant Channel,Two-person,5 Days,Wednesday|Friday
GL20,TKC19 South West O/N,Merchant Channel,Two-person,5 Days,Wednesday|Friday
GL3,TKC19 South West O/N,Merchant Channel,Two-person,5 Days,Wednesday|Friday
GL4,TKC19 South West O/N,Merchant Channel,Two-person,5 Days,Wednesday|Friday
GL5,TKC19 South West O/N,Merchant Channel,Two-person,5 Days,Wednesday|Friday
GL50,TKC19 South West O/N,Merchant Channel,Two-person,5 Days,Wednesday|Friday
GL51,TKC19 South West O/N,Merchant Channel,Two-person,5 Days,Wednesday|Friday
GL52,TKC19 South West O/N,Merchant Channel,Two-person,5 Days,Wednesday|Friday
GL53,TKC19 South West O/N,Merchant Channel,Two-person,5 Days,Wednesday|Friday
GL54,TKC19 South West O/N,Merchant Channel,Two-person,5 Days,Wednesday|Friday
GL55,TKC19 South West O/N,Merchant Channel,Two-person,5 Days,Wednesday|Friday
GL56,TKC19 South West O/N,Merchant Channel,Two-person,5 Days,Wednesday|Friday
GL6,TKC19 South West O/N,Merchant Channel,Two-person,5 Days,Wednesday|Friday
GL7,TKC19 South West O/N,Merchant Channel,Two-person,5 Days,Wednesday|Friday
GL8,TKC19 South West O/N,Merchant Channel,Two-person,5 Days,Wednesday|Friday
GL9,TKC19 South West O/N,Merchant Channel,Two-person,5 Days,Wednesday|Friday
SN13,TKC19 South West O/N,Merchant Channel,Two-person,5 Days,Wednesday|Friday
SN14,TKC19 South West O/N,Merchant Channel,Two-person,5 Days,Wednesday|Friday
SN16,TKC19 South West O/N,Merchant Channel,Two-person,5 Days,Wednesday|Friday
TA10,TKC19 South West O/N,Merchant Channel,Two-person,5 Days,Wednesday|Friday
TA11,TKC19 South West O/N,Merchant Channel,Two-person,5 Days,Wednesday|Friday
TA12,TKC19 South West O/N,Merchant Channel,Two-person,5 Days,Wednesday|Friday
TA13,TKC19 South West O/N,Merchant Channel,Two-person,5 Days,Wednesday|Friday
TA14,TKC19 South West O/N,Merchant Channel,Two-person,5 Days,Wednesday|Friday
TA15,TKC19 South West O/N,Merchant Channel,Two-person,5 Days,Wednesday|Friday
TA16,TKC19 South West O/N,Merchant Channel,Two-person,5 Days,Wednesday|Friday
TA17,TKC19 South West O/N,Merchant Channel,Two-person,5 Days,Wednesday|Friday
TA18,TKC19 South West O/N,Merchant Channel,Two-person,5 Days,Wednesday|Friday
TA19,TKC19 South West O/N,Merchant Channel,Two-person,5 Days,Wednesday|Friday
TA20,TKC19 South West O/N,Merchant Channel,Two-person,5 Days,Wednesday|Friday
WR1,TKC19 South West O/N,Merchant Channel,Two-person,5 Days,Wednesday|Friday
WR10,TKC19 South West O/N,Merchant Channel,Two-person,5 Days,Wednesday|Friday
WR11,TKC19 South West O/N,Merchant Channel,Two-person,5 Days,Wednesday|Friday
WR12,TKC19 South West O/N,Merchant Channel,Two-person,5 Days,Wednesday|Friday
WR13,TKC19 South West O/N,Merchant Channel,Two-person,5 Days,Wednesday|Friday
WR14,TKC19 South West O/N,Merchant Channel,Two-person,5 Days,Wednesday|Friday
WR15,TKC19 South West O/N,Merchant Channel,Two-person,5 Days,Wednesday|Friday
WR2,TKC19 South West O/N,Merchant Channel,Two-person,5 Days,Wednesday|Friday
WR3,TKC19 South West O/N,Merchant Channel,Two-person,5 Days,Wednesday|Friday
WR4,TKC19 South West O/N,Merchant Channel,Two-person,5 Days,Wednesday|Friday
WR5,TKC19 South West O/N,Merchant Channel,Two-person,5 Days,Wednesday|Friday
WR6,TKC19 South West O/N,Merchant Channel,Two-person,5 Days,Wednesday|Friday
WR7,TKC19 South West O/N,Merchant Channel,Two-person,5 Days,Wednesday|Friday
WR8,TKC19 South West O/N,Merchant Channel,Two-person,5 Days,Wednesday|Friday
WR9,TKC19 South West O/N,Merchant Channel,Two-person,5 Days,Wednesday|Friday
B49,TKC19 South West O/N,Retail Channel,Two-person,21 Days,Wednesday|Friday
B50,TKC19 South West O/N,Retail Channel,Two-person,21 Days,Wednesday|Friday
B60,TKC19 South West O/N,Retail Channel,Two-person,21 Days,Wednesday|Friday
B61,TKC19 South West O/N,Retail Channel,Two-person,21 Days,Wednesday|Friday
B80,TKC19 South West O/N,Retail Channel,Two-person,21 Days,Wednesday|Friday
B95,TKC19 South West O/N,Retail Channel,Two-person,21 Days,Wednesday|Friday
B96,TKC19 South West O/N,Retail Channel,Two-person,21 Days,Wednesday|Friday
B97,TKC19 South West O/N,Retail Channel,Two-person,21 Days,Wednesday|Friday
B98,TKC19 South West O/N,Retail Channel,Two-person,21 Days,Wednesday|Friday
BA1,TKC19 South West O/N,Retail Channel,Two-person,21 Days,Wednesday|Friday
BA11,TKC19 South West O/N,Retail Channel,Two-person,21 Days,Wednesday|Friday
BA12,TKC19 South West O/N,Retail Channel,Two-person,21 Days,Wednesday|Friday
BA13,TKC19 South West O/N,Retail Channel,Two-person,21 Days,Wednesday|Friday
BA14,TKC19 South West O/N,Retail Channel,Two-person,21 Days,Wednesday|Friday
BA15,TKC19 South West O/N,Retail Channel,Two-person,21 Days,Wednesday|Friday
BA16,TKC19 South West O/N,Retail Channel,Two-person,21 Days,Wednesday|Friday
BA2,TKC19 South West O/N,Retail Channel,Two-person,21 Days,Wednesday|Friday
BA20,TKC19 South West O/N,Retail Channel,Two-person,21 Days,Wednesday|Friday
BA21,TKC19 South West O/N,Retail Channel,Two-person,21 Days,Wednesday|Friday
BA22,TKC19 South West O/N,Retail Channel,Two-person,21 Days,Wednesday|Friday
BA3,TKC19 South West O/N,Retail Channel,Two-person,21 Days,Wednesday|Friday
BA4,TKC19 South West O/N,Retail Channel,Two-person,21 Days,Wednesday|Friday
BA5,TKC19 South West O/N,Retail Channel,Two-person,21 Days,Wednesday|Friday
BA6,TKC19 South West O/N,Retail Channel,Two-person,21 Days,Wednesday|Friday
BA7,TKC19 South West O/N,Retail Channel,Two-person,21 Days,Wednesday|Friday
BA8,TKC19 South West O/N,Retail Channel,Two-person,21 Days,Wednesday|Friday
BA9,TKC19 South West O/N,Retail Channel,Two-person,21 Days,Wednesday|Friday
DT1,TKC19 South West O/N,Retail Channel,Two-person,21 Days,Wednesday|Friday
DT2,TKC19 South West O/N,Retail Channel,Two-person,21 Days,Wednesday|Friday
DT3,TKC19 South West O/N,Retail Channel,Two-person,21 Days,Wednesday|Friday
DT4,TKC19 South West O/N,Retail Channel,Two-person,21 Days,Wednesday|Friday
DT5,TKC19 South West O/N,Retail Channel,Two-person,21 Days,Wednesday|Friday
DT6,TKC19 South West O/N,Retail Channel,Two-person,21 Days,Wednesday|Friday
DT8,TKC19 South West O/N,Retail Channel,Two-person,21 Days,Wednesday|Friday
DT9,TKC19 South West O/N,Retail Channel,Two-person,21 Days,Wednesday|Friday
DT10,TKC19 South West O/N,Retail Channel,Two-person,21 Days,Wednesday|Friday
DT11,TKC19 South West O/N,Retail Channel,Two-person,21 Days,Wednesday|Friday
GL1,TKC19 South West O/N,Retail Channel,Two-person,21 Days,Wednesday|Friday
GL10,TKC19 South West O/N,Retail Channel,Two-person,21 Days,Wednesday|Friday
GL11,TKC19 South West O/N,Retail Channel,Two-person,21 Days,Wednesday|Friday
GL12,TKC19 South West O/N,Retail Channel,Two-person,21 Days,Wednesday|Friday
GL13,TKC19 South West O/N,Retail Channel,Two-person,21 Days,Wednesday|Friday
GL14,TKC19 South West O/N,Retail Channel,Two-person,21 Days,Wednesday|Friday
GL15,TKC19 South West O/N,Retail Channel,Two-person,21 Days,Wednesday|Friday
GL16,TKC19 South West O/N,Retail Channel,Two-person,21 Days,Wednesday|Friday
GL17,TKC19 South West O/N,Retail Channel,Two-person,21 Days,Wednesday|Friday
GL18,TKC19 South West O/N,Retail Channel,Two-person,21 Days,Wednesday|Friday
GL19,TKC19 South West O/N,Retail Channel,Two-person,21 Days,Wednesday|Friday
GL2,TKC19 South West O/N,Retail Channel,Two-person,21 Days,Wednesday|Friday
GL20,TKC19 South West O/N,Retail Channel,Two-person,21 Days,Wednesday|Friday
GL3,TKC19 South West O/N,Retail Channel,Two-person,21 Days,Wednesday|Friday
GL4,TKC19 South West O/N,Retail Channel,Two-person,21 Days,Wednesday|Friday
GL5,TKC19 South West O/N,Retail Channel,Two-person,21 Days,Wednesday|Friday
GL50,TKC19 South West O/N,Retail Channel,Two-person,21 Days,Wednesday|Friday
GL51,TKC19 South West O/N,Retail Channel,Two-person,21 Days,Wednesday|Friday
GL52,TKC19 South West O/N,Retail Channel,Two-person,21 Days,Wednesday|Friday
GL53,TKC19 South West O/N,Retail Channel,Two-person,21 Days,Wednesday|Friday
GL54,TKC19 South West O/N,Retail Channel,Two-person,21 Days,Wednesday|Friday
GL55,TKC19 South West O/N,Retail Channel,Two-person,21 Days,Wednesday|Friday
GL56,TKC19 South West O/N,Retail Channel,Two-person,21 Days,Wednesday|Friday
GL6,TKC19 South West O/N,Retail Channel,Two-person,21 Days,Wednesday|Friday
GL7,TKC19 South West O/N,Retail Channel,Two-person,21 Days,Wednesday|Friday
GL8,TKC19 South West O/N,Retail Channel,Two-person,21 Days,Wednesday|Friday
GL9,TKC19 South West O/N,Retail Channel,Two-person,21 Days,Wednesday|Friday
SN13,TKC19 South West O/N,Retail Channel,Two-person,21 Days,Wednesday|Friday
SN14,TKC19 South West O/N,Retail Channel,Two-person,21 Days,Wednesday|Friday
SN16,TKC19 South West O/N,Retail Channel,Two-person,21 Days,Wednesday|Friday
TA10,TKC19 South West O/N,Retail Channel,Two-person,21 Days,Wednesday|Friday
TA11,TKC19 South West O/N,Retail Channel,Two-person,21 Days,Wednesday|Friday
TA12,TKC19 South West O/N,Retail Channel,Two-person,21 Days,Wednesday|Friday
TA13,TKC19 South West O/N,Retail Channel,Two-person,21 Days,Wednesday|Friday
TA14,TKC19 South West O/N,Retail Channel,Two-person,21 Days,Wednesday|Friday
TA15,TKC19 South West O/N,Retail Channel,Two-person,21 Days,Wednesday|Friday
TA16,TKC19 South West O/N,Retail Channel,Two-person,21 Days,Wednesday|Friday
TA17,TKC19 South West O/N,Retail Channel,Two-person,21 Days,Wednesday|Friday
TA18,TKC19 South West O/N,Retail Channel,Two-person,21 Days,Wednesday|Friday
TA19,TKC19 South West O/N,Retail Channel,Two-person,21 Days,Wednesday|Friday
TA20,TKC19 South West O/N,Retail Channel,Two-person,21 Days,Wednesday|Friday
WR1,TKC19 South West O/N,Retail Channel,Two-person,21 Days,Wednesday|Friday
WR10,TKC19 South West O/N,Retail Channel,Two-person,21 Days,Wednesday|Friday
WR11,TKC19 South West O/N,Retail Channel,Two-person,21 Days,Wednesday|Friday
WR12,TKC19 South West O/N,Retail Channel,Two-person,21 Days,Wednesday|Friday
WR13,TKC19 South West O/N,Retail Channel,Two-person,21 Days,Wednesday|Friday
WR14,TKC19 South West O/N,Retail Channel,Two-person,21 Days,Wednesday|Friday
WR15,TKC19 South West O/N,Retail Channel,Two-person,21 Days,Wednesday|Friday
WR2,TKC19 South West O/N,Retail Channel,Two-person,21 Days,Wednesday|Friday
WR3,TKC19 South West O/N,Retail Channel,Two-person,21 Days,Wednesday|Friday
WR4,TKC19 South West O/N,Retail Channel,Two-person,21 Days,Wednesday|Friday
WR5,TKC19 South West O/N,Retail Channel,Two-person,21 Days,Wednesday|Friday
WR6,TKC19 South West O/N,Retail Channel,Two-person,21 Days,Wednesday|Friday
WR7,TKC19 South West O/N,Retail Channel,Two-person,21 Days,Wednesday|Friday
WR8,TKC19 South West O/N,Retail Channel,Two-person,21 Days,Wednesday|Friday
WR9,TKC19 South West O/N,Retail Channel,Two-person,21 Days,Wednesday|Friday
BN1,TKC25 Brighton,Component Channel,One-person,2 Days,Tuesday|Friday
BN10,TKC25 Brighton,Component Channel,One-person,2 Days,Tuesday|Friday
BN11,TKC25 Brighton,Component Channel,One-person,2 Days,Tuesday|Friday
BN12,TKC25 Brighton,Component Channel,One-person,2 Days,Tuesday|Friday
BN13,TKC25 Brighton,Component Channel,One-person,2 Days,Tuesday|Friday
BN14,TKC25 Brighton,Component Channel,One-person,2 Days,Tuesday|Friday
BN15,TKC25 Brighton,Component Channel,One-person,2 Days,Tuesday|Friday
BN16,TKC25 Brighton,Component Channel,One-person,2 Days,Tuesday|Friday
BN17,TKC25 Brighton,Component Channel,One-person,2 Days,Tuesday|Friday
BN18,TKC25 Brighton,Component Channel,One-person,2 Days,Tuesday|Friday
BN2,TKC25 Brighton,Component Channel,One-person,2 Days,Tuesday|Friday
BN20,TKC25 Brighton,Component Channel,One-person,2 Days,Tuesday|Friday
BN21,TKC25 Brighton,Component Channel,One-person,2 Days,Tuesday|Friday
BN22,TKC25 Brighton,Component Channel,One-person,2 Days,Tuesday|Friday
BN23,TKC25 Brighton,Component Channel,One-person,2 Days,Tuesday|Friday
BN24,TKC25 Brighton,Component Channel,One-person,2 Days,Tuesday|Friday
BN25,TKC25 Brighton,Component Channel,One-person,2 Days,Tuesday|Friday
BN26,TKC25 Brighton,Component Channel,One-person,2 Days,Tuesday|Friday
BN27,TKC25 Brighton,Component Channel,One-person,2 Days,Tuesday|Friday
BN3,TKC25 Brighton,Component Channel,One-person,2 Days,Tuesday|Friday
BN4,TKC25 Brighton,Component Channel,One-person,2 Days,Tuesday|Friday
BN41,TKC25 Brighton,Component Channel,One-person,2 Days,Tuesday|Friday
BN42,TKC25 Brighton,Component Channel,One-person,2 Days,Tuesday|Friday
BN43,TKC25 Brighton,Component Channel,One-person,2 Days,Tuesday|Friday
BN44,TKC25 Brighton,Component Channel,One-person,2 Days,Tuesday|Friday
BN45,TKC25 Brighton,Component Channel,One-person,2 Days,Tuesday|Friday
BN5,TKC25 Brighton,Component Channel,One-person,2 Days,Tuesday|Friday
BN50,TKC25 Brighton,Component Channel,One-person,2 Days,Tuesday|Friday
BN52,TKC25 Brighton,Component Channel,One-person,2 Days,Tuesday|Friday
BN6,TKC25 Brighton,Component Channel,One-person,2 Days,Tuesday|Friday
BN7,TKC25 Brighton,Component Channel,One-person,2 Days,Tuesday|Friday
BN8,TKC25 Brighton,Component Channel,One-person,2 Days,Tuesday|Friday
BN9,TKC25 Brighton,Component Channel,One-person,2 Days,Tuesday|Friday
GU5,TKC25 Brighton,Component Channel,One-person,2 Days,Tuesday|Friday
GU6,TKC25 Brighton,Component Channel,One-person,2 Days,Tuesday|Friday
RH1,TKC25 Brighton,Component Channel,One-person,2 Days,Tuesday|Friday
RH10,TKC25 Brighton,Component Channel,One-person,2 Days,Tuesday|Friday
RH11,TKC25 Brighton,Component Channel,One-person,2 Days,Tuesday|Friday
RH12,TKC25 Brighton,Component Channel,One-person,2 Days,Tuesday|Friday
RH13,TKC25 Brighton,Component Channel,One-person,2 Days,Tuesday|Friday
RH14,TKC25 Brighton,Component Channel,One-person,2 Days,Tuesday|Friday
RH15,TKC25 Brighton,Component Channel,One-person,2 Days,Tuesday|Friday
RH16,TKC25 Brighton,Component Channel,One-person,2 Days,Tuesday|Friday
RH17,TKC25 Brighton,Component Channel,One-person,2 Days,Tuesday|Friday
RH2,TKC25 Brighton,Component Channel,One-person,2 Days,Tuesday|Friday
RH20,TKC25 Brighton,Component Channel,One-person,2 Days,Tuesday|Friday
RH3,TKC25 Brighton,Component Channel,One-person,2 Days,Tuesday|Friday
RH4,TKC25 Brighton,Component Channel,One-person,2 Days,Tuesday|Friday
RH5,TKC25 Brighton,Component Channel,One-person,2 Days,Tuesday|Friday
RH6,TKC25 Brighton,Component Channel,One-person,2 Days,Tuesday|Friday
RH77,TKC25 Brighton,Component Channel,One-person,2 Days,Tuesday|Friday
BN1,TKC25 Brighton,Jigsaw Channel,Two-person,5 Days,Tuesday|Friday
BN10,TKC25 Brighton,Jigsaw Channel,Two-person,5 Days,Tuesday|Friday
BN11,TKC25 Brighton,Jigsaw Channel,Two-person,5 Days,Tuesday|Friday
BN12,TKC25 Brighton,Jigsaw Channel,Two-person,5 Days,Tuesday|Friday
BN13,TKC25 Brighton,Jigsaw Channel,Two-person,5 Days,Tuesday|Friday
BN14,TKC25 Brighton,Jigsaw Channel,Two-person,5 Days,Tuesday|Friday
BN15,TKC25 Brighton,Jigsaw Channel,Two-person,5 Days,Tuesday|Friday
BN16,TKC25 Brighton,Jigsaw Channel,Two-person,5 Days,Tuesday|Friday
BN17,TKC25 Brighton,Jigsaw Channel,Two-person,5 Days,Tuesday|Friday
BN18,TKC25 Brighton,Jigsaw Channel,Two-person,5 Days,Tuesday|Friday
BN2,TKC25 Brighton,Jigsaw Channel,Two-person,5 Days,Tuesday|Friday
BN20,TKC25 Brighton,Jigsaw Channel,Two-person,5 Days,Tuesday|Friday
BN21,TKC25 Brighton,Jigsaw Channel,Two-person,5 Days,Tuesday|Friday
BN22,TKC25 Brighton,Jigsaw Channel,Two-person,5 Days,Tuesday|Friday
BN23,TKC25 Brighton,Jigsaw Channel,Two-person,5 Days,Tuesday|Friday
BN24,TKC25 Brighton,Jigsaw Channel,Two-person,5 Days,Tuesday|Friday
BN25,TKC25 Brighton,Jigsaw Channel,Two-person,5 Days,Tuesday|Friday
BN26,TKC25 Brighton,Jigsaw Channel,Two-person,5 Days,Tuesday|Friday
BN27,TKC25 Brighton,Jigsaw Channel,Two-person,5 Days,Tuesday|Friday
BN3,TKC25 Brighton,Jigsaw Channel,Two-person,5 Days,Tuesday|Friday
BN4,TKC25 Brighton,Jigsaw Channel,Two-person,5 Days,Tuesday|Friday
BN41,TKC25 Brighton,Jigsaw Channel,Two-person,5 Days,Tuesday|Friday
BN42,TKC25 Brighton,Jigsaw Channel,Two-person,5 Days,Tuesday|Friday
BN43,TKC25 Brighton,Jigsaw Channel,Two-person,5 Days,Tuesday|Friday
BN44,TKC25 Brighton,Jigsaw Channel,Two-person,5 Days,Tuesday|Friday
BN45,TKC25 Brighton,Jigsaw Channel,Two-person,5 Days,Tuesday|Friday
BN5,TKC25 Brighton,Jigsaw Channel,Two-person,5 Days,Tuesday|Friday
BN50,TKC25 Brighton,Jigsaw Channel,Two-person,5 Days,Tuesday|Friday
BN52,TKC25 Brighton,Jigsaw Channel,Two-person,5 Days,Tuesday|Friday
BN6,TKC25 Brighton,Jigsaw Channel,Two-person,5 Days,Tuesday|Friday
BN7,TKC25 Brighton,Jigsaw Channel,Two-person,5 Days,Tuesday|Friday
BN8,TKC25 Brighton,Jigsaw Channel,Two-person,5 Days,Tuesday|Friday
BN9,TKC25 Brighton,Jigsaw Channel,Two-person,5 Days,Tuesday|Friday
GU5,TKC25 Brighton,Jigsaw Channel,Two-person,5 Days,Tuesday|Friday
GU6,TKC25 Brighton,Jigsaw Channel,Two-person,5 Days,Tuesday|Friday
RH1,TKC25 Brighton,Jigsaw Channel,Two-person,5 Days,Tuesday|Friday
RH10,TKC25 Brighton,Jigsaw Channel,Two-person,5 Days,Tuesday|Friday
RH11,TKC25 Brighton,Jigsaw Channel,Two-person,5 Days,Tuesday|Friday
RH12,TKC25 Brighton,Jigsaw Channel,Two-person,5 Days,Tuesday|Friday
RH13,TKC25 Brighton,Jigsaw Channel,Two-person,5 Days,Tuesday|Friday
RH14,TKC25 Brighton,Jigsaw Channel,Two-person,5 Days,Tuesday|Friday
RH15,TKC25 Brighton,Jigsaw Channel,Two-person,5 Days,Tuesday|Friday
RH16,TKC25 Brighton,Jigsaw Channel,Two-person,5 Days,Tuesday|Friday
RH17,TKC25 Brighton,Jigsaw Channel,Two-person,5 Days,Tuesday|Friday
RH2,TKC25 Brighton,Jigsaw Channel,Two-person,5 Days,Tuesday|Friday
RH20,TKC25 Brighton,Jigsaw Channel,Two-person,5 Days,Tuesday|Friday
RH3,TKC25 Brighton,Jigsaw Channel,Two-person,5 Days,Tuesday|Friday
RH4,TKC25 Brighton,Jigsaw Channel,Two-person,5 Days,Tuesday|Friday
RH5,TKC25 Brighton,Jigsaw Channel,Two-person,5 Days,Tuesday|Friday
RH6,TKC25 Brighton,Jigsaw Channel,Two-person,5 Days,Tuesday|Friday
RH77,TKC25 Brighton,Jigsaw Channel,Two-person,5 Days,Tuesday|Friday
BN1,TKC25 Brighton,Merchant Channel,Two-person,5 Days,Tuesday|Friday
BN10,TKC25 Brighton,Merchant Channel,Two-person,5 Days,Tuesday|Friday
BN11,TKC25 Brighton,Merchant Channel,Two-person,5 Days,Tuesday|Friday
BN12,TKC25 Brighton,Merchant Channel,Two-person,5 Days,Tuesday|Friday
BN13,TKC25 Brighton,Merchant Channel,Two-person,5 Days,Tuesday|Friday
BN14,TKC25 Brighton,Merchant Channel,Two-person,5 Days,Tuesday|Friday
BN15,TKC25 Brighton,Merchant Channel,Two-person,5 Days,Tuesday|Friday
BN16,TKC25 Brighton,Merchant Channel,Two-person,5 Days,Tuesday|Friday
BN17,TKC25 Brighton,Merchant Channel,Two-person,5 Days,Tuesday|Friday
BN18,TKC25 Brighton,Merchant Channel,Two-person,5 Days,Tuesday|Friday
BN2,TKC25 Brighton,Merchant Channel,Two-person,5 Days,Tuesday|Friday
BN20,TKC25 Brighton,Merchant Channel,Two-person,5 Days,Tuesday|Friday
BN21,TKC25 Brighton,Merchant Channel,Two-person,5 Days,Tuesday|Friday
BN22,TKC25 Brighton,Merchant Channel,Two-person,5 Days,Tuesday|Friday
BN23,TKC25 Brighton,Merchant Channel,Two-person,5 Days,Tuesday|Friday
BN24,TKC25 Brighton,Merchant Channel,Two-person,5 Days,Tuesday|Friday
BN25,TKC25 Brighton,Merchant Channel,Two-person,5 Days,Tuesday|Friday
BN26,TKC25 Brighton,Merchant Channel,Two-person,5 Days,Tuesday|Friday
BN27,TKC25 Brighton,Merchant Channel,Two-person,5 Days,Tuesday|Friday
BN3,TKC25 Brighton,Merchant Channel,Two-person,5 Days,Tuesday|Friday
BN4,TKC25 Brighton,Merchant Channel,Two-person,5 Days,Tuesday|Friday
BN41,TKC25 Brighton,Merchant Channel,Two-person,5 Days,Tuesday|Friday
BN42,TKC25 Brighton,Merchant Channel,Two-person,5 Days,Tuesday|Friday
BN43,TKC25 Brighton,Merchant Channel,Two-person,5 Days,Tuesday|Friday
BN44,TKC25 Brighton,Merchant Channel,Two-person,5 Days,Tuesday|Friday
BN45,TKC25 Brighton,Merchant Channel,Two-person,5 Days,Tuesday|Friday
BN5,TKC25 Brighton,Merchant Channel,Two-person,5 Days,Tuesday|Friday
BN50,TKC25 Brighton,Merchant Channel,Two-person,5 Days,Tuesday|Friday
BN52,TKC25 Brighton,Merchant Channel,Two-person,5 Days,Tuesday|Friday
BN6,TKC25 Brighton,Merchant Channel,Two-person,5 Days,Tuesday|Friday
BN7,TKC25 Brighton,Merchant Channel,Two-person,5 Days,Tuesday|Friday
BN8,TKC25 Brighton,Merchant Channel,Two-person,5 Days,Tuesday|Friday
BN9,TKC25 Brighton,Merchant Channel,Two-person,5 Days,Tuesday|Friday
GU5,TKC25 Brighton,Merchant Channel,Two-person,5 Days,Tuesday|Friday
GU6,TKC25 Brighton,Merchant Channel,Two-person,5 Days,Tuesday|Friday
RH1,TKC25 Brighton,Merchant Channel,Two-person,5 Days,Tuesday|Friday
RH10,TKC25 Brighton,Merchant Channel,Two-person,5 Days,Tuesday|Friday
RH11,TKC25 Brighton,Merchant Channel,Two-person,5 Days,Tuesday|Friday
RH12,TKC25 Brighton,Merchant Channel,Two-person,5 Days,Tuesday|Friday
RH13,TKC25 Brighton,Merchant Channel,Two-person,5 Days,Tuesday|Friday
RH14,TKC25 Brighton,Merchant Channel,Two-person,5 Days,Tuesday|Friday
RH15,TKC25 Brighton,Merchant Channel,Two-person,5 Days,Tuesday|Friday
RH16,TKC25 Brighton,Merchant Channel,Two-person,5 Days,Tuesday|Friday
RH17,TKC25 Brighton,Merchant Channel,Two-person,5 Days,Tuesday|Friday
RH2,TKC25 Brighton,Merchant Channel,Two-person,5 Days,Tuesday|Friday
RH20,TKC25 Brighton,Merchant Channel,Two-person,5 Days,Tuesday|Friday
RH3,TKC25 Brighton,Merchant Channel,Two-person,5 Days,Tuesday|Friday
RH4,TKC25 Brighton,Merchant Channel,Two-person,5 Days,Tuesday|Friday
RH5,TKC25 Brighton,Merchant Channel,Two-person,5 Days,Tuesday|Friday
RH6,TKC25 Brighton,Merchant Channel,Two-person,5 Days,Tuesday|Friday
RH77,TKC25 Brighton,Merchant Channel,Two-person,5 Days,Tuesday|Friday
BN1,TKC25 Brighton,Retail Channel,Two-person,21 Days,Tuesday|Friday
BN10,TKC25 Brighton,Retail Channel,Two-person,21 Days,Tuesday|Friday
BN11,TKC25 Brighton,Retail Channel,Two-person,21 Days,Tuesday|Friday
BN12,TKC25 Brighton,Retail Channel,Two-person,21 Days,Tuesday|Friday
BN13,TKC25 Brighton,Retail Channel,Two-person,21 Days,Tuesday|Friday
BN14,TKC25 Brighton,Retail Channel,Two-person,21 Days,Tuesday|Friday
BN15,TKC25 Brighton,Retail Channel,Two-person,21 Days,Tuesday|Friday
BN16,TKC25 Brighton,Retail Channel,Two-person,21 Days,Tuesday|Friday
BN17,TKC25 Brighton,Retail Channel,Two-person,21 Days,Tuesday|Friday
BN18,TKC25 Brighton,Retail Channel,Two-person,21 Days,Tuesday|Friday
BN2,TKC25 Brighton,Retail Channel,Two-person,21 Days,Tuesday|Friday
BN20,TKC25 Brighton,Retail Channel,Two-person,21 Days,Tuesday|Friday
BN21,TKC25 Brighton,Retail Channel,Two-person,21 Days,Tuesday|Friday
BN22,TKC25 Brighton,Retail Channel,Two-person,21 Days,Tuesday|Friday
BN23,TKC25 Brighton,Retail Channel,Two-person,21 Days,Tuesday|Friday
BN24,TKC25 Brighton,Retail Channel,Two-person,21 Days,Tuesday|Friday
BN25,TKC25 Brighton,Retail Channel,Two-person,21 Days,Tuesday|Friday
BN26,TKC25 Brighton,Retail Channel,Two-person,21 Days,Tuesday|Friday
BN27,TKC25 Brighton,Retail Channel,Two-person,21 Days,Tuesday|Friday
BN3,TKC25 Brighton,Retail Channel,Two-person,21 Days,Tuesday|Friday
BN4,TKC25 Brighton,Retail Channel,Two-person,21 Days,Tuesday|Friday
BN41,TKC25 Brighton,Retail Channel,Two-person,21 Days,Tuesday|Friday
BN42,TKC25 Brighton,Retail Channel,Two-person,21 Days,Tuesday|Friday
BN43,TKC25 Brighton,Retail Channel,Two-person,21 Days,Tuesday|Friday
BN44,TKC25 Brighton,Retail Channel,Two-person,21 Days,Tuesday|Friday
BN45,TKC25 Brighton,Retail Channel,Two-person,21 Days,Tuesday|Friday
BN5,TKC25 Brighton,Retail Channel,Two-person,21 Days,Tuesday|Friday
BN50,TKC25 Brighton,Retail Channel,Two-person,21 Days,Tuesday|Friday
BN52,TKC25 Brighton,Retail Channel,Two-person,21 Days,Tuesday|Friday
BN6,TKC25 Brighton,Retail Channel,Two-person,21 Days,Tuesday|Friday
BN7,TKC25 Brighton,Retail Channel,Two-person,21 Days,Tuesday|Friday
BN8,TKC25 Brighton,Retail Channel,Two-person,21 Days,Tuesday|Friday
BN9,TKC25 Brighton,Retail Channel,Two-person,21 Days,Tuesday|Friday
GU5,TKC25 Brighton,Retail Channel,Two-person,21 Days,Tuesday|Friday
GU6,TKC25 Brighton,Retail Channel,Two-person,21 Days,Tuesday|Friday
RH1,TKC25 Brighton,Retail Channel,Two-person,21 Days,Tuesday|Friday
RH10,TKC25 Brighton,Retail Channel,Two-person,21 Days,Tuesday|Friday
RH11,TKC25 Brighton,Retail Channel,Two-person,21 Days,Tuesday|Friday
RH12,TKC25 Brighton,Retail Channel,Two-person,21 Days,Tuesday|Friday
RH13,TKC25 Brighton,Retail Channel,Two-person,21 Days,Tuesday|Friday
RH14,TKC25 Brighton,Retail Channel,Two-person,21 Days,Tuesday|Friday
RH15,TKC25 Brighton,Retail Channel,Two-person,21 Days,Tuesday|Friday
RH16,TKC25 Brighton,Retail Channel,Two-person,21 Days,Tuesday|Friday
RH17,TKC25 Brighton,Retail Channel,Two-person,21 Days,Tuesday|Friday
RH2,TKC25 Brighton,Retail Channel,Two-person,21 Days,Tuesday|Friday
RH20,TKC25 Brighton,Retail Channel,Two-person,21 Days,Tuesday|Friday
RH3,TKC25 Brighton,Retail Channel,Two-person,21 Days,Tuesday|Friday
RH4,TKC25 Brighton,Retail Channel,Two-person,21 Days,Tuesday|Friday
RH5,TKC25 Brighton,Retail Channel,Two-person,21 Days,Tuesday|Friday
RH6,TKC25 Brighton,Retail Channel,Two-person,21 Days,Tuesday|Friday
RH77,TKC25 Brighton,Retail Channel,Two-person,21 Days,Tuesday|Friday
E1,TKC25 London North East (A),Component Channel,One-person,2 Days,Thursday
E10,TKC25 London North East (A),Component Channel,One-person,2 Days,Thursday
E11,TKC25 London North East (A),Component Channel,One-person,2 Days,Thursday
E12,TKC25 London North East (A),Component Channel,One-person,2 Days,Thursday
E13,TKC25 London North East (A),Component Channel,One-person,2 Days,Thursday
E14,TKC25 London North East (A),Component Channel,One-person,2 Days,Thursday
E15,TKC25 London North East (A),Component Channel,One-person,2 Days,Thursday
E16,TKC25 London North East (A),Component Channel,One-person,2 Days,Thursday
E17,TKC25 London North East (A),Component Channel,One-person,2 Days,Thursday
E18,TKC25 London North East (A),Component Channel,One-person,2 Days,Thursday
E2,TKC25 London North East (A),Component Channel,One-person,2 Days,Thursday
E20,TKC25 London North East (A),Component Channel,One-person,2 Days,Thursday
E3,TKC25 London North East (A),Component Channel,One-person,2 Days,Thursday
E4,TKC25 London North East (A),Component Channel,One-person,2 Days,Thursday
E5,TKC25 London North East (A),Component Channel,One-person,2 Days,Thursday
E6,TKC25 London North East (A),Component Channel,One-person,2 Days,Thursday
E7,TKC25 London North East (A),Component Channel,One-person,2 Days,Thursday
E8,TKC25 London North East (A),Component Channel,One-person,2 Days,Thursday
E9,TKC25 London North East (A),Component Channel,One-person,2 Days,Thursday
EC1A,TKC25 London North East (B),Component Channel,One-person,2 Days,Wednesday
EC1M,TKC25 London North East (B),Component Channel,One-person,2 Days,Wednesday
EC1N,TKC25 London North East (B),Component Channel,One-person,2 Days,Wednesday
EC1P,TKC25 London North East (B),Component Channel,One-person,2 Days,Wednesday
EC1R,TKC25 London North East (B),Component Channel,One-person,2 Days,Wednesday
EC1V,TKC25 London North East (B),Component Channel,One-person,2 Days,Wednesday
EC1Y,TKC25 London North East (B),Component Channel,One-person,2 Days,Wednesday
EC2A,TKC25 London North East (B),Component Channel,One-person,2 Days,Wednesday
EC2M,TKC25 London North East (B),Component Channel,One-person,2 Days,Wednesday
EC2N,TKC25 London North East (B),Component Channel,One-person,2 Days,Wednesday
EC2P,TKC25 London North East (B),Component Channel,One-person,2 Days,Wednesday
EC2R,TKC25 London North East (B),Component Channel,One-person,2 Days,Wednesday
EC2V,TKC25 London North East (B),Component Channel,One-person,2 Days,Wednesday
EC3A,TKC25 London North East (B),Component Channel,One-person,2 Days,Wednesday
EC3M,TKC25 London North East (B),Component Channel,One-person,2 Days,Wednesday
EC3N,TKC25 London North East (B),Component Channel,One-person,2 Days,Wednesday
EC3P,TKC25 London North East (B),Component Channel,One-person,2 Days,Wednesday
EC3R,TKC25 London North East (B),Component Channel,One-person,2 Days,Wednesday
EC3V,TKC25 London North East (B),Component Channel,One-person,2 Days,Wednesday
EC4A,TKC25 London North East (B),Component Channel,One-person,2 Days,Wednesday
EC4M,TKC25 London North East (B),Component Channel,One-person,2 Days,Wednesday
EC4N,TKC25 London North East (B),Component Channel,One-person,2 Days,Wednesday
EC4P,TKC25 London North East (B),Component Channel,One-person,2 Days,Wednesday
EC4R,TKC25 London North East (B),Component Channel,One-person,2 Days,Wednesday
EC4V,TKC25 London North East (B),Component Channel,One-person,2 Days,Wednesday
EC4Y,TKC25 London North East (B),Component Channel,One-person,2 Days,Wednesday
EC50,TKC25 London North East (B),Component Channel,One-person,2 Days,Wednesday
EN10,TKC25 London North East (B),Component Channel,One-person,2 Days,Wednesday
EN11,TKC25 London North East (B),Component Channel,One-person,2 Days,Wednesday
EN7,TKC25 London North East (B),Component Channel,One-person,2 Days,Wednesday
EN8,TKC25 London North East (B),Component Channel,One-person,2 Days,Wednesday
EN9,TKC25 London North East (B),Component Channel,One-person,2 Days,Wednesday
IG1,TKC25 London North East (A),Component Channel,One-person,2 Days,Thursday
IG10,TKC25 London North East (A),Component Channel,One-person,2 Days,Thursday
IG11,TKC25 London North East (A),Component Channel,One-person,2 Days,Thursday
IG2,TKC25 London North East (A),Component Channel,One-person,2 Days,Thursday
IG3,TKC25 London North East (A),Component Channel,One-person,2 Days,Thursday
IG4,TKC25 London North East (A),Component Channel,One-person,2 Days,Thursday
IG5,TKC25 London North East (A),Component Channel,One-person,2 Days,Thursday
IG6,TKC25 London North East (A),Component Channel,One-person,2 Days,Thursday
IG7,TKC25 London North East (A),Component Channel,One-person,2 Days,Thursday
IG8,TKC25 London North East (A),Component Channel,One-person,2 Days,Thursday
IG9,TKC25 London North East (A),Component Channel,One-person,2 Days,Thursday
RM1,TKC25 London North East (A),Component Channel,One-person,2 Days,Thursday
RM10,TKC25 London North East (A),Component Channel,One-person,2 Days,Thursday
RM11,TKC25 London North East (A),Component Channel,One-person,2 Days,Thursday
RM12,TKC25 London North East (A),Component Channel,One-person,2 Days,Thursday
RM13,TKC25 London North East (A),Component Channel,One-person,2 Days,Thursday
RM14,TKC25 London North East (A),Component Channel,One-person,2 Days,Thursday
RM15,TKC25 London North East (A),Component Channel,One-person,2 Days,Thursday
RM16,TKC25 London North East (A),Component Channel,One-person,2 Days,Thursday
RM17,TKC25 London North East (A),Component Channel,One-person,2 Days,Thursday
RM18,TKC25 London North East (A),Component Channel,One-person,2 Days,Thursday
RM19,TKC25 London North East (A),Component Channel,One-person,2 Days,Thursday
RM2,TKC25 London North East (A),Component Channel,One-person,2 Days,Thursday
RM20,TKC25 London North East (A),Component Channel,One-person,2 Days,Thursday
RM3,TKC25 London North East (A),Component Channel,One-person,2 Days,Thursday
RM4,TKC25 London North East (A),Component Channel,One-person,2 Days,Thursday
RM5,TKC25 London North East (A),Component Channel,One-person,2 Days,Thursday
RM50,TKC25 London North East (A),Component Channel,One-person,2 Days,Thursday
RM6,TKC25 London North East (A),Component Channel,One-person,2 Days,Thursday
RM7,TKC25 London North East (A),Component Channel,One-person,2 Days,Thursday
RM8,TKC25 London North East (A),Component Channel,One-person,2 Days,Thursday
RM9,TKC25 London North East (A),Component Channel,One-person,2 Days,Thursday
E1,TKC25 London North East (A),Jigsaw Channel,Two-person,5 Days,Thursday
E10,TKC25 London North East (A),Jigsaw Channel,Two-person,5 Days,Thursday
E11,TKC25 London North East (A),Jigsaw Channel,Two-person,5 Days,Thursday
E12,TKC25 London North East (A),Jigsaw Channel,Two-person,5 Days,Thursday
E13,TKC25 London North East (A),Jigsaw Channel,Two-person,5 Days,Thursday
E14,TKC25 London North East (A),Jigsaw Channel,Two-person,5 Days,Thursday
E15,TKC25 London North East (A),Jigsaw Channel,Two-person,5 Days,Thursday
E16,TKC25 London North East (A),Jigsaw Channel,Two-person,5 Days,Thursday
E17,TKC25 London North East (A),Jigsaw Channel,Two-person,5 Days,Thursday
E18,TKC25 London North East (A),Jigsaw Channel,Two-person,5 Days,Thursday
E2,TKC25 London North East (A),Jigsaw Channel,Two-person,5 Days,Thursday
E20,TKC25 London North East (A),Jigsaw Channel,Two-person,5 Days,Thursday
E3,TKC25 London North East (A),Jigsaw Channel,Two-person,5 Days,Thursday
E4,TKC25 London North East (A),Jigsaw Channel,Two-person,5 Days,Thursday
E5,TKC25 London North East (A),Jigsaw Channel,Two-person,5 Days,Thursday
E6,TKC25 London North East (A),Jigsaw Channel,Two-person,5 Days,Thursday
E7,TKC25 London North East (A),Jigsaw Channel,Two-person,5 Days,Thursday
E8,TKC25 London North East (A),Jigsaw Channel,Two-person,5 Days,Thursday
E9,TKC25 London North East (A),Jigsaw Channel,Two-person,5 Days,Thursday
EC1A,TKC25 London North East (B),Jigsaw Channel,Two-person,5 Days,Wednesday
EC1M,TKC25 London North East (B),Jigsaw Channel,Two-person,5 Days,Wednesday
EC1N,TKC25 London North East (B),Jigsaw Channel,Two-person,5 Days,Wednesday
EC1P,TKC25 London North East (B),Jigsaw Channel,Two-person,5 Days,Wednesday
EC1R,TKC25 London North East (B),Jigsaw Channel,Two-person,5 Days,Wednesday
EC1V,TKC25 London North East (B),Jigsaw Channel,Two-person,5 Days,Wednesday
EC1Y,TKC25 London North East (B),Jigsaw Channel,Two-person,5 Days,Wednesday
EC2A,TKC25 London North East (B),Jigsaw Channel,Two-person,5 Days,Wednesday
EC2M,TKC25 London North East (B),Jigsaw Channel,Two-person,5 Days,Wednesday
EC2N,TKC25 London North East (B),Jigsaw Channel,Two-person,5 Days,Wednesday
EC2P,TKC25 London North East (B),Jigsaw Channel,Two-person,5 Days,Wednesday
EC2R,TKC25 London North East (B),Jigsaw Channel,Two-person,5 Days,Wednesday
EC2V,TKC25 London North East (B),Jigsaw Channel,Two-person,5 Days,Wednesday
EC3A,TKC25 London North East (B),Jigsaw Channel,Two-person,5 Days,Wednesday
EC3M,TKC25 London North East (B),Jigsaw Channel,Two-person,5 Days,Wednesday
EC3N,TKC25 London North East (B),Jigsaw Channel,Two-person,5 Days,Wednesday
EC3P,TKC25 London North East (B),Jigsaw Channel,Two-person,5 Days,Wednesday
EC3R,TKC25 London North East (B),Jigsaw Channel,Two-person,5 Days,Wednesday
EC3V,TKC25 London North East (B),Jigsaw Channel,Two-person,5 Days,Wednesday
EC4A,TKC25 London North East (B),Jigsaw Channel,Two-person,5 Days,Wednesday
EC4M,TKC25 London North East (B),Jigsaw Channel,Two-person,5 Days,Wednesday
EC4N,TKC25 London North East (B),Jigsaw Channel,Two-person,5 Days,Wednesday
EC4P,TKC25 London North East (B),Jigsaw Channel,Two-person,5 Days,Wednesday
EC4R,TKC25 London North East (B),Jigsaw Channel,Two-person,5 Days,Wednesday
EC4V,TKC25 London North East (B),Jigsaw Channel,Two-person,5 Days,Wednesday
EC4Y,TKC25 London North East (B),Jigsaw Channel,Two-person,5 Days,Wednesday
EC50,TKC25 London North East (B),Jigsaw Channel,Two-person,5 Days,Wednesday
EN10,TKC25 London North East (B),Jigsaw Channel,Two-person,5 Days,Wednesday
EN11,TKC25 London North East (B),Jigsaw Channel,Two-person,5 Days,Wednesday
EN7,TKC25 London North East (B),Jigsaw Channel,Two-person,5 Days,Wednesday
EN8,TKC25 London North East (B),Jigsaw Channel,Two-person,5 Days,Wednesday
EN9,TKC25 London North East (B),Jigsaw Channel,Two-person,5 Days,Wednesday
IG1,TKC25 London North East (A),Jigsaw Channel,Two-person,5 Days,Thursday
IG10,TKC25 London North East (A),Jigsaw Channel,Two-person,5 Days,Thursday
IG11,TKC25 London North East (A),Jigsaw Channel,Two-person,5 Days,Thursday
IG2,TKC25 London North East (A),Jigsaw Channel,Two-person,5 Days,Thursday
IG3,TKC25 London North East (A),Jigsaw Channel,Two-person,5 Days,Thursday
IG4,TKC25 London North East (A),Jigsaw Channel,Two-person,5 Days,Thursday
IG5,TKC25 London North East (A),Jigsaw Channel,Two-person,5 Days,Thursday
IG6,TKC25 London North East (A),Jigsaw Channel,Two-person,5 Days,Thursday
IG7,TKC25 London North East (A),Jigsaw Channel,Two-person,5 Days,Thursday
IG8,TKC25 London North East (A),Jigsaw Channel,Two-person,5 Days,Thursday
IG9,TKC25 London North East (A),Jigsaw Channel,Two-person,5 Days,Thursday
RM1,TKC25 London North East (A),Jigsaw Channel,Two-person,5 Days,Thursday
RM10,TKC25 London North East (A),Jigsaw Channel,Two-person,5 Days,Thursday
RM11,TKC25 London North East (A),Jigsaw Channel,Two-person,5 Days,Thursday
RM12,TKC25 London North East (A),Jigsaw Channel,Two-person,5 Days,Thursday
RM13,TKC25 London North East (A),Jigsaw Channel,Two-person,5 Days,Thursday
RM14,TKC25 London North East (A),Jigsaw Channel,Two-person,5 Days,Thursday
RM15,TKC25 London North East (A),Jigsaw Channel,Two-person,5 Days,Thursday
RM16,TKC25 London North East (A),Jigsaw Channel,Two-person,5 Days,Thursday
RM17,TKC25 London North East (A),Jigsaw Channel,Two-person,5 Days,Thursday
RM18,TKC25 London North East (A),Jigsaw Channel,Two-person,5 Days,Thursday
RM19,TKC25 London North East (A),Jigsaw Channel,Two-person,5 Days,Thursday
RM2,TKC25 London North East (A),Jigsaw Channel,Two-person,5 Days,Thursday
RM20,TKC25 London North East (A),Jigsaw Channel,Two-person,5 Days,Thursday
RM3,TKC25 London North East (A),Jigsaw Channel,Two-person,5 Days,Thursday
RM4,TKC25 London North East (A),Jigsaw Channel,Two-person,5 Days,Thursday
RM5,TKC25 London North East (A),Jigsaw Channel,Two-person,5 Days,Thursday
RM50,TKC25 London North East (A),Jigsaw Channel,Two-person,5 Days,Thursday
RM6,TKC25 London North East (A),Jigsaw Channel,Two-person,5 Days,Thursday
RM7,TKC25 London North East (A),Jigsaw Channel,Two-person,5 Days,Thursday
RM8,TKC25 London North East (A),Jigsaw Channel,Two-person,5 Days,Thursday
RM9,TKC25 London North East (A),Jigsaw Channel,Two-person,5 Days,Thursday
E1,TKC25 London North East (A),Merchant Channel,Two-person,5 Days,Thursday
E10,TKC25 London North East (A),Merchant Channel,Two-person,5 Days,Thursday
E11,TKC25 London North East (A),Merchant Channel,Two-person,5 Days,Thursday
E12,TKC25 London North East (A),Merchant Channel,Two-person,5 Days,Thursday
E13,TKC25 London North East (A),Merchant Channel,Two-person,5 Days,Thursday
E14,TKC25 London North East (A),Merchant Channel,Two-person,5 Days,Thursday
E15,TKC25 London North East (A),Merchant Channel,Two-person,5 Days,Thursday
E16,TKC25 London North East (A),Merchant Channel,Two-person,5 Days,Thursday
E17,TKC25 London North East (A),Merchant Channel,Two-person,5 Days,Thursday
E18,TKC25 London North East (A),Merchant Channel,Two-person,5 Days,Thursday
E2,TKC25 London North East (A),Merchant Channel,Two-person,5 Days,Thursday
E20,TKC25 London North East (A),Merchant Channel,Two-person,5 Days,Thursday
E3,TKC25 London North East (A),Merchant Channel,Two-person,5 Days,Thursday
E4,TKC25 London North East (A),Merchant Channel,Two-person,5 Days,Thursday
E5,TKC25 London North East (A),Merchant Channel,Two-person,5 Days,Thursday
E6,TKC25 London North East (A),Merchant Channel,Two-person,5 Days,Thursday
E7,TKC25 London North East (A),Merchant Channel,Two-person,5 Days,Thursday
E8,TKC25 London North East (A),Merchant Channel,Two-person,5 Days,Thursday
E9,TKC25 London North East (A),Merchant Channel,Two-person,5 Days,Thursday
EC1A,TKC25 London North East (B),Merchant Channel,Two-person,5 Days,Wednesday
EC1M,TKC25 London North East (B),Merchant Channel,Two-person,5 Days,Wednesday
EC1N,TKC25 London North East (B),Merchant Channel,Two-person,5 Days,Wednesday
EC1P,TKC25 London North East (B),Merchant Channel,Two-person,5 Days,Wednesday
EC1R,TKC25 London North East (B),Merchant Channel,Two-person,5 Days,Wednesday
EC1V,TKC25 London North East (B),Merchant Channel,Two-person,5 Days,Wednesday
EC1Y,TKC25 London North East (B),Merchant Channel,Two-person,5 Days,Wednesday
EC2A,TKC25 London North East (B),Merchant Channel,Two-person,5 Days,Wednesday
EC2M,TKC25 London North East (B),Merchant Channel,Two-person,5 Days,Wednesday
EC2N,TKC25 London North East (B),Merchant Channel,Two-person,5 Days,Wednesday
EC2P,TKC25 London North East (B),Merchant Channel,Two-person,5 Days,Wednesday
EC2R,TKC25 London North East (B),Merchant Channel,Two-person,5 Days,Wednesday
EC2V,TKC25 London North East (B),Merchant Channel,Two-person,5 Days,Wednesday
EC3A,TKC25 London North East (B),Merchant Channel,Two-person,5 Days,Wednesday
EC3M,TKC25 London North East (B),Merchant Channel,Two-person,5 Days,Wednesday
EC3N,TKC25 London North East (B),Merchant Channel,Two-person,5 Days,Wednesday
EC3P,TKC25 London North East (B),Merchant Channel,Two-person,5 Days,Wednesday
EC3R,TKC25 London North East (B),Merchant Channel,Two-person,5 Days,Wednesday
EC3V,TKC25 London North East (B),Merchant Channel,Two-person,5 Days,Wednesday
EC4A,TKC25 London North East (B),Merchant Channel,Two-person,5 Days,Wednesday
EC4M,TKC25 London North East (B),Merchant Channel,Two-person,5 Days,Wednesday
EC4N,TKC25 London North East (B),Merchant Channel,Two-person,5 Days,Wednesday
EC4P,TKC25 London North East (B),Merchant Channel,Two-person,5 Days,Wednesday
EC4R,TKC25 London North East (B),Merchant Channel,Two-person,5 Days,Wednesday
EC4V,TKC25 London North East (B),Merchant Channel,Two-person,5 Days,Wednesday
EC4Y,TKC25 London North East (B),Merchant Channel,Two-person,5 Days,Wednesday
EC50,TKC25 London North East (B),Merchant Channel,Two-person,5 Days,Wednesday
EN10,TKC25 London North East (B),Merchant Channel,Two-person,5 Days,Wednesday
EN11,TKC25 London North East (B),Merchant Channel,Two-person,5 Days,Wednesday
EN7,TKC25 London North East (B),Merchant Channel,Two-person,5 Days,Wednesday
EN8,TKC25 London North East (B),Merchant Channel,Two-person,5 Days,Wednesday
EN9,TKC25 London North East (B),Merchant Channel,Two-person,5 Days,Wednesday
IG1,TKC25 London North East (A),Merchant Channel,Two-person,5 Days,Thursday
IG10,TKC25 London North East (A),Merchant Channel,Two-person,5 Days,Thursday
IG11,TKC25 London North East (A),Merchant Channel,Two-person,5 Days,Thursday
IG2,TKC25 London North East (A),Merchant Channel,Two-person,5 Days,Thursday
IG3,TKC25 London North East (A),Merchant Channel,Two-person,5 Days,Thursday
IG4,TKC25 London North East (A),Merchant Channel,Two-person,5 Days,Thursday
IG5,TKC25 London North East (A),Merchant Channel,Two-person,5 Days,Thursday
IG6,TKC25 London North East (A),Merchant Channel,Two-person,5 Days,Thursday
IG7,TKC25 London North East (A),Merchant Channel,Two-person,5 Days,Thursday
IG8,TKC25 London North East (A),Merchant Channel,Two-person,5 Days,Thursday
IG9,TKC25 London North East (A),Merchant Channel,Two-person,5 Days,Thursday
RM1,TKC25 London North East (A),Merchant Channel,Two-person,5 Days,Thursday
RM10,TKC25 London North East (A),Merchant Channel,Two-person,5 Days,Thursday
RM11,TKC25 London North East (A),Merchant Channel,Two-person,5 Days,Thursday
RM12,TKC25 London North East (A),Merchant Channel,Two-person,5 Days,Thursday
RM13,TKC25 London North East (A),Merchant Channel,Two-person,5 Days,Thursday
RM14,TKC25 London North East (A),Merchant Channel,Two-person,5 Days,Thursday
RM15,TKC25 London North East (A),Merchant Channel,Two-person,5 Days,Thursday
RM16,TKC25 London North East (A),Merchant Channel,Two-person,5 Days,Thursday
RM17,TKC25 London North East (A),Merchant Channel,Two-person,5 Days,Thursday
RM18,TKC25 London North East (A),Merchant Channel,Two-person,5 Days,Thursday
RM19,TKC25 London North East (A),Merchant Channel,Two-person,5 Days,Thursday
RM2,TKC25 London North East (A),Merchant Channel,Two-person,5 Days,Thursday
RM20,TKC25 London North East (A),Merchant Channel,Two-person,5 Days,Thursday
RM3,TKC25 London North East (A),Merchant Channel,Two-person,5 Days,Thursday
RM4,TKC25 London North East (A),Merchant Channel,Two-person,5 Days,Thursday
RM5,TKC25 London North East (A),Merchant Channel,Two-person,5 Days,Thursday
RM50,TKC25 London North East (A),Merchant Channel,Two-person,5 Days,Thursday
RM6,TKC25 London North East (A),Merchant Channel,Two-person,5 Days,Thursday
RM7,TKC25 London North East (A),Merchant Channel,Two-person,5 Days,Thursday
RM8,TKC25 London North East (A),Merchant Channel,Two-person,5 Days,Thursday
RM9,TKC25 London North East (A),Merchant Channel,Two-person,5 Days,Thursday
E1,TKC25 London North East (A),Retail Channel,Two-person,21 Days,Thursday
E10,TKC25 London North East (A),Retail Channel,Two-person,21 Days,Thursday
E11,TKC25 London North East (A),Retail Channel,Two-person,21 Days,Thursday
E12,TKC25 London North East (A),Retail Channel,Two-person,21 Days,Thursday
E13,TKC25 London North East (A),Retail Channel,Two-person,21 Days,Thursday
E14,TKC25 London North East (A),Retail Channel,Two-person,21 Days,Thursday
E15,TKC25 London North East (A),Retail Channel,Two-person,21 Days,Thursday
E16,TKC25 London North East (A),Retail Channel,Two-person,21 Days,Thursday
E17,TKC25 London North East (A),Retail Channel,Two-person,21 Days,Thursday
E18,TKC25 London North East (A),Retail Channel,Two-person,21 Days,Thursday
E2,TKC25 London North East (A),Retail Channel,Two-person,21 Days,Thursday
E20,TKC25 London North East (A),Retail Channel,Two-person,21 Days,Thursday
E3,TKC25 London North East (A),Retail Channel,Two-person,21 Days,Thursday
E4,TKC25 London North East (A),Retail Channel,Two-person,21 Days,Thursday
E5,TKC25 London North East (A),Retail Channel,Two-person,21 Days,Thursday
E6,TKC25 London North East (A),Retail Channel,Two-person,21 Days,Thursday
E7,TKC25 London North East (A),Retail Channel,Two-person,21 Days,Thursday
E8,TKC25 London North East (A),Retail Channel,Two-person,21 Days,Thursday
E9,TKC25 London North East (A),Retail Channel,Two-person,21 Days,Thursday
EC1A,TKC25 London North East (B),Retail Channel,Two-person,21 Days,Wednesday
EC1M,TKC25 London North East (B),Retail Channel,Two-person,21 Days,Wednesday
EC1N,TKC25 London North East (B),Retail Channel,Two-person,21 Days,Wednesday
EC1P,TKC25 London North East (B),Retail Channel,Two-person,21 Days,Wednesday
EC1R,TKC25 London North East (B),Retail Channel,Two-person,21 Days,Wednesday
EC1V,TKC25 London North East (B),Retail Channel,Two-person,21 Days,Wednesday
EC1Y,TKC25 London North East (B),Retail Channel,Two-person,21 Days,Wednesday
EC2A,TKC25 London North East (B),Retail Channel,Two-person,21 Days,Wednesday
EC2M,TKC25 London North East (B),Retail Channel,Two-person,21 Days,Wednesday
EC2N,TKC25 London North East (B),Retail Channel,Two-person,21 Days,Wednesday
EC2P,TKC25 London North East (B),Retail Channel,Two-person,21 Days,Wednesday
EC2R,TKC25 London North East (B),Retail Channel,Two-person,21 Days,Wednesday
EC2V,TKC25 London North East (B),Retail Channel,Two-person,21 Days,Wednesday
EC3A,TKC25 London North East (B),Retail Channel,Two-person,21 Days,Wednesday
EC3M,TKC25 London North East (B),Retail Channel,Two-person,21 Days,Wednesday
EC3N,TKC25 London North East (B),Retail Channel,Two-person,21 Days,Wednesday
EC3P,TKC25 London North East (B),Retail Channel,Two-person,21 Days,Wednesday
EC3R,TKC25 London North East (B),Retail Channel,Two-person,21 Days,Wednesday
EC3V,TKC25 London North East (B),Retail Channel,Two-person,21 Days,Wednesday
EC4A,TKC25 London North East (B),Retail Channel,Two-person,21 Days,Wednesday
EC4M,TKC25 London North East (B),Retail Channel,Two-person,21 Days,Wednesday
EC4N,TKC25 London North East (B),Retail Channel,Two-person,21 Days,Wednesday
EC4P,TKC25 London North East (B),Retail Channel,Two-person,21 Days,Wednesday
EC4R,TKC25 London North East (B),Retail Channel,Two-person,21 Days,Wednesday
EC4V,TKC25 London North East (B),Retail Channel,Two-person,21 Days,Wednesday
EC4Y,TKC25 London North East (B),Retail Channel,Two-person,21 Days,Wednesday
EC50,TKC25 London North East (B),Retail Channel,Two-person,21 Days,Wednesday
EN10,TKC25 London North East (B),Retail Channel,Two-person,21 Days,Wednesday
EN11,TKC25 London North East (B),Retail Channel,Two-person,21 Days,Wednesday
EN7,TKC25 London North East (B),Retail Channel,Two-person,21 Days,Wednesday
EN8,TKC25 London North East (B),Retail Channel,Two-person,21 Days,Wednesday
EN9,TKC25 London North East (B),Retail Channel,Two-person,21 Days,Wednesday
IG1,TKC25 London North East (A),Retail Channel,Two-person,21 Days,Thursday
IG10,TKC25 London North East (A),Retail Channel,Two-person,21 Days,Thursday
IG11,TKC25 London North East (A),Retail Channel,Two-person,21 Days,Thursday
IG2,TKC25 London North East (A),Retail Channel,Two-person,21 Days,Thursday
IG3,TKC25 London North East (A),Retail Channel,Two-person,21 Days,Thursday
IG4,TKC25 London North East (A),Retail Channel,Two-person,21 Days,Thursday
IG5,TKC25 London North East (A),Retail Channel,Two-person,21 Days,Thursday
IG6,TKC25 London North East (A),Retail Channel,Two-person,21 Days,Thursday
IG7,TKC25 London North East (A),Retail Channel,Two-person,21 Days,Thursday
IG8,TKC25 London North East (A),Retail Channel,Two-person,21 Days,Thursday
IG9,TKC25 London North East (A),Retail Channel,Two-person,21 Days,Thursday
RM1,TKC25 London North East (A),Retail Channel,Two-person,21 Days,Thursday
RM10,TKC25 London North East (A),Retail Channel,Two-person,21 Days,Thursday
RM11,TKC25 London North East (A),Retail Channel,Two-person,21 Days,Thursday
RM12,TKC25 London North East (A),Retail Channel,Two-person,21 Days,Thursday
RM13,TKC25 London North East (A),Retail Channel,Two-person,21 Days,Thursday
RM14,TKC25 London North East (A),Retail Channel,Two-person,21 Days,Thursday
RM15,TKC25 London North East (A),Retail Channel,Two-person,21 Days,Thursday
RM16,TKC25 London North East (A),Retail Channel,Two-person,21 Days,Thursday
RM17,TKC25 London North East (A),Retail Channel,Two-person,21 Days,Thursday
RM18,TKC25 London North East (A),Retail Channel,Two-person,21 Days,Thursday
RM19,TKC25 London North East (A),Retail Channel,Two-person,21 Days,Thursday
RM2,TKC25 London North East (A),Retail Channel,Two-person,21 Days,Thursday
RM20,TKC25 London North East (A),Retail Channel,Two-person,21 Days,Thursday
RM3,TKC25 London North East (A),Retail Channel,Two-person,21 Days,Thursday
RM4,TKC25 London North East (A),Retail Channel,Two-person,21 Days,Thursday
RM5,TKC25 London North East (A),Retail Channel,Two-person,21 Days,Thursday
RM50,TKC25 London North East (A),Retail Channel,Two-person,21 Days,Thursday
RM6,TKC25 London North East (A),Retail Channel,Two-person,21 Days,Thursday
RM7,TKC25 London North East (A),Retail Channel,Two-person,21 Days,Thursday
RM8,TKC25 London North East (A),Retail Channel,Two-person,21 Days,Thursday
RM9,TKC25 London North East (A),Retail Channel,Two-person,21 Days,Thursday
AL1,TKC25 London North East (B),Component Channel,One-person,2 Days,Wednesday
AL10,TKC25 London North East (B),Component Channel,One-person,2 Days,Wednesday
AL2,TKC25 London North East (B),Component Channel,One-person,2 Days,Wednesday
AL3,TKC25 London North East (B),Component Channel,One-person,2 Days,Wednesday
AL4,TKC25 London North East (B),Component Channel,One-person,2 Days,Wednesday
AL5,TKC25 London North East (B),Component Channel,One-person,2 Days,Wednesday
AL6,TKC25 London North East (B),Component Channel,One-person,2 Days,Wednesday
AL7,TKC25 London North East (B),Component Channel,One-person,2 Days,Wednesday
AL8,TKC25 London North East (B),Component Channel,One-person,2 Days,Wednesday
AL9,TKC25 London North East (B),Component Channel,One-person,2 Days,Wednesday
E1W,TKC25 London North East (A),Component Channel,One-person,2 Days,Thursday
EN1,TKC25 London North West (A),Component Channel,One-person,2 Days,Wednesday
EN2,TKC25 London North West (A),Component Channel,One-person,2 Days,Wednesday
EN3,TKC25 London North West (A),Component Channel,One-person,2 Days,Wednesday
EN4,TKC25 London North West (A),Component Channel,One-person,2 Days,Wednesday
EN5,TKC25 London North West (A),Component Channel,One-person,2 Days,Wednesday
EN6,TKC25 London North West (A),Component Channel,One-person,2 Days,Wednesday
HA0,TKC25 London North West (A),Component Channel,One-person,2 Days,Wednesday
HA1,TKC25 London North West (A),Component Channel,One-person,2 Days,Wednesday
HA2,TKC25 London North West (A),Component Channel,One-person,2 Days,Wednesday
HA3,TKC25 London North West (A),Component Channel,One-person,2 Days,Wednesday
HA4,TKC25 London North West (A),Component Channel,One-person,2 Days,Wednesday
HA5,TKC25 London North West (A),Component Channel,One-person,2 Days,Wednesday
HA6,TKC25 London North West (A),Component Channel,One-person,2 Days,Wednesday
HA7,TKC25 London North West (A),Component Channel,One-person,2 Days,Wednesday
HA8,TKC25 London North West (A),Component Channel,One-person,2 Days,Wednesday
HA9,TKC25 London North West (A),Component Channel,One-person,2 Days,Wednesday
HP1,TKC25 London North West (A),Component Channel,One-person,2 Days,Wednesday
HP10,TKC25 London North West (A),Component Channel,One-person,2 Days,Wednesday
HP11,TKC25 London North West (A),Component Channel,One-person,2 Days,Wednesday
HP12,TKC25 London North West (A),Component Channel,One-person,2 Days,Wednesday
HP13,TKC25 London North West (A),Component Channel,One-person,2 Days,Wednesday
HP14,TKC25 London North West (A),Component Channel,One-person,2 Days,Wednesday
HP15,TKC25 London North West (A),Component Channel,One-person,2 Days,Wednesday
HP16,TKC25 London North West (A),Component Channel,One-person,2 Days,Wednesday
HP2,TKC25 London North West (A),Component Channel,One-person,2 Days,Wednesday
HP23,TKC25 London North West (A),Component Channel,One-person,2 Days,Wednesday
HP3,TKC25 London North West (A),Component Channel,One-person,2 Days,Wednesday
HP4,TKC25 London North West (A),Component Channel,One-person,2 Days,Wednesday
HP5,TKC25 London North West (A),Component Channel,One-person,2 Days,Wednesday
HP6,TKC25 London North West (A),Component Channel,One-person,2 Days,Wednesday
HP7,TKC25 London North West (A),Component Channel,One-person,2 Days,Wednesday
HP8,TKC25 London North West (A),Component Channel,One-person,2 Days,Wednesday
HP9,TKC25 London North West (A),Component Channel,One-person,2 Days,Wednesday
N1,TKC25 London North West (A),Component Channel,One-person,2 Days,Wednesday
N10,TKC25 London North West (A),Component Channel,One-person,2 Days,Wednesday
N11,TKC25 London North West (A),Component Channel,One-person,2 Days,Wednesday
N12,TKC25 London North West (A),Component Channel,One-person,2 Days,Wednesday
N13,TKC25 London North West (A),Component Channel,One-person,2 Days,Wednesday
N14,TKC25 London North West (A),Component Channel,One-person,2 Days,Wednesday
N15,TKC25 London North West (A),Component Channel,One-person,2 Days,Wednesday
N16,TKC25 London North West (A),Component Channel,One-person,2 Days,Wednesday
N17,TKC25 London North West (A),Component Channel,One-person,2 Days,Wednesday
N18,TKC25 London North West (A),Component Channel,One-person,2 Days,Wednesday
N19,TKC25 London North West (A),Component Channel,One-person,2 Days,Wednesday
N2,TKC25 London North West (A),Component Channel,One-person,2 Days,Wednesday
N20,TKC25 London North West (A),Component Channel,One-person,2 Days,Wednesday
N21,TKC25 London North West (A),Component Channel,One-person,2 Days,Wednesday
N22,TKC25 London North West (A),Component Channel,One-person,2 Days,Wednesday
N3,TKC25 London North West (A),Component Channel,One-person,2 Days,Wednesday
N4,TKC25 London North West (A),Component Channel,One-person,2 Days,Wednesday
N5,TKC25 London North West (A),Component Channel,One-person,2 Days,Wednesday
N6,TKC25 London North West (A),Component Channel,One-person,2 Days,Wednesday
N7,TKC25 London North West (A),Component Channel,One-person,2 Days,Wednesday
N8,TKC25 London North West (A),Component Channel,One-person,2 Days,Wednesday
N81,TKC25 London North West (A),Component Channel,One-person,2 Days,Wednesday
N9,TKC25 London North West (A),Component Channel,One-person,2 Days,Wednesday
NW1,TKC25 London North West (A),Component Channel,One-person,2 Days,Wednesday
NW10,TKC25 London North West (A),Component Channel,One-person,2 Days,Wednesday
NW11,TKC25 London North West (A),Component Channel,One-person,2 Days,Wednesday
NW2,TKC25 London North West (A),Component Channel,One-person,2 Days,Wednesday
NW26,TKC25 London North West (A),Component Channel,One-person,2 Days,Wednesday
NW3,TKC25 London North West (A),Component Channel,One-person,2 Days,Wednesday
NW4,TKC25 London North West (A),Component Channel,One-person,2 Days,Wednesday
NW5,TKC25 London North West (A),Component Channel,One-person,2 Days,Wednesday
NW6,TKC25 London North West (A),Component Channel,One-person,2 Days,Wednesday
NW7,TKC25 London North West (A),Component Channel,One-person,2 Days,Wednesday
NW8,TKC25 London North West (A),Component Channel,One-person,2 Days,Wednesday
NW9,TKC25 London North West (A),Component Channel,One-person,2 Days,Wednesday
SL0,TKC25 London North West (A),Component Channel,One-person,2 Days,Wednesday
SL1,TKC25 London North West (A),Component Channel,One-person,2 Days,Wednesday
SL2,TKC25 London North West (A),Component Channel,One-person,2 Days,Wednesday
SL3,TKC25 London North West (A),Component Channel,One-person,2 Days,Wednesday
SL6,TKC25 London North West (A),Component Channel,One-person,2 Days,Wednesday
SL60,TKC25 London North West (A),Component Channel,One-person,2 Days,Wednesday
SL7,TKC25 London North West (A),Component Channel,One-person,2 Days,Wednesday
SL8,TKC25 London North West (A),Component Channel,One-person,2 Days,Wednesday
SL9,TKC25 London North West (A),Component Channel,One-person,2 Days,Wednesday
SL95,TKC25 London North West (A),Component Channel,One-person,2 Days,Wednesday
UB1,TKC25 London North West (A),Component Channel,One-person,2 Days,Wednesday
UB10,TKC25 London North West (A),Component Channel,One-person,2 Days,Wednesday
UB11,TKC25 London North West (A),Component Channel,One-person,2 Days,Wednesday
UB18,TKC25 London North West (A),Component Channel,One-person,2 Days,Wednesday
UB2,TKC25 London North West (A),Component Channel,One-person,2 Days,Wednesday
UB3,TKC25 London North West (A),Component Channel,One-person,2 Days,Wednesday
UB4,TKC25 London North West (A),Component Channel,One-person,2 Days,Wednesday
UB5,TKC25 London North West (A),Component Channel,One-person,2 Days,Wednesday
UB6,TKC25 London North West (A),Component Channel,One-person,2 Days,Wednesday
UB7,TKC25 London North West (A),Component Channel,One-person,2 Days,Wednesday
UB8,TKC25 London North West (A),Component Channel,One-person,2 Days,Wednesday
UB9,TKC25 London North West (A),Component Channel,One-person,2 Days,Wednesday
W1A,TKC25 London North West (A),Component Channel,One-person,2 Days,Wednesday
W1B,TKC25 London North West (A),Component Channel,One-person,2 Days,Wednesday
W1C,TKC25 London North West (A),Component Channel,One-person,2 Days,Wednesday
W1D,TKC25 London North West (A),Component Channel,One-person,2 Days,Wednesday
W1F,TKC25 London North West (A),Component Channel,One-person,2 Days,Wednesday
W1G,TKC25 London North West (A),Component Channel,One-person,2 Days,Wednesday
W1H,TKC25 London North West (A),Component Channel,One-person,2 Days,Wednesday
W1J,TKC25 London North West (A),Component Channel,One-person,2 Days,Wednesday
W1K,TKC25 London North West (A),Component Channel,One-person,2 Days,Wednesday
W1S,TKC25 London North West (A),Component Channel,One-person,2 Days,Wednesday
W1T,TKC25 London North West (A),Component Channel,One-person,2 Days,Wednesday
W1U,TKC25 London North West (A),Component Channel,One-person,2 Days,Wednesday
W1W,TKC25 London North West (A),Component Channel,One-person,2 Days,Wednesday
W10,TKC25 London North West (A),Component Channel,One-person,2 Days,Wednesday
W11,TKC25 London North West (A),Component Channel,One-person,2 Days,Wednesday
W12,TKC25 London North West (A),Component Channel,One-person,2 Days,Wednesday
W13,TKC25 London North West (A),Component Channel,One-person,2 Days,Wednesday
W14,TKC25 London North West (A),Component Channel,One-person,2 Days,Wednesday
W2,TKC25 London North West (A),Component Channel,One-person,2 Days,Wednesday
W3,TKC25 London North West (A),Component Channel,One-person,2 Days,Wednesday
W4,TKC25 London North West (A),Component Channel,One-person,2 Days,Wednesday
W5,TKC25 London North West (A),Component Channel,One-person,2 Days,Wednesday
W6,TKC25 London North West (A),Component Channel,One-person,2 Days,Wednesday
W7,TKC25 London North West (A),Component Channel,One-person,2 Days,Wednesday
W8,TKC25 London North West (A),Component Channel,One-person,2 Days,Wednesday
W9,TKC25 London North West (A),Component Channel,One-person,2 Days,Wednesday
WC1A,TKC25 London North West (A),Component Channel,One-person,2 Days,Wednesday
WC1B,TKC25 London North West (A),Component Channel,One-person,2 Days,Wednesday
WC1E,TKC25 London North West (A),Component Channel,One-person,2 Days,Wednesday
WC1H,TKC25 London North West (A),Component Channel,One-person,2 Days,Wednesday
WC1N,TKC25 London North West (A),Component Channel,One-person,2 Days,Wednesday
WC1R,TKC25 London North West (A),Component Channel,One-person,2 Days,Wednesday
WC1V,TKC25 London North West (A),Component Channel,One-person,2 Days,Wednesday
WC1X,TKC25 London North West (A),Component Channel,One-person,2 Days,Wednesday
WC2A,TKC25 London North West (A),Component Channel,One-person,2 Days,Wednesday
WC2B,TKC25 London North West (A),Component Channel,One-person,2 Days,Wednesday
WC2E,TKC25 London North West (A),Component Channel,One-person,2 Days,Wednesday
WC2H,TKC25 London North West (A),Component Channel,One-person,2 Days,Wednesday
WC2N,TKC25 London North West (A),Component Channel,One-person,2 Days,Wednesday
WC2R,TKC25 London North West (A),Component Channel,One-person,2 Days,Wednesday
WD1,TKC25 London North West (A),Component Channel,One-person,2 Days,Wednesday
WD17,TKC25 London North West (A),Component Channel,One-person,2 Days,Wednesday
WD18,TKC25 London North West (A),Component Channel,One-person,2 Days,Wednesday
WD19,TKC25 London North West (A),Component Channel,One-person,2 Days,Wednesday
WD2,TKC25 London North West (A),Component Channel,One-person,2 Days,Wednesday
WD23,TKC25 London North West (A),Component Channel,One-person,2 Days,Wednesday
WD24,TKC25 London North West (A),Component Channel,One-person,2 Days,Wednesday
WD25,TKC25 London North West (A),Component Channel,One-person,2 Days,Wednesday
WD3,TKC25 London North West (A),Component Channel,One-person,2 Days,Wednesday
WD4,TKC25 London North West (A),Component Channel,One-person,2 Days,Wednesday
WD5,TKC25 London North West (A),Component Channel,One-person,2 Days,Wednesday
WD6,TKC25 London North West (A),Component Channel,One-person,2 Days,Wednesday
WD7,TKC25 London North West (A),Component Channel,One-person,2 Days,Wednesday
WD99,TKC25 London North West (A),Component Channel,One-person,2 Days,Wednesday
AL1,TKC25 London North West (A),Jigsaw Channel,Two-person,5 Days,Wednesday
AL10,TKC25 London North West (A),Jigsaw Channel,Two-person,5 Days,Wednesday
AL2,TKC25 London North West (A),Jigsaw Channel,Two-person,5 Days,Wednesday
AL3,TKC25 London North West (A),Jigsaw Channel,Two-person,5 Days,Wednesday
AL4,TKC25 London North West (A),Jigsaw Channel,Two-person,5 Days,Wednesday
AL5,TKC25 London North West (A),Jigsaw Channel,Two-person,5 Days,Wednesday
AL6,TKC25 London North West (A),Jigsaw Channel,Two-person,5 Days,Wednesday
AL7,TKC25 London North West (A),Jigsaw Channel,Two-person,5 Days,Wednesday
AL8,TKC25 London North West (A),Jigsaw Channel,Two-person,5 Days,Wednesday
AL9,TKC25 London North West (A),Jigsaw Channel,Two-person,5 Days,Wednesday
E1W,TKC25 London North West (B),Jigsaw Channel,Two-person,5 Days,Thursday
EN1,TKC25 London North West (A),Jigsaw Channel,Two-person,5 Days,Wednesday
EN2,TKC25 London North West (A),Jigsaw Channel,Two-person,5 Days,Wednesday
EN3,TKC25 London North West (A),Jigsaw Channel,Two-person,5 Days,Wednesday
EN4,TKC25 London North West (A),Jigsaw Channel,Two-person,5 Days,Wednesday
EN5,TKC25 London North West (A),Jigsaw Channel,Two-person,5 Days,Wednesday
EN6,TKC25 London North West (A),Jigsaw Channel,Two-person,5 Days,Wednesday
HA0,TKC25 London North West (A),Jigsaw Channel,Two-person,5 Days,Wednesday
HA1,TKC25 London North West (A),Jigsaw Channel,Two-person,5 Days,Wednesday
HA2,TKC25 London North West (A),Jigsaw Channel,Two-person,5 Days,Wednesday
HA3,TKC25 London North West (A),Jigsaw Channel,Two-person,5 Days,Wednesday
HA4,TKC25 London North West (A),Jigsaw Channel,Two-person,5 Days,Wednesday
HA5,TKC25 London North West (A),Jigsaw Channel,Two-person,5 Days,Wednesday
HA6,TKC25 London North West (A),Jigsaw Channel,Two-person,5 Days,Wednesday
HA7,TKC25 London North West (A),Jigsaw Channel,Two-person,5 Days,Wednesday
HA8,TKC25 London North West (A),Jigsaw Channel,Two-person,5 Days,Wednesday
HA9,TKC25 London North West (A),Jigsaw Channel,Two-person,5 Days,Wednesday
HP1,TKC25 London North West (A),Jigsaw Channel,Two-person,5 Days,Wednesday
HP10,TKC25 London North West (A),Jigsaw Channel,Two-person,5 Days,Wednesday
HP11,TKC25 London North West (A),Jigsaw Channel,Two-person,5 Days,Wednesday
HP12,TKC25 London North West (A),Jigsaw Channel,Two-person,5 Days,Wednesday
HP13,TKC25 London North West (A),Jigsaw Channel,Two-person,5 Days,Wednesday
HP14,TKC25 London North West (A),Jigsaw Channel,Two-person,5 Days,Wednesday
HP15,TKC25 London North West (A),Jigsaw Channel,Two-person,5 Days,Wednesday
HP16,TKC25 London North West (A),Jigsaw Channel,Two-person,5 Days,Wednesday
HP2,TKC25 London North West (A),Jigsaw Channel,Two-person,5 Days,Wednesday
HP23,TKC25 London North West (A),Jigsaw Channel,Two-person,5 Days,Wednesday
HP3,TKC25 London North West (A),Jigsaw Channel,Two-person,5 Days,Wednesday
HP4,TKC25 London North West (A),Jigsaw Channel,Two-person,5 Days,Wednesday
HP5,TKC25 London North West (A),Jigsaw Channel,Two-person,5 Days,Wednesday
HP6,TKC25 London North West (A),Jigsaw Channel,Two-person,5 Days,Wednesday
HP7,TKC25 London North West (A),Jigsaw Channel,Two-person,5 Days,Wednesday
HP8,TKC25 London North West (A),Jigsaw Channel,Two-person,5 Days,Wednesday
HP9,TKC25 London North West (A),Jigsaw Channel,Two-person,5 Days,Wednesday
N1,TKC25 London North West (A),Jigsaw Channel,Two-person,5 Days,Wednesday
N10,TKC25 London North West (A),Jigsaw Channel,Two-person,5 Days,Wednesday
N11,TKC25 London North West (A),Jigsaw Channel,Two-person,5 Days,Wednesday
N12,TKC25 London North West (A),Jigsaw Channel,Two-person,5 Days,Wednesday
N13,TKC25 London North West (A),Jigsaw Channel,Two-person,5 Days,Wednesday
N14,TKC25 London North West (A),Jigsaw Channel,Two-person,5 Days,Wednesday
N15,TKC25 London North West (A),Jigsaw Channel,Two-person,5 Days,Wednesday
N16,TKC25 London North West (A),Jigsaw Channel,Two-person,5 Days,Wednesday
N17,TKC25 London North West (A),Jigsaw Channel,Two-person,5 Days,Wednesday
N18,TKC25 London North West (A),Jigsaw Channel,Two-person,5 Days,Wednesday
N19,TKC25 London North West (A),Jigsaw Channel,Two-person,5 Days,Wednesday
N2,TKC25 London North West (A),Jigsaw Channel,Two-person,5 Days,Wednesday
N20,TKC25 London North West (A),Jigsaw Channel,Two-person,5 Days,Wednesday
N21,TKC25 London North West (A),Jigsaw Channel,Two-person,5 Days,Wednesday
N22,TKC25 London North West (A),Jigsaw Channel,Two-person,5 Days,Wednesday
N3,TKC25 London North West (A),Jigsaw Channel,Two-person,5 Days,Wednesday
N4,TKC25 London North West (A),Jigsaw Channel,Two-person,5 Days,Wednesday
N5,TKC25 London North West (A),Jigsaw Channel,Two-person,5 Days,Wednesday
N6,TKC25 London North West (A),Jigsaw Channel,Two-person,5 Days,Wednesday
N7,TKC25 London North West (A),Jigsaw Channel,Two-person,5 Days,Wednesday
N8,TKC25 London North West (A),Jigsaw Channel,Two-person,5 Days,Wednesday
N81,TKC25 London North West (A),Jigsaw Channel,Two-person,5 Days,Wednesday
N9,TKC25 London North West (A),Jigsaw Channel,Two-person,5 Days,Wednesday
NW1,TKC25 London North West (A),Jigsaw Channel,Two-person,5 Days,Wednesday
NW10,TKC25 London North West (A),Jigsaw Channel,Two-person,5 Days,Wednesday
NW11,TKC25 London North West (A),Jigsaw Channel,Two-person,5 Days,Wednesday
NW2,TKC25 London North West (A),Jigsaw Channel,Two-person,5 Days,Wednesday
NW26,TKC25 London North West (A),Jigsaw Channel,Two-person,5 Days,Wednesday
NW3,TKC25 London North West (A),Jigsaw Channel,Two-person,5 Days,Wednesday
NW4,TKC25 London North West (A),Jigsaw Channel,Two-person,5 Days,Wednesday
NW5,TKC25 London North West (A),Jigsaw Channel,Two-person,5 Days,Wednesday
NW6,TKC25 London North West (A),Jigsaw Channel,Two-person,5 Days,Wednesday
NW7,TKC25 London North West (A),Jigsaw Channel,Two-person,5 Days,Wednesday
NW8,TKC25 London North West (A),Jigsaw Channel,Two-person,5 Days,Wednesday
NW9,TKC25 London North West (A),Jigsaw Channel,Two-person,5 Days,Wednesday
SL0,TKC25 London North West (A),Jigsaw Channel,Two-person,5 Days,Wednesday
SL1,TKC25 London North West (A),Jigsaw Channel,Two-person,5 Days,Wednesday
SL2,TKC25 London North West (A),Jigsaw Channel,Two-person,5 Days,Wednesday
SL3,TKC25 London North West (A),Jigsaw Channel,Two-person,5 Days,Wednesday
SL6,TKC25 London North West (A),Jigsaw Channel,Two-person,5 Days,Wednesday
SL60,TKC25 London North West (A),Jigsaw Channel,Two-person,5 Days,Wednesday
SL7,TKC25 London North West (A),Jigsaw Channel,Two-person,5 Days,Wednesday
SL8,TKC25 London North West (A),Jigsaw Channel,Two-person,5 Days,Wednesday
SL9,TKC25 London North West (A),Jigsaw Channel,Two-person,5 Days,Wednesday
SL95,TKC25 London North West (A),Jigsaw Channel,Two-person,5 Days,Wednesday
UB1,TKC25 London North West (A),Jigsaw Channel,Two-person,5 Days,Wednesday
UB10,TKC25 London North West (A),Jigsaw Channel,Two-person,5 Days,Wednesday
UB11,TKC25 London North West (A),Jigsaw Channel,Two-person,5 Days,Wednesday
UB18,TKC25 London North West (A),Jigsaw Channel,Two-person,5 Days,Wednesday
UB2,TKC25 London North West (A),Jigsaw Channel,Two-person,5 Days,Wednesday
UB3,TKC25 London North West (A),Jigsaw Channel,Two-person,5 Days,Wednesday
UB4,TKC25 London North West (A),Jigsaw Channel,Two-person,5 Days,Wednesday
UB5,TKC25 London North West (A),Jigsaw Channel,Two-person,5 Days,Wednesday
UB6,TKC25 London North West (A),Jigsaw Channel,Two-person,5 Days,Wednesday
UB7,TKC25 London North West (A),Jigsaw Channel,Two-person,5 Days,Wednesday
UB8,TKC25 London North West (A),Jigsaw Channel,Two-person,5 Days,Wednesday
UB9,TKC25 London North West (A),Jigsaw Channel,Two-person,5 Days,Wednesday
W1A,TKC25 London North West (A),Jigsaw Channel,Two-person,5 Days,Wednesday
W1B,TKC25 London North West (A),Jigsaw Channel,Two-person,5 Days,Wednesday
W1C,TKC25 London North West (A),Jigsaw Channel,Two-person,5 Days,Wednesday
W1D,TKC25 London North West (A),Jigsaw Channel,Two-person,5 Days,Wednesday
W1F,TKC25 London North West (A),Jigsaw Channel,Two-person,5 Days,Wednesday
W1G,TKC25 London North West (A),Jigsaw Channel,Two-person,5 Days,Wednesday
W1H,TKC25 London North West (A),Jigsaw Channel,Two-person,5 Days,Wednesday
W1J,TKC25 London North West (A),Jigsaw Channel,Two-person,5 Days,Wednesday
W1K,TKC25 London North West (A),Jigsaw Channel,Two-person,5 Days,Wednesday
W1S,TKC25 London North West (A),Jigsaw Channel,Two-person,5 Days,Wednesday
W1T,TKC25 London North West (A),Jigsaw Channel,Two-person,5 Days,Wednesday
W1U,TKC25 London North West (A),Jigsaw Channel,Two-person,5 Days,Wednesday
W1W,TKC25 London North West (A),Jigsaw Channel,Two-person,5 Days,Wednesday
W10,TKC25 London North West (A),Jigsaw Channel,Two-person,5 Days,Wednesday
W11,TKC25 London North West (A),Jigsaw Channel,Two-person,5 Days,Wednesday
W12,TKC25 London North West (A),Jigsaw Channel,Two-person,5 Days,Wednesday
W13,TKC25 London North West (A),Jigsaw Channel,Two-person,5 Days,Wednesday
W14,TKC25 London North West (A),Jigsaw Channel,Two-person,5 Days,Wednesday
W2,TKC25 London North West (A),Jigsaw Channel,Two-person,5 Days,Wednesday
W3,TKC25 London North West (A),Jigsaw Channel,Two-person,5 Days,Wednesday
W4,TKC25 London North West (A),Jigsaw Channel,Two-person,5 Days,Wednesday
W5,TKC25 London North West (A),Jigsaw Channel,Two-person,5 Days,Wednesday
W6,TKC25 London North West (A),Jigsaw Channel,Two-person,5 Days,Wednesday
W7,TKC25 London North West (A),Jigsaw Channel,Two-person,5 Days,Wednesday
W8,TKC25 London North West (A),Jigsaw Channel,Two-person,5 Days,Wednesday
W9,TKC25 London North West (A),Jigsaw Channel,Two-person,5 Days,Wednesday
WC1A,TKC25 London North West (A),Jigsaw Channel,Two-person,5 Days,Wednesday
WC1B,TKC25 London North West (A),Jigsaw Channel,Two-person,5 Days,Wednesday
WC1E,TKC25 London North West (A),Jigsaw Channel,Two-person,5 Days,Wednesday
WC1H,TKC25 London North West (A),Jigsaw Channel,Two-person,5 Days,Wednesday
WC1N,TKC25 London North West (A),Jigsaw Channel,Two-person,5 Days,Wednesday
WC1R,TKC25 London North West (A),Jigsaw Channel,Two-person,5 Days,Wednesday
WC1V,TKC25 London North West (A),Jigsaw Channel,Two-person,5 Days,Wednesday
WC1X,TKC25 London North West (A),Jigsaw Channel,Two-person,5 Days,Wednesday
WC2A,TKC25 London North West (A),Jigsaw Channel,Two-person,5 Days,Wednesday
WC2B,TKC25 London North West (A),Jigsaw Channel,Two-person,5 Days,Wednesday
WC2E,TKC25 London North West (A),Jigsaw Channel,Two-person,5 Days,Wednesday
WC2H,TKC25 London North West (A),Jigsaw Channel,Two-person,5 Days,Wednesday
WC2N,TKC25 London North West (A),Jigsaw Channel,Two-person,5 Days,Wednesday
WC2R,TKC25 London North West (A),Jigsaw Channel,Two-person,5 Days,Wednesday
WD1,TKC25 London North West (A),Jigsaw Channel,Two-person,5 Days,Wednesday
WD17,TKC25 London North West (A),Jigsaw Channel,Two-person,5 Days,Wednesday
WD18,TKC25 London North West (A),Jigsaw Channel,Two-person,5 Days,Wednesday
WD19,TKC25 London North West (A),Jigsaw Channel,Two-person,5 Days,Wednesday
WD2,TKC25 London North West (A),Jigsaw Channel,Two-person,5 Days,Wednesday
WD23,TKC25 London North West (A),Jigsaw Channel,Two-person,5 Days,Wednesday
WD24,TKC25 London North West (A),Jigsaw Channel,Two-person,5 Days,Wednesday
WD25,TKC25 London North West (A),Jigsaw Channel,Two-person,5 Days,Wednesday
WD3,TKC25 London North West (A),Jigsaw Channel,Two-person,5 Days,Wednesday
WD4,TKC25 London North West (A),Jigsaw Channel,Two-person,5 Days,Wednesday
WD5,TKC25 London North West (A),Jigsaw Channel,Two-person,5 Days,Wednesday
WD6,TKC25 London North West (A),Jigsaw Channel,Two-person,5 Days,Wednesday
WD7,TKC25 London North West (A),Jigsaw Channel,Two-person,5 Days,Wednesday
WD99,TKC25 London North West (A),Jigsaw Channel,Two-person,5 Days,Wednesday
AL1,TKC25 London North West (A),Merchant Channel,Two-person,5 Days,Wednesday
AL10,TKC25 London North West (A),Merchant Channel,Two-person,5 Days,Wednesday
AL2,TKC25 London North West (A),Merchant Channel,Two-person,5 Days,Wednesday
AL3,TKC25 London North West (A),Merchant Channel,Two-person,5 Days,Wednesday
AL4,TKC25 London North West (A),Merchant Channel,Two-person,5 Days,Wednesday
AL5,TKC25 London North West (A),Merchant Channel,Two-person,5 Days,Wednesday
AL6,TKC25 London North West (A),Merchant Channel,Two-person,5 Days,Wednesday
AL7,TKC25 London North West (A),Merchant Channel,Two-person,5 Days,Wednesday
AL8,TKC25 London North West (A),Merchant Channel,Two-person,5 Days,Wednesday
AL9,TKC25 London North West (A),Merchant Channel,Two-person,5 Days,Wednesday
E1W,TKC25 London North West (B),Merchant Channel,Two-person,5 Days,Thursday
EN1,TKC25 London North West (A),Merchant Channel,Two-person,5 Days,Wednesday
EN2,TKC25 London North West (A),Merchant Channel,Two-person,5 Days,Wednesday
EN3,TKC25 London North West (A),Merchant Channel,Two-person,5 Days,Wednesday
EN4,TKC25 London North West (A),Merchant Channel,Two-person,5 Days,Wednesday
EN5,TKC25 London North West (A),Merchant Channel,Two-person,5 Days,Wednesday
EN6,TKC25 London North West (A),Merchant Channel,Two-person,5 Days,Wednesday
HA0,TKC25 London North West (A),Merchant Channel,Two-person,5 Days,Wednesday
HA1,TKC25 London North West (A),Merchant Channel,Two-person,5 Days,Wednesday
HA2,TKC25 London North West (A),Merchant Channel,Two-person,5 Days,Wednesday
HA3,TKC25 London North West (A),Merchant Channel,Two-person,5 Days,Wednesday
HA4,TKC25 London North West (A),Merchant Channel,Two-person,5 Days,Wednesday
HA5,TKC25 London North West (A),Merchant Channel,Two-person,5 Days,Wednesday
HA6,TKC25 London North West (A),Merchant Channel,Two-person,5 Days,Wednesday
HA7,TKC25 London North West (A),Merchant Channel,Two-person,5 Days,Wednesday
HA8,TKC25 London North West (A),Merchant Channel,Two-person,5 Days,Wednesday
HA9,TKC25 London North West (A),Merchant Channel,Two-person,5 Days,Wednesday
HP1,TKC25 London North West (A),Merchant Channel,Two-person,5 Days,Wednesday
HP10,TKC25 London North West (A),Merchant Channel,Two-person,5 Days,Wednesday
HP11,TKC25 London North West (A),Merchant Channel,Two-person,5 Days,Wednesday
HP12,TKC25 London North West (A),Merchant Channel,Two-person,5 Days,Wednesday
HP13,TKC25 London North West (A),Merchant Channel,Two-person,5 Days,Wednesday
HP14,TKC25 London North West (A),Merchant Channel,Two-person,5 Days,Wednesday
HP15,TKC25 London North West (A),Merchant Channel,Two-person,5 Days,Wednesday
HP16,TKC25 London North West (A),Merchant Channel,Two-person,5 Days,Wednesday
HP2,TKC25 London North West (A),Merchant Channel,Two-person,5 Days,Wednesday
HP23,TKC25 London North West (A),Merchant Channel,Two-person,5 Days,Wednesday
HP3,TKC25 London North West (A),Merchant Channel,Two-person,5 Days,Wednesday
HP4,TKC25 London North West (A),Merchant Channel,Two-person,5 Days,Wednesday
HP5,TKC25 London North West (A),Merchant Channel,Two-person,5 Days,Wednesday
HP6,TKC25 London North West (A),Merchant Channel,Two-person,5 Days,Wednesday
HP7,TKC25 London North West (A),Merchant Channel,Two-person,5 Days,Wednesday
HP8,TKC25 London North West (A),Merchant Channel,Two-person,5 Days,Wednesday
HP9,TKC25 London North West (A),Merchant Channel,Two-person,5 Days,Wednesday
N1,TKC25 London North West (A),Merchant Channel,Two-person,5 Days,Wednesday
N10,TKC25 London North West (A),Merchant Channel,Two-person,5 Days,Wednesday
N11,TKC25 London North West (A),Merchant Channel,Two-person,5 Days,Wednesday
N12,TKC25 London North West (A),Merchant Channel,Two-person,5 Days,Wednesday
N13,TKC25 London North West (A),Merchant Channel,Two-person,5 Days,Wednesday
N14,TKC25 London North West (A),Merchant Channel,Two-person,5 Days,Wednesday
N15,TKC25 London North West (A),Merchant Channel,Two-person,5 Days,Wednesday
N16,TKC25 London North West (A),Merchant Channel,Two-person,5 Days,Wednesday
N17,TKC25 London North West (A),Merchant Channel,Two-person,5 Days,Wednesday
N18,TKC25 London North West (A),Merchant Channel,Two-person,5 Days,Wednesday
N19,TKC25 London North West (A),Merchant Channel,Two-person,5 Days,Wednesday
N2,TKC25 London North West (A),Merchant Channel,Two-person,5 Days,Wednesday
N20,TKC25 London North West (A),Merchant Channel,Two-person,5 Days,Wednesday
N21,TKC25 London North West (A),Merchant Channel,Two-person,5 Days,Wednesday
N22,TKC25 London North West (A),Merchant Channel,Two-person,5 Days,Wednesday
N3,TKC25 London North West (A),Merchant Channel,Two-person,5 Days,Wednesday
N4,TKC25 London North West (A),Merchant Channel,Two-person,5 Days,Wednesday
N5,TKC25 London North West (A),Merchant Channel,Two-person,5 Days,Wednesday
N6,TKC25 London North West (A),Merchant Channel,Two-person,5 Days,Wednesday
N7,TKC25 London North West (A),Merchant Channel,Two-person,5 Days,Wednesday
N8,TKC25 London North West (A),Merchant Channel,Two-person,5 Days,Wednesday
N81,TKC25 London North West (A),Merchant Channel,Two-person,5 Days,Wednesday
N9,TKC25 London North West (A),Merchant Channel,Two-person,5 Days,Wednesday
NW1,TKC25 London North West (A),Merchant Channel,Two-person,5 Days,Wednesday
NW10,TKC25 London North West (A),Merchant Channel,Two-person,5 Days,Wednesday
NW11,TKC25 London North West (A),Merchant Channel,Two-person,5 Days,Wednesday
NW2,TKC25 London North West (A),Merchant Channel,Two-person,5 Days,Wednesday
NW26,TKC25 London North West (A),Merchant Channel,Two-person,5 Days,Wednesday
NW3,TKC25 London North West (A),Merchant Channel,Two-person,5 Days,Wednesday
NW4,TKC25 London North West (A),Merchant Channel,Two-person,5 Days,Wednesday
NW5,TKC25 London North West (A),Merchant Channel,Two-person,5 Days,Wednesday
NW6,TKC25 London North West (A),Merchant Channel,Two-person,5 Days,Wednesday
NW7,TKC25 London North West (A),Merchant Channel,Two-person,5 Days,Wednesday
NW8,TKC25 London North West (A),Merchant Channel,Two-person,5 Days,Wednesday
NW9,TKC25 London North West (A),Merchant Channel,Two-person,5 Days,Wednesday
SL0,TKC25 London North West (A),Merchant Channel,Two-person,5 Days,Wednesday
SL1,TKC25 London North West (A),Merchant Channel,Two-person,5 Days,Wednesday
SL2,TKC25 London North West (A),Merchant Channel,Two-person,5 Days,Wednesday
SL3,TKC25 London North West (A),Merchant Channel,Two-person,5 Days,Wednesday
SL6,TKC25 London North West (A),Merchant Channel,Two-person,5 Days,Wednesday
SL60,TKC25 London North West (A),Merchant Channel,Two-person,5 Days,Wednesday
SL7,TKC25 London North West (A),Merchant Channel,Two-person,5 Days,Wednesday
SL8,TKC25 London North West (A),Merchant Channel,Two-person,5 Days,Wednesday
SL9,TKC25 London North West (A),Merchant Channel,Two-person,5 Days,Wednesday
SL95,TKC25 London North West (A),Merchant Channel,Two-person,5 Days,Wednesday
UB1,TKC25 London North West (A),Merchant Channel,Two-person,5 Days,Wednesday
UB10,TKC25 London North West (A),Merchant Channel,Two-person,5 Days,Wednesday
UB11,TKC25 London North West (A),Merchant Channel,Two-person,5 Days,Wednesday
UB18,TKC25 London North West (A),Merchant Channel,Two-person,5 Days,Wednesday
UB2,TKC25 London North West (A),Merchant Channel,Two-person,5 Days,Wednesday
UB3,TKC25 London North West (A),Merchant Channel,Two-person,5 Days,Wednesday
UB4,TKC25 London North West (A),Merchant Channel,Two-person,5 Days,Wednesday
UB5,TKC25 London North West (A),Merchant Channel,Two-person,5 Days,Wednesday
UB6,TKC25 London North West (A),Merchant Channel,Two-person,5 Days,Wednesday
UB7,TKC25 London North West (A),Merchant Channel,Two-person,5 Days,Wednesday
UB8,TKC25 London North West (A),Merchant Channel,Two-person,5 Days,Wednesday
UB9,TKC25 London North West (A),Merchant Channel,Two-person,5 Days,Wednesday
W1A,TKC25 London North West (A),Merchant Channel,Two-person,5 Days,Wednesday
W1B,TKC25 London North West (A),Merchant Channel,Two-person,5 Days,Wednesday
W1C,TKC25 London North West (A),Merchant Channel,Two-person,5 Days,Wednesday
W1D,TKC25 London North West (A),Merchant Channel,Two-person,5 Days,Wednesday
W1F,TKC25 London North West (A),Merchant Channel,Two-person,5 Days,Wednesday
W1G,TKC25 London North West (A),Merchant Channel,Two-person,5 Days,Wednesday
W1H,TKC25 London North West (A),Merchant Channel,Two-person,5 Days,Wednesday
W1J,TKC25 London North West (A),Merchant Channel,Two-person,5 Days,Wednesday
W1K,TKC25 London North West (A),Merchant Channel,Two-person,5 Days,Wednesday
W1S,TKC25 London North West (A),Merchant Channel,Two-person,5 Days,Wednesday
W1T,TKC25 London North West (A),Merchant Channel,Two-person,5 Days,Wednesday
W1U,TKC25 London North West (A),Merchant Channel,Two-person,5 Days,Wednesday
W1W,TKC25 London North West (A),Merchant Channel,Two-person,5 Days,Wednesday
W10,TKC25 London North West (A),Merchant Channel,Two-person,5 Days,Wednesday
W11,TKC25 London North West (A),Merchant Channel,Two-person,5 Days,Wednesday
W12,TKC25 London North West (A),Merchant Channel,Two-person,5 Days,Wednesday
W13,TKC25 London North West (A),Merchant Channel,Two-person,5 Days,Wednesday
W14,TKC25 London North West (A),Merchant Channel,Two-person,5 Days,Wednesday
W2,TKC25 London North West (A),Merchant Channel,Two-person,5 Days,Wednesday
W3,TKC25 London North West (A),Merchant Channel,Two-person,5 Days,Wednesday
W4,TKC25 London North West (A),Merchant Channel,Two-person,5 Days,Wednesday
W5,TKC25 London North West (A),Merchant Channel,Two-person,5 Days,Wednesday
W6,TKC25 London North West (A),Merchant Channel,Two-person,5 Days,Wednesday
W7,TKC25 London North West (A),Merchant Channel,Two-person,5 Days,Wednesday
W8,TKC25 London North West (A),Merchant Channel,Two-person,5 Days,Wednesday
W9,TKC25 London North West (A),Merchant Channel,Two-person,5 Days,Wednesday
WC1A,TKC25 London North West (A),Merchant Channel,Two-person,5 Days,Wednesday
WC1B,TKC25 London North West (A),Merchant Channel,Two-person,5 Days,Wednesday
WC1E,TKC25 London North West (A),Merchant Channel,Two-person,5 Days,Wednesday
WC1H,TKC25 London North West (A),Merchant Channel,Two-person,5 Days,Wednesday
WC1N,TKC25 London North West (A),Merchant Channel,Two-person,5 Days,Wednesday
WC1R,TKC25 London North West (A),Merchant Channel,Two-person,5 Days,Wednesday
WC1V,TKC25 London North West (A),Merchant Channel,Two-person,5 Days,Wednesday
WC1X,TKC25 London North West (A),Merchant Channel,Two-person,5 Days,Wednesday
WC2A,TKC25 London North West (A),Merchant Channel,Two-person,5 Days,Wednesday
WC2B,TKC25 London North West (A),Merchant Channel,Two-person,5 Days,Wednesday
WC2E,TKC25 London North West (A),Merchant Channel,Two-person,5 Days,Wednesday
WC2H,TKC25 London North West (A),Merchant Channel,Two-person,5 Days,Wednesday
WC2N,TKC25 London North West (A),Merchant Channel,Two-person,5 Days,Wednesday
WC2R,TKC25 London North West (A),Merchant Channel,Two-person,5 Days,Wednesday
WD1,TKC25 London North West (A),Merchant Channel,Two-person,5 Days,Wednesday
WD17,TKC25 London North West (A),Merchant Channel,Two-person,5 Days,Wednesday
WD18,TKC25 London North West (A),Merchant Channel,Two-person,5 Days,Wednesday
WD19,TKC25 London North West (A),Merchant Channel,Two-person,5 Days,Wednesday
WD2,TKC25 London North West (A),Merchant Channel,Two-person,5 Days,Wednesday
WD23,TKC25 London North West (A),Merchant Channel,Two-person,5 Days,Wednesday
WD24,TKC25 London North West (A),Merchant Channel,Two-person,5 Days,Wednesday
WD25,TKC25 London North West (A),Merchant Channel,Two-person,5 Days,Wednesday
WD3,TKC25 London North West (A),Merchant Channel,Two-person,5 Days,Wednesday
WD4,TKC25 London North West (A),Merchant Channel,Two-person,5 Days,Wednesday
WD5,TKC25 London North West (A),Merchant Channel,Two-person,5 Days,Wednesday
WD6,TKC25 London North West (A),Merchant Channel,Two-person,5 Days,Wednesday
WD7,TKC25 London North West (A),Merchant Channel,Two-person,5 Days,Wednesday
WD99,TKC25 London North West (A),Merchant Channel,Two-person,5 Days,Wednesday
AL1,TKC25 London North West (A),Retail Channel,Two-person,21 Days,Wednesday
AL10,TKC25 London North West (A),Retail Channel,Two-person,21 Days,Wednesday
AL2,TKC25 London North West (A),Retail Channel,Two-person,21 Days,Wednesday
AL3,TKC25 London North West (A),Retail Channel,Two-person,21 Days,Wednesday
AL4,TKC25 London North West (A),Retail Channel,Two-person,21 Days,Wednesday
AL5,TKC25 London North West (A),Retail Channel,Two-person,21 Days,Wednesday
AL6,TKC25 London North West (A),Retail Channel,Two-person,21 Days,Wednesday
AL7,TKC25 London North West (A),Retail Channel,Two-person,21 Days,Wednesday
AL8,TKC25 London North West (A),Retail Channel,Two-person,21 Days,Wednesday
AL9,TKC25 London North West (A),Retail Channel,Two-person,21 Days,Wednesday
E1W,TKC25 London North West (B),Retail Channel,Two-person,21 Days,Thursday 
EN1,TKC25 London North West (A),Retail Channel,Two-person,21 Days,Wednesday
EN2,TKC25 London North West (A),Retail Channel,Two-person,21 Days,Wednesday
EN3,TKC25 London North West (A),Retail Channel,Two-person,21 Days,Wednesday
EN4,TKC25 London North West (A),Retail Channel,Two-person,21 Days,Wednesday
EN5,TKC25 London North West (A),Retail Channel,Two-person,21 Days,Wednesday
EN6,TKC25 London North West (A),Retail Channel,Two-person,21 Days,Wednesday
HA0,TKC25 London North West (A),Retail Channel,Two-person,21 Days,Wednesday
HA1,TKC25 London North West (A),Retail Channel,Two-person,21 Days,Wednesday
HA2,TKC25 London North West (A),Retail Channel,Two-person,21 Days,Wednesday
HA3,TKC25 London North West (A),Retail Channel,Two-person,21 Days,Wednesday
HA4,TKC25 London North West (A),Retail Channel,Two-person,21 Days,Wednesday
HA5,TKC25 London North West (A),Retail Channel,Two-person,21 Days,Wednesday
HA6,TKC25 London North West (A),Retail Channel,Two-person,21 Days,Wednesday
HA7,TKC25 London North West (A),Retail Channel,Two-person,21 Days,Wednesday
HA8,TKC25 London North West (A),Retail Channel,Two-person,21 Days,Wednesday
HA9,TKC25 London North West (A),Retail Channel,Two-person,21 Days,Wednesday
HP1,TKC25 London North West (A),Retail Channel,Two-person,21 Days,Wednesday
HP10,TKC25 London North West (A),Retail Channel,Two-person,21 Days,Wednesday
HP11,TKC25 London North West (A),Retail Channel,Two-person,21 Days,Wednesday
HP12,TKC25 London North West (A),Retail Channel,Two-person,21 Days,Wednesday
HP13,TKC25 London North West (A),Retail Channel,Two-person,21 Days,Wednesday
HP14,TKC25 London North West (A),Retail Channel,Two-person,21 Days,Wednesday
HP15,TKC25 London North West (A),Retail Channel,Two-person,21 Days,Wednesday
HP16,TKC25 London North West (A),Retail Channel,Two-person,21 Days,Wednesday
HP2,TKC25 London North West (A),Retail Channel,Two-person,21 Days,Wednesday
HP23,TKC25 London North West (A),Retail Channel,Two-person,21 Days,Wednesday
HP3,TKC25 London North West (A),Retail Channel,Two-person,21 Days,Wednesday
HP4,TKC25 London North West (A),Retail Channel,Two-person,21 Days,Wednesday
HP5,TKC25 London North West (A),Retail Channel,Two-person,21 Days,Wednesday
HP6,TKC25 London North West (A),Retail Channel,Two-person,21 Days,Wednesday
HP7,TKC25 London North West (A),Retail Channel,Two-person,21 Days,Wednesday
HP8,TKC25 London North West (A),Retail Channel,Two-person,21 Days,Wednesday
HP9,TKC25 London North West (A),Retail Channel,Two-person,21 Days,Wednesday
N1,TKC25 London North West (A),Retail Channel,Two-person,21 Days,Wednesday
N10,TKC25 London North West (A),Retail Channel,Two-person,21 Days,Wednesday
N11,TKC25 London North West (A),Retail Channel,Two-person,21 Days,Wednesday
N12,TKC25 London North West (A),Retail Channel,Two-person,21 Days,Wednesday
N13,TKC25 London North West (A),Retail Channel,Two-person,21 Days,Wednesday
N14,TKC25 London North West (A),Retail Channel,Two-person,21 Days,Wednesday
N15,TKC25 London North West (A),Retail Channel,Two-person,21 Days,Wednesday
N16,TKC25 London North West (A),Retail Channel,Two-person,21 Days,Wednesday
N17,TKC25 London North West (A),Retail Channel,Two-person,21 Days,Wednesday
N18,TKC25 London North West (A),Retail Channel,Two-person,21 Days,Wednesday
N19,TKC25 London North West (A),Retail Channel,Two-person,21 Days,Wednesday
N2,TKC25 London North West (A),Retail Channel,Two-person,21 Days,Wednesday
N20,TKC25 London North West (A),Retail Channel,Two-person,21 Days,Wednesday
N21,TKC25 London North West (A),Retail Channel,Two-person,21 Days,Wednesday
N22,TKC25 London North West (A),Retail Channel,Two-person,21 Days,Wednesday
N3,TKC25 London North West (A),Retail Channel,Two-person,21 Days,Wednesday
N4,TKC25 London North West (A),Retail Channel,Two-person,21 Days,Wednesday
N5,TKC25 London North West (A),Retail Channel,Two-person,21 Days,Wednesday
N6,TKC25 London North West (A),Retail Channel,Two-person,21 Days,Wednesday
N7,TKC25 London North West (A),Retail Channel,Two-person,21 Days,Wednesday
N8,TKC25 London North West (A),Retail Channel,Two-person,21 Days,Wednesday
N81,TKC25 London North West (A),Retail Channel,Two-person,21 Days,Wednesday
N9,TKC25 London North West (A),Retail Channel,Two-person,21 Days,Wednesday
NW1,TKC25 London North West (A),Retail Channel,Two-person,21 Days,Wednesday
NW10,TKC25 London North West (A),Retail Channel,Two-person,21 Days,Wednesday
NW11,TKC25 London North West (A),Retail Channel,Two-person,21 Days,Wednesday
NW2,TKC25 London North West (A),Retail Channel,Two-person,21 Days,Wednesday
NW26,TKC25 London North West (A),Retail Channel,Two-person,21 Days,Wednesday
NW3,TKC25 London North West (A),Retail Channel,Two-person,21 Days,Wednesday
NW4,TKC25 London North West (A),Retail Channel,Two-person,21 Days,Wednesday
NW5,TKC25 London North West (A),Retail Channel,Two-person,21 Days,Wednesday
NW6,TKC25 London North West (A),Retail Channel,Two-person,21 Days,Wednesday
NW7,TKC25 London North West (A),Retail Channel,Two-person,21 Days,Wednesday
NW8,TKC25 London North West (A),Retail Channel,Two-person,21 Days,Wednesday
NW9,TKC25 London North West (A),Retail Channel,Two-person,21 Days,Wednesday
SL0,TKC25 London North West (A),Retail Channel,Two-person,21 Days,Wednesday
SL1,TKC25 London North West (A),Retail Channel,Two-person,21 Days,Wednesday
SL2,TKC25 London North West (A),Retail Channel,Two-person,21 Days,Wednesday
SL3,TKC25 London North West (A),Retail Channel,Two-person,21 Days,Wednesday
SL6,TKC25 London North West (A),Retail Channel,Two-person,21 Days,Wednesday
SL60,TKC25 London North West (A),Retail Channel,Two-person,21 Days,Wednesday
SL7,TKC25 London North West (A),Retail Channel,Two-person,21 Days,Wednesday
SL8,TKC25 London North West (A),Retail Channel,Two-person,21 Days,Wednesday
SL9,TKC25 London North West (A),Retail Channel,Two-person,21 Days,Wednesday
SL95,TKC25 London North West (A),Retail Channel,Two-person,21 Days,Wednesday
UB1,TKC25 London North West (A),Retail Channel,Two-person,21 Days,Wednesday
UB10,TKC25 London North West (A),Retail Channel,Two-person,21 Days,Wednesday
UB11,TKC25 London North West (A),Retail Channel,Two-person,21 Days,Wednesday
UB18,TKC25 London North West (A),Retail Channel,Two-person,21 Days,Wednesday
UB2,TKC25 London North West (A),Retail Channel,Two-person,21 Days,Wednesday
UB3,TKC25 London North West (A),Retail Channel,Two-person,21 Days,Wednesday
UB4,TKC25 London North West (A),Retail Channel,Two-person,21 Days,Wednesday
UB5,TKC25 London North West (A),Retail Channel,Two-person,21 Days,Wednesday
UB6,TKC25 London North West (A),Retail Channel,Two-person,21 Days,Wednesday
UB7,TKC25 London North West (A),Retail Channel,Two-person,21 Days,Wednesday
UB8,TKC25 London North West (A),Retail Channel,Two-person,21 Days,Wednesday
UB9,TKC25 London North West (A),Retail Channel,Two-person,21 Days,Wednesday
W1A,TKC25 London North West (A),Retail Channel,Two-person,21 Days,Wednesday
W1B,TKC25 London North West (A),Retail Channel,Two-person,21 Days,Wednesday
W1C,TKC25 London North West (A),Retail Channel,Two-person,21 Days,Wednesday
W1D,TKC25 London North West (A),Retail Channel,Two-person,21 Days,Wednesday
W1F,TKC25 London North West (A),Retail Channel,Two-person,21 Days,Wednesday
W1G,TKC25 London North West (A),Retail Channel,Two-person,21 Days,Wednesday
W1H,TKC25 London North West (A),Retail Channel,Two-person,21 Days,Wednesday
W1J,TKC25 London North West (A),Retail Channel,Two-person,21 Days,Wednesday
W1K,TKC25 London North West (A),Retail Channel,Two-person,21 Days,Wednesday
W1S,TKC25 London North West (A),Retail Channel,Two-person,21 Days,Wednesday
W1T,TKC25 London North West (A),Retail Channel,Two-person,21 Days,Wednesday
W1U,TKC25 London North West (A),Retail Channel,Two-person,21 Days,Wednesday
W1W,TKC25 London North West (A),Retail Channel,Two-person,21 Days,Wednesday
W10,TKC25 London North West (A),Retail Channel,Two-person,21 Days,Wednesday
W11,TKC25 London North West (A),Retail Channel,Two-person,21 Days,Wednesday
W12,TKC25 London North West (A),Retail Channel,Two-person,21 Days,Wednesday
W13,TKC25 London North West (A),Retail Channel,Two-person,21 Days,Wednesday
W14,TKC25 London North West (A),Retail Channel,Two-person,21 Days,Wednesday
W2,TKC25 London North West (A),Retail Channel,Two-person,21 Days,Wednesday
W3,TKC25 London North West (A),Retail Channel,Two-person,21 Days,Wednesday
W4,TKC25 London North West (A),Retail Channel,Two-person,21 Days,Wednesday
W5,TKC25 London North West (A),Retail Channel,Two-person,21 Days,Wednesday
W6,TKC25 London North West (A),Retail Channel,Two-person,21 Days,Wednesday
W7,TKC25 London North West (A),Retail Channel,Two-person,21 Days,Wednesday
W8,TKC25 London North West (A),Retail Channel,Two-person,21 Days,Wednesday
W9,TKC25 London North West (A),Retail Channel,Two-person,21 Days,Wednesday
WC1A,TKC25 London North West (A),Retail Channel,Two-person,21 Days,Wednesday
WC1B,TKC25 London North West (A),Retail Channel,Two-person,21 Days,Wednesday
WC1E,TKC25 London North West (A),Retail Channel,Two-person,21 Days,Wednesday
WC1H,TKC25 London North West (A),Retail Channel,Two-person,21 Days,Wednesday
WC1N,TKC25 London North West (A),Retail Channel,Two-person,21 Days,Wednesday
WC1R,TKC25 London North West (A),Retail Channel,Two-person,21 Days,Wednesday
WC1V,TKC25 London North West (A),Retail Channel,Two-person,21 Days,Wednesday
WC1X,TKC25 London North West (A),Retail Channel,Two-person,21 Days,Wednesday
WC2A,TKC25 London North West (A),Retail Channel,Two-person,21 Days,Wednesday
WC2B,TKC25 London North West (A),Retail Channel,Two-person,21 Days,Wednesday
WC2E,TKC25 London North West (A),Retail Channel,Two-person,21 Days,Wednesday
WC2H,TKC25 London North West (A),Retail Channel,Two-person,21 Days,Wednesday
WC2N,TKC25 London North West (A),Retail Channel,Two-person,21 Days,Wednesday
WC2R,TKC25 London North West (A),Retail Channel,Two-person,21 Days,Wednesday
WD1,TKC25 London North West (A),Retail Channel,Two-person,21 Days,Wednesday
WD17,TKC25 London North West (A),Retail Channel,Two-person,21 Days,Wednesday
WD18,TKC25 London North West (A),Retail Channel,Two-person,21 Days,Wednesday
WD19,TKC25 London North West (A),Retail Channel,Two-person,21 Days,Wednesday
WD2,TKC25 London North West (A),Retail Channel,Two-person,21 Days,Wednesday
WD23,TKC25 London North West (A),Retail Channel,Two-person,21 Days,Wednesday
WD24,TKC25 London North West (A),Retail Channel,Two-person,21 Days,Wednesday
WD25,TKC25 London North West (A),Retail Channel,Two-person,21 Days,Wednesday
WD3,TKC25 London North West (A),Retail Channel,Two-person,21 Days,Wednesday
WD4,TKC25 London North West (A),Retail Channel,Two-person,21 Days,Wednesday
WD5,TKC25 London North West (A),Retail Channel,Two-person,21 Days,Wednesday
WD6,TKC25 London North West (A),Retail Channel,Two-person,21 Days,Wednesday
WD7,TKC25 London North West (A),Retail Channel,Two-person,21 Days,Wednesday
WD99,TKC25 London North West (A),Retail Channel,Two-person,21 Days,Wednesday
BR1,TKC25 London South (A),Component Channel,One-person,2 Days,Wednesday
BR2,TKC25 London South (A),Component Channel,One-person,2 Days,Wednesday
BR3,TKC25 London South (A),Component Channel,One-person,2 Days,Wednesday
BR4,TKC25 London South (A),Component Channel,One-person,2 Days,Wednesday
BR7,TKC25 London South (A),Component Channel,One-person,2 Days,Wednesday
CR0,TKC25 London South (A),Component Channel,One-person,2 Days,Wednesday
CR2,TKC25 London South (A),Component Channel,One-person,2 Days,Wednesday
CR3,TKC25 London South (A),Component Channel,One-person,2 Days,Wednesday
CR4,TKC25 London South (A),Component Channel,One-person,2 Days,Wednesday
CR44,TKC25 London South (A),Component Channel,One-person,2 Days,Wednesday
CR5,TKC25 London South (A),Component Channel,One-person,2 Days,Wednesday
CR6,TKC25 London South (A),Component Channel,One-person,2 Days,Wednesday
CR7,TKC25 London South (A),Component Channel,One-person,2 Days,Wednesday
CR8,TKC25 London South (A),Component Channel,One-person,2 Days,Wednesday
CR9,TKC25 London South (A),Component Channel,One-person,2 Days,Wednesday
CR90,TKC25 London South (A),Component Channel,One-person,2 Days,Wednesday
DA14,TKC25 London South (B),Component Channel,One-person,2 Days,Thursday
DA15,TKC25 London South (B),Component Channel,One-person,2 Days,Thursday
DA16,TKC25 London South (B),Component Channel,One-person,2 Days,Thursday
DA17,TKC25 London South (B),Component Channel,One-person,2 Days,Thursday
DA18,TKC25 London South (B),Component Channel,One-person,2 Days,Thursday
DA5,TKC25 London South (B),Component Channel,One-person,2 Days,Thursday
DA6,TKC25 London South (B),Component Channel,One-person,2 Days,Thursday
DA7,TKC25 London South (B),Component Channel,One-person,2 Days,Thursday
DA8,TKC25 London South (B),Component Channel,One-person,2 Days,Thursday
GU1,TKC25 London South (A),Component Channel,One-person,2 Days,Wednesday
GU15,TKC25 London South (A),Component Channel,One-person,2 Days,Wednesday
GU16,TKC25 London South (A),Component Channel,One-person,2 Days,Wednesday
GU17,TKC25 London South (A),Component Channel,One-person,2 Days,Wednesday
GU18,TKC25 London South (A),Component Channel,One-person,2 Days,Wednesday
GU19,TKC25 London South (A),Component Channel,One-person,2 Days,Wednesday
GU2,TKC25 London South (A),Component Channel,One-person,2 Days,Wednesday
GU20,TKC25 London South (A),Component Channel,One-person,2 Days,Wednesday
GU21,TKC25 London South (A),Component Channel,One-person,2 Days,Wednesday
GU22,TKC25 London South (A),Component Channel,One-person,2 Days,Wednesday
GU23,TKC25 London South (A),Component Channel,One-person,2 Days,Wednesday
GU24,TKC25 London South (A),Component Channel,One-person,2 Days,Wednesday
GU25,TKC25 London South (A),Component Channel,One-person,2 Days,Wednesday
GU3,TKC25 London South (A),Component Channel,One-person,2 Days,Wednesday
GU4,TKC25 London South (A),Component Channel,One-person,2 Days,Wednesday
GU46,TKC25 London South (A),Component Channel,One-person,2 Days,Wednesday
GU47,TKC25 London South (A),Component Channel,One-person,2 Days,Wednesday
KT1,TKC25 London South (A),Component Channel,One-person,2 Days,Wednesday
KT10,TKC25 London South (A),Component Channel,One-person,2 Days,Wednesday
KT11,TKC25 London South (A),Component Channel,One-person,2 Days,Wednesday
KT12,TKC25 London South (A),Component Channel,One-person,2 Days,Wednesday
KT13,TKC25 London South (A),Component Channel,One-person,2 Days,Wednesday
KT14,TKC25 London South (A),Component Channel,One-person,2 Days,Wednesday
KT15,TKC25 London South (A),Component Channel,One-person,2 Days,Wednesday
KT16,TKC25 London South (A),Component Channel,One-person,2 Days,Wednesday
KT17,TKC25 London South (A),Component Channel,One-person,2 Days,Wednesday
KT18,TKC25 London South (A),Component Channel,One-person,2 Days,Wednesday
KT19,TKC25 London South (A),Component Channel,One-person,2 Days,Wednesday
KT2,TKC25 London South (A),Component Channel,One-person,2 Days,Wednesday
KT20,TKC25 London South (A),Component Channel,One-person,2 Days,Wednesday
KT21,TKC25 London South (A),Component Channel,One-person,2 Days,Wednesday
KT22,TKC25 London South (A),Component Channel,One-person,2 Days,Wednesday
KT23,TKC25 London South (A),Component Channel,One-person,2 Days,Wednesday
KT24,TKC25 London South (A),Component Channel,One-person,2 Days,Wednesday
KT3,TKC25 London South (A),Component Channel,One-person,2 Days,Wednesday
KT4,TKC25 London South (A),Component Channel,One-person,2 Days,Wednesday
KT5,TKC25 London South (A),Component Channel,One-person,2 Days,Wednesday
KT6,TKC25 London South (A),Component Channel,One-person,2 Days,Wednesday
KT7,TKC25 London South (A),Component Channel,One-person,2 Days,Wednesday
KT8,TKC25 London South (A),Component Channel,One-person,2 Days,Wednesday
KT9,TKC25 London South (A),Component Channel,One-person,2 Days,Wednesday
RG1,TKC25 London South (A),Component Channel,One-person,2 Days,Wednesday
RG10,TKC25 London South (A),Component Channel,One-person,2 Days,Wednesday
RG12,TKC25 London South (A),Component Channel,One-person,2 Days,Wednesday
RG2,TKC25 London South (A),Component Channel,One-person,2 Days,Wednesday
RG30,TKC25 London South (A),Component Channel,One-person,2 Days,Wednesday
RG31,TKC25 London South (A),Component Channel,One-person,2 Days,Wednesday
RG4,TKC25 London South (A),Component Channel,One-person,2 Days,Wednesday
RG40,TKC25 London South (A),Component Channel,One-person,2 Days,Wednesday
RG41,TKC25 London South (A),Component Channel,One-person,2 Days,Wednesday
RG42,TKC25 London South (A),Component Channel,One-person,2 Days,Wednesday
RG45,TKC25 London South (A),Component Channel,One-person,2 Days,Wednesday
RG5,TKC25 London South (A),Component Channel,One-person,2 Days,Wednesday
RG6,TKC25 London South (A),Component Channel,One-person,2 Days,Wednesday
SE1,TKC25 London South (A),Component Channel,One-person,2 Days,Wednesday
SE10,TKC25 London South (A),Component Channel,One-person,2 Days,Wednesday
SE11,TKC25 London South (A),Component Channel,One-person,2 Days,Wednesday
SE12,TKC25 London South (A),Component Channel,One-person,2 Days,Wednesday
SE13,TKC25 London South (A),Component Channel,One-person,2 Days,Wednesday
SE14,TKC25 London South (A),Component Channel,One-person,2 Days,Wednesday
SE15,TKC25 London South (A),Component Channel,One-person,2 Days,Wednesday
SE16,TKC25 London South (A),Component Channel,One-person,2 Days,Wednesday
SE17,TKC25 London South (A),Component Channel,One-person,2 Days,Wednesday
SE18,TKC25 London South (A),Component Channel,One-person,2 Days,Wednesday
SE19,TKC25 London South (A),Component Channel,One-person,2 Days,Wednesday
SE2,TKC25 London South (A),Component Channel,One-person,2 Days,Wednesday
SE20,TKC25 London South (A),Component Channel,One-person,2 Days,Wednesday
SE21,TKC25 London South (A),Component Channel,One-person,2 Days,Wednesday
SE22,TKC25 London South (A),Component Channel,One-person,2 Days,Wednesday
SE23,TKC25 London South (A),Component Channel,One-person,2 Days,Wednesday
SE24,TKC25 London South (A),Component Channel,One-person,2 Days,Wednesday
SE25,TKC25 London South (A),Component Channel,One-person,2 Days,Wednesday
SE26,TKC25 London South (A),Component Channel,One-person,2 Days,Wednesday
SE27,TKC25 London South (A),Component Channel,One-person,2 Days,Wednesday
SE28,TKC25 London South (A),Component Channel,One-person,2 Days,Wednesday
SE3,TKC25 London South (A),Component Channel,One-person,2 Days,Wednesday
SE4,TKC25 London South (A),Component Channel,One-person,2 Days,Wednesday
SE5,TKC25 London South (A),Component Channel,One-person,2 Days,Wednesday
SE6,TKC25 London South (A),Component Channel,One-person,2 Days,Wednesday
SE7,TKC25 London South (A),Component Channel,One-person,2 Days,Wednesday
SE8,TKC25 London South (A),Component Channel,One-person,2 Days,Wednesday
SE9,TKC25 London South (A),Component Channel,One-person,2 Days,Wednesday
SE99,TKC25 London South (A),Component Channel,One-person,2 Days,Wednesday
SL4,TKC25 London South (A),Component Channel,One-person,2 Days,Wednesday
SL5,TKC25 London South (A),Component Channel,One-person,2 Days,Wednesday
SM1,TKC25 London South (A),Component Channel,One-person,2 Days,Wednesday
SM2,TKC25 London South (A),Component Channel,One-person,2 Days,Wednesday
SM3,TKC25 London South (A),Component Channel,One-person,2 Days,Wednesday
SM4,TKC25 London South (A),Component Channel,One-person,2 Days,Wednesday
SM5,TKC25 London South (A),Component Channel,One-person,2 Days,Wednesday
SM6,TKC25 London South (A),Component Channel,One-person,2 Days,Wednesday
SM7,TKC25 London South (A),Component Channel,One-person,2 Days,Wednesday
SW1A,TKC25 London South (A),Component Channel,One-person,2 Days,Wednesday
SW1E,TKC25 London South (A),Component Channel,One-person,2 Days,Wednesday
SW1H,TKC25 London South (A),Component Channel,One-person,2 Days,Wednesday
SW1P,TKC25 London South (A),Component Channel,One-person,2 Days,Wednesday
SW1V,TKC25 London South (A),Component Channel,One-person,2 Days,Wednesday
SW1W,TKC25 London South (A),Component Channel,One-person,2 Days,Wednesday
SW1X,TKC25 London South (A),Component Channel,One-person,2 Days,Wednesday
SW1Y,TKC25 London South (A),Component Channel,One-person,2 Days,Wednesday
SW11,TKC25 London South (A),Component Channel,One-person,2 Days,Wednesday
SW12,TKC25 London South (A),Component Channel,One-person,2 Days,Wednesday
SW13,TKC25 London South (A),Component Channel,One-person,2 Days,Wednesday
SW14,TKC25 London South (A),Component Channel,One-person,2 Days,Wednesday
SW15,TKC25 London South (A),Component Channel,One-person,2 Days,Wednesday
SW16,TKC25 London South (A),Component Channel,One-person,2 Days,Wednesday
SW17,TKC25 London South (A),Component Channel,One-person,2 Days,Wednesday
SW18,TKC25 London South (A),Component Channel,One-person,2 Days,Wednesday
SW19,TKC25 London South (A),Component Channel,One-person,2 Days,Wednesday
SW2,TKC25 London South (A),Component Channel,One-person,2 Days,Wednesday
SW20,TKC25 London South (A),Component Channel,One-person,2 Days,Wednesday
SW3,TKC25 London South (A),Component Channel,One-person,2 Days,Wednesday
SW4,TKC25 London South (A),Component Channel,One-person,2 Days,Wednesday
SW5,TKC25 London South (A),Component Channel,One-person,2 Days,Wednesday
SW6,TKC25 London South (A),Component Channel,One-person,2 Days,Wednesday
SW7,TKC25 London South (A),Component Channel,One-person,2 Days,Wednesday
SW8,TKC25 London South (A),Component Channel,One-person,2 Days,Wednesday
SW9,TKC25 London South (A),Component Channel,One-person,2 Days,Wednesday
SW10,TKC25 London South (A),Component Channel,One-person,2 Days,Wednesday
TW1,TKC25 London South (A),Component Channel,One-person,2 Days,Wednesday
TW10,TKC25 London South (A),Component Channel,One-person,2 Days,Wednesday
TW11,TKC25 London South (A),Component Channel,One-person,2 Days,Wednesday
TW12,TKC25 London South (A),Component Channel,One-person,2 Days,Wednesday
TW13,TKC25 London South (A),Component Channel,One-person,2 Days,Wednesday
TW14,TKC25 London South (A),Component Channel,One-person,2 Days,Wednesday
TW15,TKC25 London South (A),Component Channel,One-person,2 Days,Wednesday
TW16,TKC25 London South (A),Component Channel,One-person,2 Days,Wednesday
TW17,TKC25 London South (A),Component Channel,One-person,2 Days,Wednesday
TW18,TKC25 London South (A),Component Channel,One-person,2 Days,Wednesday
TW19,TKC25 London South (A),Component Channel,One-person,2 Days,Wednesday
TW2,TKC25 London South (A),Component Channel,One-person,2 Days,Wednesday
TW20,TKC25 London South (A),Component Channel,One-person,2 Days,Wednesday
TW3,TKC25 London South (A),Component Channel,One-person,2 Days,Wednesday
TW4,TKC25 London South (A),Component Channel,One-person,2 Days,Wednesday
TW6,TKC25 London South (A),Component Channel,One-person,2 Days,Wednesday
TW7,TKC25 London South (A),Component Channel,One-person,2 Days,Wednesday
TW9,TKC25 London South (A),Component Channel,One-person,2 Days,Wednesday
TW5,TKC25 London South (A),Component Channel,One-person,2 Days,Wednesday
TW8,TKC25 London South (A),Component Channel,One-person,2 Days,Wednesday
BR1,TKC25 London South (A),Jigsaw Channel,Two-person,5 Days,Wednesday
BR2,TKC25 London South (A),Jigsaw Channel,Two-person,5 Days,Wednesday
BR3,TKC25 London South (A),Jigsaw Channel,Two-person,5 Days,Wednesday
BR4,TKC25 London South (A),Jigsaw Channel,Two-person,5 Days,Wednesday
BR7,TKC25 London South (A),Jigsaw Channel,Two-person,5 Days,Wednesday
CR0,TKC25 London South (A),Jigsaw Channel,Two-person,5 Days,Wednesday
CR2,TKC25 London South (A),Jigsaw Channel,Two-person,5 Days,Wednesday
CR3,TKC25 London South (A),Jigsaw Channel,Two-person,5 Days,Wednesday
CR4,TKC25 London South (A),Jigsaw Channel,Two-person,5 Days,Wednesday
CR44,TKC25 London South (A),Jigsaw Channel,Two-person,5 Days,Wednesday
CR5,TKC25 London South (A),Jigsaw Channel,Two-person,5 Days,Wednesday
CR6,TKC25 London South (A),Jigsaw Channel,Two-person,5 Days,Wednesday
CR7,TKC25 London South (A),Jigsaw Channel,Two-person,5 Days,Wednesday
CR8,TKC25 London South (A),Jigsaw Channel,Two-person,5 Days,Wednesday
CR9,TKC25 London South (A),Jigsaw Channel,Two-person,5 Days,Wednesday
CR90,TKC25 London South (A),Jigsaw Channel,Two-person,5 Days,Wednesday
DA14,TKC25 London South (B),Jigsaw Channel,Two-person,5 Days,Thursday
DA15,TKC25 London South (B),Jigsaw Channel,Two-person,5 Days,Thursday
DA16,TKC25 London South (B),Jigsaw Channel,Two-person,5 Days,Thursday
DA17,TKC25 London South (B),Jigsaw Channel,Two-person,5 Days,Thursday
DA18,TKC25 London South (B),Jigsaw Channel,Two-person,5 Days,Thursday
DA5,TKC25 London South (B),Jigsaw Channel,Two-person,5 Days,Thursday
DA6,TKC25 London South (B),Jigsaw Channel,Two-person,5 Days,Thursday
DA7,TKC25 London South (B),Jigsaw Channel,Two-person,5 Days,Thursday
DA8,TKC25 London South (B),Jigsaw Channel,Two-person,5 Days,Thursday
GU1,TKC25 London South (A),Jigsaw Channel,Two-person,5 Days,Wednesday
GU15,TKC25 London South (A),Jigsaw Channel,Two-person,5 Days,Wednesday
GU16,TKC25 London South (A),Jigsaw Channel,Two-person,5 Days,Wednesday
GU17,TKC25 London South (A),Jigsaw Channel,Two-person,5 Days,Wednesday
GU18,TKC25 London South (A),Jigsaw Channel,Two-person,5 Days,Wednesday
GU19,TKC25 London South (A),Jigsaw Channel,Two-person,5 Days,Wednesday
GU2,TKC25 London South (A),Jigsaw Channel,Two-person,5 Days,Wednesday
GU20,TKC25 London South (A),Jigsaw Channel,Two-person,5 Days,Wednesday
GU21,TKC25 London South (A),Jigsaw Channel,Two-person,5 Days,Wednesday
GU22,TKC25 London South (A),Jigsaw Channel,Two-person,5 Days,Wednesday
GU23,TKC25 London South (A),Jigsaw Channel,Two-person,5 Days,Wednesday
GU24,TKC25 London South (A),Jigsaw Channel,Two-person,5 Days,Wednesday
GU25,TKC25 London South (A),Jigsaw Channel,Two-person,5 Days,Wednesday
GU3,TKC25 London South (A),Jigsaw Channel,Two-person,5 Days,Wednesday
GU4,TKC25 London South (A),Jigsaw Channel,Two-person,5 Days,Wednesday
GU46,TKC25 London South (A),Jigsaw Channel,Two-person,5 Days,Wednesday
GU47,TKC25 London South (A),Jigsaw Channel,Two-person,5 Days,Wednesday
KT1,TKC25 London South (A),Jigsaw Channel,Two-person,5 Days,Wednesday
KT10,TKC25 London South (A),Jigsaw Channel,Two-person,5 Days,Wednesday
KT11,TKC25 London South (A),Jigsaw Channel,Two-person,5 Days,Wednesday
KT12,TKC25 London South (A),Jigsaw Channel,Two-person,5 Days,Wednesday
KT13,TKC25 London South (A),Jigsaw Channel,Two-person,5 Days,Wednesday
KT14,TKC25 London South (A),Jigsaw Channel,Two-person,5 Days,Wednesday
KT15,TKC25 London South (A),Jigsaw Channel,Two-person,5 Days,Wednesday
KT16,TKC25 London South (A),Jigsaw Channel,Two-person,5 Days,Wednesday
KT17,TKC25 London South (A),Jigsaw Channel,Two-person,5 Days,Wednesday
KT18,TKC25 London South (A),Jigsaw Channel,Two-person,5 Days,Wednesday
KT19,TKC25 London South (A),Jigsaw Channel,Two-person,5 Days,Wednesday
KT2,TKC25 London South (A),Jigsaw Channel,Two-person,5 Days,Wednesday
KT20,TKC25 London South (A),Jigsaw Channel,Two-person,5 Days,Wednesday
KT21,TKC25 London South (A),Jigsaw Channel,Two-person,5 Days,Wednesday
KT22,TKC25 London South (A),Jigsaw Channel,Two-person,5 Days,Wednesday
KT23,TKC25 London South (A),Jigsaw Channel,Two-person,5 Days,Wednesday
KT24,TKC25 London South (A),Jigsaw Channel,Two-person,5 Days,Wednesday
KT3,TKC25 London South (A),Jigsaw Channel,Two-person,5 Days,Wednesday
KT4,TKC25 London South (A),Jigsaw Channel,Two-person,5 Days,Wednesday
KT5,TKC25 London South (A),Jigsaw Channel,Two-person,5 Days,Wednesday
KT6,TKC25 London South (A),Jigsaw Channel,Two-person,5 Days,Wednesday
KT7,TKC25 London South (A),Jigsaw Channel,Two-person,5 Days,Wednesday
KT8,TKC25 London South (A),Jigsaw Channel,Two-person,5 Days,Wednesday
KT9,TKC25 London South (A),Jigsaw Channel,Two-person,5 Days,Wednesday
RG1,TKC25 London South (A),Jigsaw Channel,Two-person,5 Days,Wednesday
RG10,TKC25 London South (A),Jigsaw Channel,Two-person,5 Days,Wednesday
RG12,TKC25 London South (A),Jigsaw Channel,Two-person,5 Days,Wednesday
RG2,TKC25 London South (A),Jigsaw Channel,Two-person,5 Days,Wednesday
RG30,TKC25 London South (A),Jigsaw Channel,Two-person,5 Days,Wednesday
RG31,TKC25 London South (A),Jigsaw Channel,Two-person,5 Days,Wednesday
RG4,TKC25 London South (A),Jigsaw Channel,Two-person,5 Days,Wednesday
RG40,TKC25 London South (A),Jigsaw Channel,Two-person,5 Days,Wednesday
RG41,TKC25 London South (A),Jigsaw Channel,Two-person,5 Days,Wednesday
RG42,TKC25 London South (A),Jigsaw Channel,Two-person,5 Days,Wednesday
RG45,TKC25 London South (A),Jigsaw Channel,Two-person,5 Days,Wednesday
RG5,TKC25 London South (A),Jigsaw Channel,Two-person,5 Days,Wednesday
RG6,TKC25 London South (A),Jigsaw Channel,Two-person,5 Days,Wednesday
SE1,TKC25 London South (A),Jigsaw Channel,Two-person,5 Days,Wednesday
SE10,TKC25 London South (A),Jigsaw Channel,Two-person,5 Days,Wednesday
SE11,TKC25 London South (A),Jigsaw Channel,Two-person,5 Days,Wednesday
SE12,TKC25 London South (A),Jigsaw Channel,Two-person,5 Days,Wednesday
SE13,TKC25 London South (A),Jigsaw Channel,Two-person,5 Days,Wednesday
SE14,TKC25 London South (A),Jigsaw Channel,Two-person,5 Days,Wednesday
SE15,TKC25 London South (A),Jigsaw Channel,Two-person,5 Days,Wednesday
SE16,TKC25 London South (A),Jigsaw Channel,Two-person,5 Days,Wednesday
SE17,TKC25 London South (A),Jigsaw Channel,Two-person,5 Days,Wednesday
SE18,TKC25 London South (A),Jigsaw Channel,Two-person,5 Days,Wednesday
SE19,TKC25 London South (A),Jigsaw Channel,Two-person,5 Days,Wednesday
SE2,TKC25 London South (A),Jigsaw Channel,Two-person,5 Days,Wednesday
SE20,TKC25 London South (A),Jigsaw Channel,Two-person,5 Days,Wednesday
SE21,TKC25 London South (A),Jigsaw Channel,Two-person,5 Days,Wednesday
SE22,TKC25 London South (A),Jigsaw Channel,Two-person,5 Days,Wednesday
SE23,TKC25 London South (A),Jigsaw Channel,Two-person,5 Days,Wednesday
SE24,TKC25 London South (A),Jigsaw Channel,Two-person,5 Days,Wednesday
SE25,TKC25 London South (A),Jigsaw Channel,Two-person,5 Days,Wednesday
SE26,TKC25 London South (A),Jigsaw Channel,Two-person,5 Days,Wednesday
SE27,TKC25 London South (A),Jigsaw Channel,Two-person,5 Days,Wednesday
SE28,TKC25 London South (A),Jigsaw Channel,Two-person,5 Days,Wednesday
SE3,TKC25 London South (A),Jigsaw Channel,Two-person,5 Days,Wednesday
SE4,TKC25 London South (A),Jigsaw Channel,Two-person,5 Days,Wednesday
SE5,TKC25 London South (A),Jigsaw Channel,Two-person,5 Days,Wednesday
SE6,TKC25 London South (A),Jigsaw Channel,Two-person,5 Days,Wednesday
SE7,TKC25 London South (A),Jigsaw Channel,Two-person,5 Days,Wednesday
SE8,TKC25 London South (A),Jigsaw Channel,Two-person,5 Days,Wednesday
SE9,TKC25 London South (A),Jigsaw Channel,Two-person,5 Days,Wednesday
SE99,TKC25 London South (A),Jigsaw Channel,Two-person,5 Days,Wednesday
SL4,TKC25 London South (A),Jigsaw Channel,Two-person,5 Days,Wednesday
SL5,TKC25 London South (A),Jigsaw Channel,Two-person,5 Days,Wednesday
SM1,TKC25 London South (A),Jigsaw Channel,Two-person,5 Days,Wednesday
SM2,TKC25 London South (A),Jigsaw Channel,Two-person,5 Days,Wednesday
SM3,TKC25 London South (A),Jigsaw Channel,Two-person,5 Days,Wednesday
SM4,TKC25 London South (A),Jigsaw Channel,Two-person,5 Days,Wednesday
SM5,TKC25 London South (A),Jigsaw Channel,Two-person,5 Days,Wednesday
SM6,TKC25 London South (A),Jigsaw Channel,Two-person,5 Days,Wednesday
SM7,TKC25 London South (A),Jigsaw Channel,Two-person,5 Days,Wednesday
SW1A,TKC25 London South (A),Jigsaw Channel,Two-person,5 Days,Wednesday
SW1E,TKC25 London South (A),Jigsaw Channel,Two-person,5 Days,Wednesday
SW1H,TKC25 London South (A),Jigsaw Channel,Two-person,5 Days,Wednesday
SW1P,TKC25 London South (A),Jigsaw Channel,Two-person,5 Days,Wednesday
SW1V,TKC25 London South (A),Jigsaw Channel,Two-person,5 Days,Wednesday
SW1W,TKC25 London South (A),Jigsaw Channel,Two-person,5 Days,Wednesday
SW1X,TKC25 London South (A),Jigsaw Channel,Two-person,5 Days,Wednesday
SW1Y,TKC25 London South (A),Jigsaw Channel,Two-person,5 Days,Wednesday
SW11,TKC25 London South (A),Jigsaw Channel,Two-person,5 Days,Wednesday
SW12,TKC25 London South (A),Jigsaw Channel,Two-person,5 Days,Wednesday
SW13,TKC25 London South (A),Jigsaw Channel,Two-person,5 Days,Wednesday
SW14,TKC25 London South (A),Jigsaw Channel,Two-person,5 Days,Wednesday
SW15,TKC25 London South (A),Jigsaw Channel,Two-person,5 Days,Wednesday
SW16,TKC25 London South (A),Jigsaw Channel,Two-person,5 Days,Wednesday
SW17,TKC25 London South (A),Jigsaw Channel,Two-person,5 Days,Wednesday
SW18,TKC25 London South (A),Jigsaw Channel,Two-person,5 Days,Wednesday
SW19,TKC25 London South (A),Jigsaw Channel,Two-person,5 Days,Wednesday
SW2,TKC25 London South (A),Jigsaw Channel,Two-person,5 Days,Wednesday
SW20,TKC25 London South (A),Jigsaw Channel,Two-person,5 Days,Wednesday
SW3,TKC25 London South (A),Jigsaw Channel,Two-person,5 Days,Wednesday
SW4,TKC25 London South (A),Jigsaw Channel,Two-person,5 Days,Wednesday
SW5,TKC25 London South (A),Jigsaw Channel,Two-person,5 Days,Wednesday
SW6,TKC25 London South (A),Jigsaw Channel,Two-person,5 Days,Wednesday
SW7,TKC25 London South (A),Jigsaw Channel,Two-person,5 Days,Wednesday
SW8,TKC25 London South (A),Jigsaw Channel,Two-person,5 Days,Wednesday
SW9,TKC25 London South (A),Jigsaw Channel,Two-person,5 Days,Wednesday
SW10,TKC25 London South (A),Jigsaw Channel,Two-person,5 Days,Wednesday
TW1,TKC25 London South (A),Jigsaw Channel,Two-person,5 Days,Wednesday
TW10,TKC25 London South (A),Jigsaw Channel,Two-person,5 Days,Wednesday
TW11,TKC25 London South (A),Jigsaw Channel,Two-person,5 Days,Wednesday
TW12,TKC25 London South (A),Jigsaw Channel,Two-person,5 Days,Wednesday
TW13,TKC25 London South (A),Jigsaw Channel,Two-person,5 Days,Wednesday
TW14,TKC25 London South (A),Jigsaw Channel,Two-person,5 Days,Wednesday
TW15,TKC25 London South (A),Jigsaw Channel,Two-person,5 Days,Wednesday
TW16,TKC25 London South (A),Jigsaw Channel,Two-person,5 Days,Wednesday
TW17,TKC25 London South (A),Jigsaw Channel,Two-person,5 Days,Wednesday
TW18,TKC25 London South (A),Jigsaw Channel,Two-person,5 Days,Wednesday
TW19,TKC25 London South (A),Jigsaw Channel,Two-person,5 Days,Wednesday
TW2,TKC25 London South (A),Jigsaw Channel,Two-person,5 Days,Wednesday
TW20,TKC25 London South (A),Jigsaw Channel,Two-person,5 Days,Wednesday
TW3,TKC25 London South (A),Jigsaw Channel,Two-person,5 Days,Wednesday
TW4,TKC25 London South (A),Jigsaw Channel,Two-person,5 Days,Wednesday
TW6,TKC25 London South (A),Jigsaw Channel,Two-person,5 Days,Wednesday
TW7,TKC25 London South (A),Jigsaw Channel,Two-person,5 Days,Wednesday
TW9,TKC25 London South (A),Jigsaw Channel,Two-person,5 Days,Wednesday
TW5,TKC25 London South (A),Jigsaw Channel,Two-person,5 Days,Wednesday
TW8,TKC25 London South (A),Jigsaw Channel,Two-person,5 Days,Wednesday
BR1,TKC25 London South (A),Merchant Channel,Two-person,5 Days,Wednesday
BR2,TKC25 London South (A),Merchant Channel,Two-person,5 Days,Wednesday
BR3,TKC25 London South (A),Merchant Channel,Two-person,5 Days,Wednesday
BR4,TKC25 London South (A),Merchant Channel,Two-person,5 Days,Wednesday
BR7,TKC25 London South (A),Merchant Channel,Two-person,5 Days,Wednesday
CR0,TKC25 London South (A),Merchant Channel,Two-person,5 Days,Wednesday
CR2,TKC25 London South (A),Merchant Channel,Two-person,5 Days,Wednesday
CR3,TKC25 London South (A),Merchant Channel,Two-person,5 Days,Wednesday
CR4,TKC25 London South (A),Merchant Channel,Two-person,5 Days,Wednesday
CR44,TKC25 London South (A),Merchant Channel,Two-person,5 Days,Wednesday
CR5,TKC25 London South (A),Merchant Channel,Two-person,5 Days,Wednesday
CR6,TKC25 London South (A),Merchant Channel,Two-person,5 Days,Wednesday
CR7,TKC25 London South (A),Merchant Channel,Two-person,5 Days,Wednesday
CR8,TKC25 London South (A),Merchant Channel,Two-person,5 Days,Wednesday
CR9,TKC25 London South (A),Merchant Channel,Two-person,5 Days,Wednesday
CR90,TKC25 London South (A),Merchant Channel,Two-person,5 Days,Wednesday
DA14,TKC25 London South (B),Merchant Channel,Two-person,5 Days,Thursday
DA15,TKC25 London South (B),Merchant Channel,Two-person,5 Days,Thursday
DA16,TKC25 London South (B),Merchant Channel,Two-person,5 Days,Thursday
DA17,TKC25 London South (B),Merchant Channel,Two-person,5 Days,Thursday
DA18,TKC25 London South (B),Merchant Channel,Two-person,5 Days,Thursday
DA5,TKC25 London South (B),Merchant Channel,Two-person,5 Days,Thursday
DA6,TKC25 London South (B),Merchant Channel,Two-person,5 Days,Thursday
DA7,TKC25 London South (B),Merchant Channel,Two-person,5 Days,Thursday
DA8,TKC25 London South (B),Merchant Channel,Two-person,5 Days,Thursday
GU1,TKC25 London South (A),Merchant Channel,Two-person,5 Days,Wednesday
GU15,TKC25 London South (A),Merchant Channel,Two-person,5 Days,Wednesday
GU16,TKC25 London South (A),Merchant Channel,Two-person,5 Days,Wednesday
GU17,TKC25 London South (A),Merchant Channel,Two-person,5 Days,Wednesday
GU18,TKC25 London South (A),Merchant Channel,Two-person,5 Days,Wednesday
GU19,TKC25 London South (A),Merchant Channel,Two-person,5 Days,Wednesday
GU2,TKC25 London South (A),Merchant Channel,Two-person,5 Days,Wednesday
GU20,TKC25 London South (A),Merchant Channel,Two-person,5 Days,Wednesday
GU21,TKC25 London South (A),Merchant Channel,Two-person,5 Days,Wednesday
GU22,TKC25 London South (A),Merchant Channel,Two-person,5 Days,Wednesday
GU23,TKC25 London South (A),Merchant Channel,Two-person,5 Days,Wednesday
GU24,TKC25 London South (A),Merchant Channel,Two-person,5 Days,Wednesday
GU25,TKC25 London South (A),Merchant Channel,Two-person,5 Days,Wednesday
GU3,TKC25 London South (A),Merchant Channel,Two-person,5 Days,Wednesday
GU4,TKC25 London South (A),Merchant Channel,Two-person,5 Days,Wednesday
GU46,TKC25 London South (A),Merchant Channel,Two-person,5 Days,Wednesday
GU47,TKC25 London South (A),Merchant Channel,Two-person,5 Days,Wednesday
KT1,TKC25 London South (A),Merchant Channel,Two-person,5 Days,Wednesday
KT10,TKC25 London South (A),Merchant Channel,Two-person,5 Days,Wednesday
KT11,TKC25 London South (A),Merchant Channel,Two-person,5 Days,Wednesday
KT12,TKC25 London South (A),Merchant Channel,Two-person,5 Days,Wednesday
KT13,TKC25 London South (A),Merchant Channel,Two-person,5 Days,Wednesday
KT14,TKC25 London South (A),Merchant Channel,Two-person,5 Days,Wednesday
KT15,TKC25 London South (A),Merchant Channel,Two-person,5 Days,Wednesday
KT16,TKC25 London South (A),Merchant Channel,Two-person,5 Days,Wednesday
KT17,TKC25 London South (A),Merchant Channel,Two-person,5 Days,Wednesday
KT18,TKC25 London South (A),Merchant Channel,Two-person,5 Days,Wednesday
KT19,TKC25 London South (A),Merchant Channel,Two-person,5 Days,Wednesday
KT2,TKC25 London South (A),Merchant Channel,Two-person,5 Days,Wednesday
KT20,TKC25 London South (A),Merchant Channel,Two-person,5 Days,Wednesday
KT21,TKC25 London South (A),Merchant Channel,Two-person,5 Days,Wednesday
KT22,TKC25 London South (A),Merchant Channel,Two-person,5 Days,Wednesday
KT23,TKC25 London South (A),Merchant Channel,Two-person,5 Days,Wednesday
KT24,TKC25 London South (A),Merchant Channel,Two-person,5 Days,Wednesday
KT3,TKC25 London South (A),Merchant Channel,Two-person,5 Days,Wednesday
KT4,TKC25 London South (A),Merchant Channel,Two-person,5 Days,Wednesday
KT5,TKC25 London South (A),Merchant Channel,Two-person,5 Days,Wednesday
KT6,TKC25 London South (A),Merchant Channel,Two-person,5 Days,Wednesday
KT7,TKC25 London South (A),Merchant Channel,Two-person,5 Days,Wednesday
KT8,TKC25 London South (A),Merchant Channel,Two-person,5 Days,Wednesday
KT9,TKC25 London South (A),Merchant Channel,Two-person,5 Days,Wednesday
RG1,TKC25 London South (A),Merchant Channel,Two-person,5 Days,Wednesday
RG10,TKC25 London South (A),Merchant Channel,Two-person,5 Days,Wednesday
RG12,TKC25 London South (A),Merchant Channel,Two-person,5 Days,Wednesday
RG2,TKC25 London South (A),Merchant Channel,Two-person,5 Days,Wednesday
RG30,TKC25 London South (A),Merchant Channel,Two-person,5 Days,Wednesday
RG31,TKC25 London South (A),Merchant Channel,Two-person,5 Days,Wednesday
RG4,TKC25 London South (A),Merchant Channel,Two-person,5 Days,Wednesday
RG40,TKC25 London South (A),Merchant Channel,Two-person,5 Days,Wednesday
RG41,TKC25 London South (A),Merchant Channel,Two-person,5 Days,Wednesday
RG42,TKC25 London South (A),Merchant Channel,Two-person,5 Days,Wednesday
RG45,TKC25 London South (A),Merchant Channel,Two-person,5 Days,Wednesday
RG5,TKC25 London South (A),Merchant Channel,Two-person,5 Days,Wednesday
RG6,TKC25 London South (A),Merchant Channel,Two-person,5 Days,Wednesday
SE1,TKC25 London South (A),Merchant Channel,Two-person,5 Days,Wednesday
SE10,TKC25 London South (A),Merchant Channel,Two-person,5 Days,Wednesday
SE11,TKC25 London South (A),Merchant Channel,Two-person,5 Days,Wednesday
SE12,TKC25 London South (A),Merchant Channel,Two-person,5 Days,Wednesday
SE13,TKC25 London South (A),Merchant Channel,Two-person,5 Days,Wednesday
SE14,TKC25 London South (A),Merchant Channel,Two-person,5 Days,Wednesday
SE15,TKC25 London South (A),Merchant Channel,Two-person,5 Days,Wednesday
SE16,TKC25 London South (A),Merchant Channel,Two-person,5 Days,Wednesday
SE17,TKC25 London South (A),Merchant Channel,Two-person,5 Days,Wednesday
SE18,TKC25 London South (A),Merchant Channel,Two-person,5 Days,Wednesday
SE19,TKC25 London South (A),Merchant Channel,Two-person,5 Days,Wednesday
SE2,TKC25 London South (A),Merchant Channel,Two-person,5 Days,Wednesday
SE20,TKC25 London South (A),Merchant Channel,Two-person,5 Days,Wednesday
SE21,TKC25 London South (A),Merchant Channel,Two-person,5 Days,Wednesday
SE22,TKC25 London South (A),Merchant Channel,Two-person,5 Days,Wednesday
SE23,TKC25 London South (A),Merchant Channel,Two-person,5 Days,Wednesday
SE24,TKC25 London South (A),Merchant Channel,Two-person,5 Days,Wednesday
SE25,TKC25 London South (A),Merchant Channel,Two-person,5 Days,Wednesday
SE26,TKC25 London South (A),Merchant Channel,Two-person,5 Days,Wednesday
SE27,TKC25 London South (A),Merchant Channel,Two-person,5 Days,Wednesday
SE28,TKC25 London South (A),Merchant Channel,Two-person,5 Days,Wednesday
SE3,TKC25 London South (A),Merchant Channel,Two-person,5 Days,Wednesday
SE4,TKC25 London South (A),Merchant Channel,Two-person,5 Days,Wednesday
SE5,TKC25 London South (A),Merchant Channel,Two-person,5 Days,Wednesday
SE6,TKC25 London South (A),Merchant Channel,Two-person,5 Days,Wednesday
SE7,TKC25 London South (A),Merchant Channel,Two-person,5 Days,Wednesday
SE8,TKC25 London South (A),Merchant Channel,Two-person,5 Days,Wednesday
SE9,TKC25 London South (A),Merchant Channel,Two-person,5 Days,Wednesday
SE99,TKC25 London South (A),Merchant Channel,Two-person,5 Days,Wednesday
SL4,TKC25 London South (A),Merchant Channel,Two-person,5 Days,Wednesday
SL5,TKC25 London South (A),Merchant Channel,Two-person,5 Days,Wednesday
SM1,TKC25 London South (A),Merchant Channel,Two-person,5 Days,Wednesday
SM2,TKC25 London South (A),Merchant Channel,Two-person,5 Days,Wednesday
SM3,TKC25 London South (A),Merchant Channel,Two-person,5 Days,Wednesday
SM4,TKC25 London South (A),Merchant Channel,Two-person,5 Days,Wednesday
SM5,TKC25 London South (A),Merchant Channel,Two-person,5 Days,Wednesday
SM6,TKC25 London South (A),Merchant Channel,Two-person,5 Days,Wednesday
SM7,TKC25 London South (A),Merchant Channel,Two-person,5 Days,Wednesday
SW1A,TKC25 London South (A),Merchant Channel,Two-person,5 Days,Wednesday
SW1E,TKC25 London South (A),Merchant Channel,Two-person,5 Days,Wednesday
SW1H,TKC25 London South (A),Merchant Channel,Two-person,5 Days,Wednesday
SW1P,TKC25 London South (A),Merchant Channel,Two-person,5 Days,Wednesday
SW1V,TKC25 London South (A),Merchant Channel,Two-person,5 Days,Wednesday
SW1W,TKC25 London South (A),Merchant Channel,Two-person,5 Days,Wednesday
SW1X,TKC25 London South (A),Merchant Channel,Two-person,5 Days,Wednesday
SW1Y,TKC25 London South (A),Merchant Channel,Two-person,5 Days,Wednesday
SW11,TKC25 London South (A),Merchant Channel,Two-person,5 Days,Wednesday
SW12,TKC25 London South (A),Merchant Channel,Two-person,5 Days,Wednesday
SW13,TKC25 London South (A),Merchant Channel,Two-person,5 Days,Wednesday
SW14,TKC25 London South (A),Merchant Channel,Two-person,5 Days,Wednesday
SW15,TKC25 London South (A),Merchant Channel,Two-person,5 Days,Wednesday
SW16,TKC25 London South (A),Merchant Channel,Two-person,5 Days,Wednesday
SW17,TKC25 London South (A),Merchant Channel,Two-person,5 Days,Wednesday
SW18,TKC25 London South (A),Merchant Channel,Two-person,5 Days,Wednesday
SW19,TKC25 London South (A),Merchant Channel,Two-person,5 Days,Wednesday
SW2,TKC25 London South (A),Merchant Channel,Two-person,5 Days,Wednesday
SW20,TKC25 London South (A),Merchant Channel,Two-person,5 Days,Wednesday
SW3,TKC25 London South (A),Merchant Channel,Two-person,5 Days,Wednesday
SW4,TKC25 London South (A),Merchant Channel,Two-person,5 Days,Wednesday
SW5,TKC25 London South (A),Merchant Channel,Two-person,5 Days,Wednesday
SW6,TKC25 London South (A),Merchant Channel,Two-person,5 Days,Wednesday
SW7,TKC25 London South (A),Merchant Channel,Two-person,5 Days,Wednesday
SW8,TKC25 London South (A),Merchant Channel,Two-person,5 Days,Wednesday
SW9,TKC25 London South (A),Merchant Channel,Two-person,5 Days,Wednesday
SW10,TKC25 London South (A),Merchant Channel,Two-person,5 Days,Wednesday
TW1,TKC25 London South (A),Merchant Channel,Two-person,5 Days,Wednesday
TW10,TKC25 London South (A),Merchant Channel,Two-person,5 Days,Wednesday
TW11,TKC25 London South (A),Merchant Channel,Two-person,5 Days,Wednesday
TW12,TKC25 London South (A),Merchant Channel,Two-person,5 Days,Wednesday
TW13,TKC25 London South (A),Merchant Channel,Two-person,5 Days,Wednesday
TW14,TKC25 London South (A),Merchant Channel,Two-person,5 Days,Wednesday
TW15,TKC25 London South (A),Merchant Channel,Two-person,5 Days,Wednesday
TW16,TKC25 London South (A),Merchant Channel,Two-person,5 Days,Wednesday
TW17,TKC25 London South (A),Merchant Channel,Two-person,5 Days,Wednesday
TW18,TKC25 London South (A),Merchant Channel,Two-person,5 Days,Wednesday
TW19,TKC25 London South (A),Merchant Channel,Two-person,5 Days,Wednesday
TW2,TKC25 London South (A),Merchant Channel,Two-person,5 Days,Wednesday
TW20,TKC25 London South (A),Merchant Channel,Two-person,5 Days,Wednesday
TW3,TKC25 London South (A),Merchant Channel,Two-person,5 Days,Wednesday
TW4,TKC25 London South (A),Merchant Channel,Two-person,5 Days,Wednesday
TW6,TKC25 London South (A),Merchant Channel,Two-person,5 Days,Wednesday
TW7,TKC25 London South (A),Merchant Channel,Two-person,5 Days,Wednesday
TW9,TKC25 London South (A),Merchant Channel,Two-person,5 Days,Wednesday
TW5,TKC25 London South (A),Merchant Channel,Two-person,5 Days,Wednesday
TW8,TKC25 London South (A),Merchant Channel,Two-person,5 Days,Wednesday
BR1,TKC25 London South (A),Retail Channel,Two-person,21 Days,Wednesday
BR2,TKC25 London South (A),Retail Channel,Two-person,21 Days,Wednesday
BR3,TKC25 London South (A),Retail Channel,Two-person,21 Days,Wednesday
BR4,TKC25 London South (A),Retail Channel,Two-person,21 Days,Wednesday
BR7,TKC25 London South (A),Retail Channel,Two-person,21 Days,Wednesday
CR0,TKC25 London South (A),Retail Channel,Two-person,21 Days,Wednesday
CR2,TKC25 London South (A),Retail Channel,Two-person,21 Days,Wednesday
CR3,TKC25 London South (A),Retail Channel,Two-person,21 Days,Wednesday
CR4,TKC25 London South (A),Retail Channel,Two-person,21 Days,Wednesday
CR44,TKC25 London South (A),Retail Channel,Two-person,21 Days,Wednesday
CR5,TKC25 London South (A),Retail Channel,Two-person,21 Days,Wednesday
CR6,TKC25 London South (A),Retail Channel,Two-person,21 Days,Wednesday
CR7,TKC25 London South (A),Retail Channel,Two-person,21 Days,Wednesday
CR8,TKC25 London South (A),Retail Channel,Two-person,21 Days,Wednesday
CR9,TKC25 London South (A),Retail Channel,Two-person,21 Days,Wednesday
CR90,TKC25 London South (A),Retail Channel,Two-person,21 Days,Wednesday
DA14,TKC25 London South (B),Retail Channel,Two-person,21 Days,Thursday
DA15,TKC25 London South (B),Retail Channel,Two-person,21 Days,Thursday
DA16,TKC25 London South (B),Retail Channel,Two-person,21 Days,Thursday
DA17,TKC25 London South (B),Retail Channel,Two-person,21 Days,Thursday
DA18,TKC25 London South (B),Retail Channel,Two-person,21 Days,Thursday
DA5,TKC25 London South (B),Retail Channel,Two-person,21 Days,Thursday
DA6,TKC25 London South (B),Retail Channel,Two-person,21 Days,Thursday
DA7,TKC25 London South (B),Retail Channel,Two-person,21 Days,Thursday
DA8,TKC25 London South (B),Retail Channel,Two-person,21 Days,Thursday
GU1,TKC25 London South (A),Retail Channel,Two-person,21 Days,Wednesday
GU15,TKC25 London South (A),Retail Channel,Two-person,21 Days,Wednesday
GU16,TKC25 London South (A),Retail Channel,Two-person,21 Days,Wednesday
GU17,TKC25 London South (A),Retail Channel,Two-person,21 Days,Wednesday
GU18,TKC25 London South (A),Retail Channel,Two-person,21 Days,Wednesday
GU19,TKC25 London South (A),Retail Channel,Two-person,21 Days,Wednesday
GU2,TKC25 London South (A),Retail Channel,Two-person,21 Days,Wednesday
GU20,TKC25 London South (A),Retail Channel,Two-person,21 Days,Wednesday
GU21,TKC25 London South (A),Retail Channel,Two-person,21 Days,Wednesday
GU22,TKC25 London South (A),Retail Channel,Two-person,21 Days,Wednesday
GU23,TKC25 London South (A),Retail Channel,Two-person,21 Days,Wednesday
GU24,TKC25 London South (A),Retail Channel,Two-person,21 Days,Wednesday
GU25,TKC25 London South (A),Retail Channel,Two-person,21 Days,Wednesday
GU3,TKC25 London South (A),Retail Channel,Two-person,21 Days,Wednesday
GU4,TKC25 London South (A),Retail Channel,Two-person,21 Days,Wednesday
GU46,TKC25 London South (A),Retail Channel,Two-person,21 Days,Wednesday
GU47,TKC25 London South (A),Retail Channel,Two-person,21 Days,Wednesday
KT1,TKC25 London South (A),Retail Channel,Two-person,21 Days,Wednesday
KT10,TKC25 London South (A),Retail Channel,Two-person,21 Days,Wednesday
KT11,TKC25 London South (A),Retail Channel,Two-person,21 Days,Wednesday
KT12,TKC25 London South (A),Retail Channel,Two-person,21 Days,Wednesday
KT13,TKC25 London South (A),Retail Channel,Two-person,21 Days,Wednesday
KT14,TKC25 London South (A),Retail Channel,Two-person,21 Days,Wednesday
KT15,TKC25 London South (A),Retail Channel,Two-person,21 Days,Wednesday
KT16,TKC25 London South (A),Retail Channel,Two-person,21 Days,Wednesday
KT17,TKC25 London South (A),Retail Channel,Two-person,21 Days,Wednesday
KT18,TKC25 London South (A),Retail Channel,Two-person,21 Days,Wednesday
KT19,TKC25 London South (A),Retail Channel,Two-person,21 Days,Wednesday
KT2,TKC25 London South (A),Retail Channel,Two-person,21 Days,Wednesday
KT20,TKC25 London South (A),Retail Channel,Two-person,21 Days,Wednesday
KT21,TKC25 London South (A),Retail Channel,Two-person,21 Days,Wednesday
KT22,TKC25 London South (A),Retail Channel,Two-person,21 Days,Wednesday
KT23,TKC25 London South (A),Retail Channel,Two-person,21 Days,Wednesday
KT24,TKC25 London South (A),Retail Channel,Two-person,21 Days,Wednesday
KT3,TKC25 London South (A),Retail Channel,Two-person,21 Days,Wednesday
KT4,TKC25 London South (A),Retail Channel,Two-person,21 Days,Wednesday
KT5,TKC25 London South (A),Retail Channel,Two-person,21 Days,Wednesday
KT6,TKC25 London South (A),Retail Channel,Two-person,21 Days,Wednesday
KT7,TKC25 London South (A),Retail Channel,Two-person,21 Days,Wednesday
KT8,TKC25 London South (A),Retail Channel,Two-person,21 Days,Wednesday
KT9,TKC25 London South (A),Retail Channel,Two-person,21 Days,Wednesday
RG1,TKC25 London South (A),Retail Channel,Two-person,21 Days,Wednesday
RG10,TKC25 London South (A),Retail Channel,Two-person,21 Days,Wednesday
RG12,TKC25 London South (A),Retail Channel,Two-person,21 Days,Wednesday
RG2,TKC25 London South (A),Retail Channel,Two-person,21 Days,Wednesday
RG30,TKC25 London South (A),Retail Channel,Two-person,21 Days,Wednesday
RG31,TKC25 London South (A),Retail Channel,Two-person,21 Days,Wednesday
RG4,TKC25 London South (A),Retail Channel,Two-person,21 Days,Wednesday
RG40,TKC25 London South (A),Retail Channel,Two-person,21 Days,Wednesday
RG41,TKC25 London South (A),Retail Channel,Two-person,21 Days,Wednesday
RG42,TKC25 London South (A),Retail Channel,Two-person,21 Days,Wednesday
RG45,TKC25 London South (A),Retail Channel,Two-person,21 Days,Wednesday
RG5,TKC25 London South (A),Retail Channel,Two-person,21 Days,Wednesday
RG6,TKC25 London South (A),Retail Channel,Two-person,21 Days,Wednesday
SE1,TKC25 London South (A),Retail Channel,Two-person,21 Days,Wednesday
SE10,TKC25 London South (A),Retail Channel,Two-person,21 Days,Wednesday
SE11,TKC25 London South (A),Retail Channel,Two-person,21 Days,Wednesday
SE12,TKC25 London South (A),Retail Channel,Two-person,21 Days,Wednesday
SE13,TKC25 London South (A),Retail Channel,Two-person,21 Days,Wednesday
SE14,TKC25 London South (A),Retail Channel,Two-person,21 Days,Wednesday
SE15,TKC25 London South (A),Retail Channel,Two-person,21 Days,Wednesday
SE16,TKC25 London South (A),Retail Channel,Two-person,21 Days,Wednesday
SE17,TKC25 London South (A),Retail Channel,Two-person,21 Days,Wednesday
SE18,TKC25 London South (A),Retail Channel,Two-person,21 Days,Wednesday
SE19,TKC25 London South (A),Retail Channel,Two-person,21 Days,Wednesday
SE2,TKC25 London South (A),Retail Channel,Two-person,21 Days,Wednesday
SE20,TKC25 London South (A),Retail Channel,Two-person,21 Days,Wednesday
SE21,TKC25 London South (A),Retail Channel,Two-person,21 Days,Wednesday
SE22,TKC25 London South (A),Retail Channel,Two-person,21 Days,Wednesday
SE23,TKC25 London South (A),Retail Channel,Two-person,21 Days,Wednesday
SE24,TKC25 London South (A),Retail Channel,Two-person,21 Days,Wednesday
SE25,TKC25 London South (A),Retail Channel,Two-person,21 Days,Wednesday
SE26,TKC25 London South (A),Retail Channel,Two-person,21 Days,Wednesday
SE27,TKC25 London South (A),Retail Channel,Two-person,21 Days,Wednesday
SE28,TKC25 London South (A),Retail Channel,Two-person,21 Days,Wednesday
SE3,TKC25 London South (A),Retail Channel,Two-person,21 Days,Wednesday
SE4,TKC25 London South (A),Retail Channel,Two-person,21 Days,Wednesday
SE5,TKC25 London South (A),Retail Channel,Two-person,21 Days,Wednesday
SE6,TKC25 London South (A),Retail Channel,Two-person,21 Days,Wednesday
SE7,TKC25 London South (A),Retail Channel,Two-person,21 Days,Wednesday
SE8,TKC25 London South (A),Retail Channel,Two-person,21 Days,Wednesday
SE9,TKC25 London South (A),Retail Channel,Two-person,21 Days,Wednesday
SE99,TKC25 London South (A),Retail Channel,Two-person,21 Days,Wednesday
SL4,TKC25 London South (A),Retail Channel,Two-person,21 Days,Wednesday
SL5,TKC25 London South (A),Retail Channel,Two-person,21 Days,Wednesday
SM1,TKC25 London South (A),Retail Channel,Two-person,21 Days,Wednesday
SM2,TKC25 London South (A),Retail Channel,Two-person,21 Days,Wednesday
SM3,TKC25 London South (A),Retail Channel,Two-person,21 Days,Wednesday
SM4,TKC25 London South (A),Retail Channel,Two-person,21 Days,Wednesday
SM5,TKC25 London South (A),Retail Channel,Two-person,21 Days,Wednesday
SM6,TKC25 London South (A),Retail Channel,Two-person,21 Days,Wednesday
SM7,TKC25 London South (A),Retail Channel,Two-person,21 Days,Wednesday
SW1A,TKC25 London South (A),Retail Channel,Two-person,21 Days,Wednesday
SW1E,TKC25 London South (A),Retail Channel,Two-person,21 Days,Wednesday
SW1H,TKC25 London South (A),Retail Channel,Two-person,21 Days,Wednesday
SW1P,TKC25 London South (A),Retail Channel,Two-person,21 Days,Wednesday
SW1V,TKC25 London South (A),Retail Channel,Two-person,21 Days,Wednesday
SW1W,TKC25 London South (A),Retail Channel,Two-person,21 Days,Wednesday
SW1X,TKC25 London South (A),Retail Channel,Two-person,21 Days,Wednesday
SW1Y,TKC25 London South (A),Retail Channel,Two-person,21 Days,Wednesday
SW11,TKC25 London South (A),Retail Channel,Two-person,21 Days,Wednesday
SW12,TKC25 London South (A),Retail Channel,Two-person,21 Days,Wednesday
SW13,TKC25 London South (A),Retail Channel,Two-person,21 Days,Wednesday
SW14,TKC25 London South (A),Retail Channel,Two-person,21 Days,Wednesday
SW15,TKC25 London South (A),Retail Channel,Two-person,21 Days,Wednesday
SW16,TKC25 London South (A),Retail Channel,Two-person,21 Days,Wednesday
SW17,TKC25 London South (A),Retail Channel,Two-person,21 Days,Wednesday
SW18,TKC25 London South (A),Retail Channel,Two-person,21 Days,Wednesday
SW19,TKC25 London South (A),Retail Channel,Two-person,21 Days,Wednesday
SW2,TKC25 London South (A),Retail Channel,Two-person,21 Days,Wednesday
SW20,TKC25 London South (A),Retail Channel,Two-person,21 Days,Wednesday
SW3,TKC25 London South (A),Retail Channel,Two-person,21 Days,Wednesday
SW4,TKC25 London South (A),Retail Channel,Two-person,21 Days,Wednesday
SW5,TKC25 London South (A),Retail Channel,Two-person,21 Days,Wednesday
SW6,TKC25 London South (A),Retail Channel,Two-person,21 Days,Wednesday
SW7,TKC25 London South (A),Retail Channel,Two-person,21 Days,Wednesday
SW8,TKC25 London South (A),Retail Channel,Two-person,21 Days,Wednesday
SW9,TKC25 London South (A),Retail Channel,Two-person,21 Days,Wednesday
SW10,TKC25 London South (A),Retail Channel,Two-person,21 Days,Wednesday
TW1,TKC25 London South (A),Retail Channel,Two-person,21 Days,Wednesday
TW10,TKC25 London South (A),Retail Channel,Two-person,21 Days,Wednesday
TW11,TKC25 London South (A),Retail Channel,Two-person,21 Days,Wednesday
TW12,TKC25 London South (A),Retail Channel,Two-person,21 Days,Wednesday
TW13,TKC25 London South (A),Retail Channel,Two-person,21 Days,Wednesday
TW14,TKC25 London South (A),Retail Channel,Two-person,21 Days,Wednesday
TW15,TKC25 London South (A),Retail Channel,Two-person,21 Days,Wednesday
TW16,TKC25 London South (A),Retail Channel,Two-person,21 Days,Wednesday
TW17,TKC25 London South (A),Retail Channel,Two-person,21 Days,Wednesday
TW18,TKC25 London South (A),Retail Channel,Two-person,21 Days,Wednesday
TW19,TKC25 London South (A),Retail Channel,Two-person,21 Days,Wednesday
TW2,TKC25 London South (A),Retail Channel,Two-person,21 Days,Wednesday
TW20,TKC25 London South (A),Retail Channel,Two-person,21 Days,Wednesday
TW3,TKC25 London South (A),Retail Channel,Two-person,21 Days,Wednesday
TW4,TKC25 London South (A),Retail Channel,Two-person,21 Days,Wednesday
TW6,TKC25 London South (A),Retail Channel,Two-person,21 Days,Wednesday
TW7,TKC25 London South (A),Retail Channel,Two-person,21 Days,Wednesday
TW9,TKC25 London South (A),Retail Channel,Two-person,21 Days,Wednesday
TW5,TKC25 London South (A),Retail Channel,Two-person,21 Days,Wednesday
TW8,TKC25 London South (A),Retail Channel,Two-person,21 Days,Wednesday
BH1,TKC25 Portsmouth,Component Channel,One-person,2 Days,Tuesday|Friday
BH10,TKC25 Portsmouth,Component Channel,One-person,2 Days,Tuesday|Friday
BH11,TKC25 Portsmouth,Component Channel,One-person,2 Days,Tuesday|Friday
BH12,TKC25 Portsmouth,Component Channel,One-person,2 Days,Tuesday|Friday
BH13,TKC25 Portsmouth,Component Channel,One-person,2 Days,Tuesday|Friday
BH14,TKC25 Portsmouth,Component Channel,One-person,2 Days,Tuesday|Friday
BH15,TKC25 Portsmouth,Component Channel,One-person,2 Days,Tuesday|Friday
BH16,TKC25 Portsmouth,Component Channel,One-person,2 Days,Tuesday|Friday
BH17,TKC25 Portsmouth,Component Channel,One-person,2 Days,Tuesday|Friday
BH18,TKC25 Portsmouth,Component Channel,One-person,2 Days,Tuesday|Friday
BH19,TKC25 Portsmouth,Component Channel,One-person,2 Days,Tuesday|Friday
BH2,TKC25 Portsmouth,Component Channel,One-person,2 Days,Tuesday|Friday
BH20,TKC25 Portsmouth,Component Channel,One-person,2 Days,Tuesday|Friday
BH21,TKC25 Portsmouth,Component Channel,One-person,2 Days,Tuesday|Friday
BH22,TKC25 Portsmouth,Component Channel,One-person,2 Days,Tuesday|Friday
BH23,TKC25 Portsmouth,Component Channel,One-person,2 Days,Tuesday|Friday
BH24,TKC25 Portsmouth,Component Channel,One-person,2 Days,Tuesday|Friday
BH25,TKC25 Portsmouth,Component Channel,One-person,2 Days,Tuesday|Friday
BH3,TKC25 Portsmouth,Component Channel,One-person,2 Days,Tuesday|Friday
BH31,TKC25 Portsmouth,Component Channel,One-person,2 Days,Tuesday|Friday
BH4,TKC25 Portsmouth,Component Channel,One-person,2 Days,Tuesday|Friday
BH5,TKC25 Portsmouth,Component Channel,One-person,2 Days,Tuesday|Friday
BH6,TKC25 Portsmouth,Component Channel,One-person,2 Days,Tuesday|Friday
BH7,TKC25 Portsmouth,Component Channel,One-person,2 Days,Tuesday|Friday
BH8,TKC25 Portsmouth,Component Channel,One-person,2 Days,Tuesday|Friday
BH9,TKC25 Portsmouth,Component Channel,One-person,2 Days,Tuesday|Friday
GU10,TKC25 Portsmouth,Component Channel,One-person,2 Days,Tuesday|Friday
GU11,TKC25 Portsmouth,Component Channel,One-person,2 Days,Tuesday|Friday
GU12,TKC25 Portsmouth,Component Channel,One-person,2 Days,Tuesday|Friday
GU14,TKC25 Portsmouth,Component Channel,One-person,2 Days,Tuesday|Friday
GU26,TKC25 Portsmouth,Component Channel,One-person,2 Days,Tuesday|Friday
GU27,TKC25 Portsmouth,Component Channel,One-person,2 Days,Tuesday|Friday
GU28,TKC25 Portsmouth,Component Channel,One-person,2 Days,Tuesday|Friday
GU29,TKC25 Portsmouth,Component Channel,One-person,2 Days,Tuesday|Friday
GU30,TKC25 Portsmouth,Component Channel,One-person,2 Days,Tuesday|Friday
GU31,TKC25 Portsmouth,Component Channel,One-person,2 Days,Tuesday|Friday
GU32,TKC25 Portsmouth,Component Channel,One-person,2 Days,Tuesday|Friday
GU33,TKC25 Portsmouth,Component Channel,One-person,2 Days,Tuesday|Friday
GU34,TKC25 Portsmouth,Component Channel,One-person,2 Days,Tuesday|Friday
GU35,TKC25 Portsmouth,Component Channel,One-person,2 Days,Tuesday|Friday
GU51,TKC25 Portsmouth,Component Channel,One-person,2 Days,Tuesday|Friday
GU52,TKC25 Portsmouth,Component Channel,One-person,2 Days,Tuesday|Friday
GU7,TKC25 Portsmouth,Component Channel,One-person,2 Days,Tuesday|Friday
GU8,TKC25 Portsmouth,Component Channel,One-person,2 Days,Tuesday|Friday
GU9,TKC25 Portsmouth,Component Channel,One-person,2 Days,Tuesday|Friday
HP17,TKC25 Portsmouth,Component Channel,One-person,2 Days,Tuesday|Friday
HP18,TKC25 Portsmouth,Component Channel,One-person,2 Days,Tuesday|Friday
HP19,TKC25 Portsmouth,Component Channel,One-person,2 Days,Tuesday|Friday
HP20,TKC25 Portsmouth,Component Channel,One-person,2 Days,Tuesday|Friday
HP21,TKC25 Portsmouth,Component Channel,One-person,2 Days,Tuesday|Friday
HP22,TKC25 Portsmouth,Component Channel,One-person,2 Days,Tuesday|Friday
HP27,TKC25 Portsmouth,Component Channel,One-person,2 Days,Tuesday|Friday
MK18,TKC25 Portsmouth,Component Channel,One-person,2 Days,Tuesday|Friday
NN13,TKC25 Portsmouth,Component Channel,One-person,2 Days,Tuesday|Friday
OX1,TKC25 Portsmouth,Component Channel,One-person,2 Days,Tuesday|Friday
OX10,TKC25 Portsmouth,Component Channel,One-person,2 Days,Tuesday|Friday
OX11,TKC25 Portsmouth,Component Channel,One-person,2 Days,Tuesday|Friday
OX12,TKC25 Portsmouth,Component Channel,One-person,2 Days,Tuesday|Friday
OX13,TKC25 Portsmouth,Component Channel,One-person,2 Days,Tuesday|Friday
OX14,TKC25 Portsmouth,Component Channel,One-person,2 Days,Tuesday|Friday
OX15,TKC25 Portsmouth,Component Channel,One-person,2 Days,Tuesday|Friday
OX16,TKC25 Portsmouth,Component Channel,One-person,2 Days,Tuesday|Friday
OX17,TKC25 Portsmouth,Component Channel,One-person,2 Days,Tuesday|Friday
OX18,TKC25 Portsmouth,Component Channel,One-person,2 Days,Tuesday|Friday
OX2,TKC25 Portsmouth,Component Channel,One-person,2 Days,Tuesday|Friday
OX20,TKC25 Portsmouth,Component Channel,One-person,2 Days,Tuesday|Friday
OX25,TKC25 Portsmouth,Component Channel,One-person,2 Days,Tuesday|Friday
OX26,TKC25 Portsmouth,Component Channel,One-person,2 Days,Tuesday|Friday
OX27,TKC25 Portsmouth,Component Channel,One-person,2 Days,Tuesday|Friday
OX28,TKC25 Portsmouth,Component Channel,One-person,2 Days,Tuesday|Friday
OX29,TKC25 Portsmouth,Component Channel,One-person,2 Days,Tuesday|Friday
OX3,TKC25 Portsmouth,Component Channel,One-person,2 Days,Tuesday|Friday
OX33,TKC25 Portsmouth,Component Channel,One-person,2 Days,Tuesday|Friday
OX39,TKC25 Portsmouth,Component Channel,One-person,2 Days,Tuesday|Friday
OX4,TKC25 Portsmouth,Component Channel,One-person,2 Days,Tuesday|Friday
OX44,TKC25 Portsmouth,Component Channel,One-person,2 Days,Tuesday|Friday
OX49,TKC25 Portsmouth,Component Channel,One-person,2 Days,Tuesday|Friday
OX5,TKC25 Portsmouth,Component Channel,One-person,2 Days,Tuesday|Friday
OX6,TKC25 Portsmouth,Component Channel,One-person,2 Days,Tuesday|Friday
OX7,TKC25 Portsmouth,Component Channel,One-person,2 Days,Tuesday|Friday
OX8,TKC25 Portsmouth,Component Channel,One-person,2 Days,Tuesday|Friday
OX9,TKC25 Portsmouth,Component Channel,One-person,2 Days,Tuesday|Friday
PO1,TKC25 Portsmouth,Component Channel,One-person,2 Days,Tuesday|Friday
PO10,TKC25 Portsmouth,Component Channel,One-person,2 Days,Tuesday|Friday
PO11,TKC25 Portsmouth,Component Channel,One-person,2 Days,Tuesday|Friday
PO12,TKC25 Portsmouth,Component Channel,One-person,2 Days,Tuesday|Friday
PO13,TKC25 Portsmouth,Component Channel,One-person,2 Days,Tuesday|Friday
PO14,TKC25 Portsmouth,Component Channel,One-person,2 Days,Tuesday|Friday
PO15,TKC25 Portsmouth,Component Channel,One-person,2 Days,Tuesday|Friday
PO16,TKC25 Portsmouth,Component Channel,One-person,2 Days,Tuesday|Friday
PO17,TKC25 Portsmouth,Component Channel,One-person,2 Days,Tuesday|Friday
PO18,TKC25 Portsmouth,Component Channel,One-person,2 Days,Tuesday|Friday
PO19,TKC25 Portsmouth,Component Channel,One-person,2 Days,Tuesday|Friday
PO2,TKC25 Portsmouth,Component Channel,One-person,2 Days,Tuesday|Friday
PO20,TKC25 Portsmouth,Component Channel,One-person,2 Days,Tuesday|Friday
PO21,TKC25 Portsmouth,Component Channel,One-person,2 Days,Tuesday|Friday
PO22,TKC25 Portsmouth,Component Channel,One-person,2 Days,Tuesday|Friday
PO3,TKC25 Portsmouth,Component Channel,One-person,2 Days,Tuesday|Friday
PO4,TKC25 Portsmouth,Component Channel,One-person,2 Days,Tuesday|Friday
PO5,TKC25 Portsmouth,Component Channel,One-person,2 Days,Tuesday|Friday
PO6,TKC25 Portsmouth,Component Channel,One-person,2 Days,Tuesday|Friday
PO7,TKC25 Portsmouth,Component Channel,One-person,2 Days,Tuesday|Friday
PO8,TKC25 Portsmouth,Component Channel,One-person,2 Days,Tuesday|Friday
PO9,TKC25 Portsmouth,Component Channel,One-person,2 Days,Tuesday|Friday
RG13,TKC25 Portsmouth,Component Channel,One-person,2 Days,Tuesday|Friday
RG14,TKC25 Portsmouth,Component Channel,One-person,2 Days,Tuesday|Friday
RG15,TKC25 Portsmouth,Component Channel,One-person,2 Days,Tuesday|Friday
RG18,TKC25 Portsmouth,Component Channel,One-person,2 Days,Tuesday|Friday
RG19,TKC25 Portsmouth,Component Channel,One-person,2 Days,Tuesday|Friday
RG20,TKC25 Portsmouth,Component Channel,One-person,2 Days,Tuesday|Friday
RG21,TKC25 Portsmouth,Component Channel,One-person,2 Days,Tuesday|Friday
RG22,TKC25 Portsmouth,Component Channel,One-person,2 Days,Tuesday|Friday
RG23,TKC25 Portsmouth,Component Channel,One-person,2 Days,Tuesday|Friday
RG24,TKC25 Portsmouth,Component Channel,One-person,2 Days,Tuesday|Friday
RG25,TKC25 Portsmouth,Component Channel,One-person,2 Days,Tuesday|Friday
RG26,TKC25 Portsmouth,Component Channel,One-person,2 Days,Tuesday|Friday
RG27,TKC25 Portsmouth,Component Channel,One-person,2 Days,Tuesday|Friday
RG28,TKC25 Portsmouth,Component Channel,One-person,2 Days,Tuesday|Friday
RG29,TKC25 Portsmouth,Component Channel,One-person,2 Days,Tuesday|Friday
RG7,TKC25 Portsmouth,Component Channel,One-person,2 Days,Tuesday|Friday
RG16,TKC25 Portsmouth,Component Channel,One-person,2 Days,Tuesday|Friday
RG17,TKC25 Portsmouth,Component Channel,One-person,2 Days,Tuesday|Friday
RG8,TKC25 Portsmouth,Component Channel,One-person,2 Days,Tuesday|Friday
RG9,TKC25 Portsmouth,Component Channel,One-person,2 Days,Tuesday|Friday
SN9,TKC25 Portsmouth,Component Channel,One-person,2 Days,Tuesday|Friday
SN1,TKC25 Portsmouth,Component Channel,One-person,2 Days,Tuesday|Friday
SN10,TKC25 Portsmouth,Component Channel,One-person,2 Days,Tuesday|Friday
SN11,TKC25 Portsmouth,Component Channel,One-person,2 Days,Tuesday|Friday
SN12,TKC25 Portsmouth,Component Channel,One-person,2 Days,Tuesday|Friday
SN15,TKC25 Portsmouth,Component Channel,One-person,2 Days,Tuesday|Friday
SN17,TKC25 Portsmouth,Component Channel,One-person,2 Days,Tuesday|Friday
SN2,TKC25 Portsmouth,Component Channel,One-person,2 Days,Tuesday|Friday
SN25,TKC25 Portsmouth,Component Channel,One-person,2 Days,Tuesday|Friday
SN26,TKC25 Portsmouth,Component Channel,One-person,2 Days,Tuesday|Friday
SN3,TKC25 Portsmouth,Component Channel,One-person,2 Days,Tuesday|Friday
SN38,TKC25 Portsmouth,Component Channel,One-person,2 Days,Tuesday|Friday
SN4,TKC25 Portsmouth,Component Channel,One-person,2 Days,Tuesday|Friday
SN5,TKC25 Portsmouth,Component Channel,One-person,2 Days,Tuesday|Friday
SN6,TKC25 Portsmouth,Component Channel,One-person,2 Days,Tuesday|Friday
SN7,TKC25 Portsmouth,Component Channel,One-person,2 Days,Tuesday|Friday
SN8,TKC25 Portsmouth,Component Channel,One-person,2 Days,Tuesday|Friday
SO1,TKC25 Portsmouth,Component Channel,One-person,2 Days,Tuesday|Friday
SO14,TKC25 Portsmouth,Component Channel,One-person,2 Days,Tuesday|Friday
SO15,TKC25 Portsmouth,Component Channel,One-person,2 Days,Tuesday|Friday
SO16,TKC25 Portsmouth,Component Channel,One-person,2 Days,Tuesday|Friday
SO17,TKC25 Portsmouth,Component Channel,One-person,2 Days,Tuesday|Friday
SO18,TKC25 Portsmouth,Component Channel,One-person,2 Days,Tuesday|Friday
SO19,TKC25 Portsmouth,Component Channel,One-person,2 Days,Tuesday|Friday
SO2,TKC25 Portsmouth,Component Channel,One-person,2 Days,Tuesday|Friday
SO20,TKC25 Portsmouth,Component Channel,One-person,2 Days,Tuesday|Friday
SO21,TKC25 Portsmouth,Component Channel,One-person,2 Days,Tuesday|Friday
SO22,TKC25 Portsmouth,Component Channel,One-person,2 Days,Tuesday|Friday
SO23,TKC25 Portsmouth,Component Channel,One-person,2 Days,Tuesday|Friday
SO24,TKC25 Portsmouth,Component Channel,One-person,2 Days,Tuesday|Friday
SO25,TKC25 Portsmouth,Component Channel,One-person,2 Days,Tuesday|Friday
SO3,TKC25 Portsmouth,Component Channel,One-person,2 Days,Tuesday|Friday
SO30,TKC25 Portsmouth,Component Channel,One-person,2 Days,Tuesday|Friday
SO31,TKC25 Portsmouth,Component Channel,One-person,2 Days,Tuesday|Friday
SO32,TKC25 Portsmouth,Component Channel,One-person,2 Days,Tuesday|Friday
SO4,TKC25 Portsmouth,Component Channel,One-person,2 Days,Tuesday|Friday
SO40,TKC25 Portsmouth,Component Channel,One-person,2 Days,Tuesday|Friday
SO41,TKC25 Portsmouth,Component Channel,One-person,2 Days,Tuesday|Friday
SO42,TKC25 Portsmouth,Component Channel,One-person,2 Days,Tuesday|Friday
SO43,TKC25 Portsmouth,Component Channel,One-person,2 Days,Tuesday|Friday
SO45,TKC25 Portsmouth,Component Channel,One-person,2 Days,Tuesday|Friday
SO5,TKC25 Portsmouth,Component Channel,One-person,2 Days,Tuesday|Friday
SO50,TKC25 Portsmouth,Component Channel,One-person,2 Days,Tuesday|Friday
SO51,TKC25 Portsmouth,Component Channel,One-person,2 Days,Tuesday|Friday
SO52,TKC25 Portsmouth,Component Channel,One-person,2 Days,Tuesday|Friday
SO53,TKC25 Portsmouth,Component Channel,One-person,2 Days,Tuesday|Friday
SO9,TKC25 Portsmouth,Component Channel,One-person,2 Days,Tuesday|Friday
SO97,TKC25 Portsmouth,Component Channel,One-person,2 Days,Tuesday|Friday
SP1,TKC25 Portsmouth,Component Channel,One-person,2 Days,Tuesday|Friday
SP10,TKC25 Portsmouth,Component Channel,One-person,2 Days,Tuesday|Friday
SP11,TKC25 Portsmouth,Component Channel,One-person,2 Days,Tuesday|Friday
SP2,TKC25 Portsmouth,Component Channel,One-person,2 Days,Tuesday|Friday
SP4,TKC25 Portsmouth,Component Channel,One-person,2 Days,Tuesday|Friday
SP5,TKC25 Portsmouth,Component Channel,One-person,2 Days,Tuesday|Friday
SP6,TKC25 Portsmouth,Component Channel,One-person,2 Days,Tuesday|Friday
SP9,TKC25 Portsmouth,Component Channel,One-person,2 Days,Tuesday|Friday
SP3,TKC25 Portsmouth,Component Channel,One-person,2 Days,Tuesday|Friday
SP7,TKC25 Portsmouth,Component Channel,One-person,2 Days,Tuesday|Friday
SP8,TKC25 Portsmouth,Component Channel,One-person,2 Days,Tuesday|Friday
BH1,TKC25 Portsmouth,Jigsaw Channel,Two-person,5 Days,Tuesday|Friday
BH10,TKC25 Portsmouth,Jigsaw Channel,Two-person,5 Days,Tuesday|Friday
BH11,TKC25 Portsmouth,Jigsaw Channel,Two-person,5 Days,Tuesday|Friday
BH12,TKC25 Portsmouth,Jigsaw Channel,Two-person,5 Days,Tuesday|Friday
BH13,TKC25 Portsmouth,Jigsaw Channel,Two-person,5 Days,Tuesday|Friday
BH14,TKC25 Portsmouth,Jigsaw Channel,Two-person,5 Days,Tuesday|Friday
BH15,TKC25 Portsmouth,Jigsaw Channel,Two-person,5 Days,Tuesday|Friday
BH16,TKC25 Portsmouth,Jigsaw Channel,Two-person,5 Days,Tuesday|Friday
BH17,TKC25 Portsmouth,Jigsaw Channel,Two-person,5 Days,Tuesday|Friday
BH18,TKC25 Portsmouth,Jigsaw Channel,Two-person,5 Days,Tuesday|Friday
BH19,TKC25 Portsmouth,Jigsaw Channel,Two-person,5 Days,Tuesday|Friday
BH2,TKC25 Portsmouth,Jigsaw Channel,Two-person,5 Days,Tuesday|Friday
BH20,TKC25 Portsmouth,Jigsaw Channel,Two-person,5 Days,Tuesday|Friday
BH21,TKC25 Portsmouth,Jigsaw Channel,Two-person,5 Days,Tuesday|Friday
BH22,TKC25 Portsmouth,Jigsaw Channel,Two-person,5 Days,Tuesday|Friday
BH23,TKC25 Portsmouth,Jigsaw Channel,Two-person,5 Days,Tuesday|Friday
BH24,TKC25 Portsmouth,Jigsaw Channel,Two-person,5 Days,Tuesday|Friday
BH25,TKC25 Portsmouth,Jigsaw Channel,Two-person,5 Days,Tuesday|Friday
BH3,TKC25 Portsmouth,Jigsaw Channel,Two-person,5 Days,Tuesday|Friday
BH31,TKC25 Portsmouth,Jigsaw Channel,Two-person,5 Days,Tuesday|Friday
BH4,TKC25 Portsmouth,Jigsaw Channel,Two-person,5 Days,Tuesday|Friday
BH5,TKC25 Portsmouth,Jigsaw Channel,Two-person,5 Days,Tuesday|Friday
BH6,TKC25 Portsmouth,Jigsaw Channel,Two-person,5 Days,Tuesday|Friday
BH7,TKC25 Portsmouth,Jigsaw Channel,Two-person,5 Days,Tuesday|Friday
BH8,TKC25 Portsmouth,Jigsaw Channel,Two-person,5 Days,Tuesday|Friday
BH9,TKC25 Portsmouth,Jigsaw Channel,Two-person,5 Days,Tuesday|Friday
GU10,TKC25 Portsmouth,Jigsaw Channel,Two-person,5 Days,Tuesday|Friday
GU11,TKC25 Portsmouth,Jigsaw Channel,Two-person,5 Days,Tuesday|Friday
GU12,TKC25 Portsmouth,Jigsaw Channel,Two-person,5 Days,Tuesday|Friday
GU14,TKC25 Portsmouth,Jigsaw Channel,Two-person,5 Days,Tuesday|Friday
GU26,TKC25 Portsmouth,Jigsaw Channel,Two-person,5 Days,Tuesday|Friday
GU27,TKC25 Portsmouth,Jigsaw Channel,Two-person,5 Days,Tuesday|Friday
GU28,TKC25 Portsmouth,Jigsaw Channel,Two-person,5 Days,Tuesday|Friday
GU29,TKC25 Portsmouth,Jigsaw Channel,Two-person,5 Days,Tuesday|Friday
GU30,TKC25 Portsmouth,Jigsaw Channel,Two-person,5 Days,Tuesday|Friday
GU31,TKC25 Portsmouth,Jigsaw Channel,Two-person,5 Days,Tuesday|Friday
GU32,TKC25 Portsmouth,Jigsaw Channel,Two-person,5 Days,Tuesday|Friday
GU33,TKC25 Portsmouth,Jigsaw Channel,Two-person,5 Days,Tuesday|Friday
GU34,TKC25 Portsmouth,Jigsaw Channel,Two-person,5 Days,Tuesday|Friday
GU35,TKC25 Portsmouth,Jigsaw Channel,Two-person,5 Days,Tuesday|Friday
GU51,TKC25 Portsmouth,Jigsaw Channel,Two-person,5 Days,Tuesday|Friday
GU52,TKC25 Portsmouth,Jigsaw Channel,Two-person,5 Days,Tuesday|Friday
GU7,TKC25 Portsmouth,Jigsaw Channel,Two-person,5 Days,Tuesday|Friday
GU8,TKC25 Portsmouth,Jigsaw Channel,Two-person,5 Days,Tuesday|Friday
GU9,TKC25 Portsmouth,Jigsaw Channel,Two-person,5 Days,Tuesday|Friday
HP17,TKC25 Portsmouth,Jigsaw Channel,Two-person,5 Days,Tuesday|Friday
HP18,TKC25 Portsmouth,Jigsaw Channel,Two-person,5 Days,Tuesday|Friday
HP19,TKC25 Portsmouth,Jigsaw Channel,Two-person,5 Days,Tuesday|Friday
HP20,TKC25 Portsmouth,Jigsaw Channel,Two-person,5 Days,Tuesday|Friday
HP21,TKC25 Portsmouth,Jigsaw Channel,Two-person,5 Days,Tuesday|Friday
HP22,TKC25 Portsmouth,Jigsaw Channel,Two-person,5 Days,Tuesday|Friday
HP27,TKC25 Portsmouth,Jigsaw Channel,Two-person,5 Days,Tuesday|Friday
MK18,TKC25 Portsmouth,Jigsaw Channel,Two-person,5 Days,Tuesday|Friday
NN13,TKC25 Portsmouth,Jigsaw Channel,Two-person,5 Days,Tuesday|Friday
OX1,TKC25 Portsmouth,Jigsaw Channel,Two-person,5 Days,Tuesday|Friday
OX10,TKC25 Portsmouth,Jigsaw Channel,Two-person,5 Days,Tuesday|Friday
OX11,TKC25 Portsmouth,Jigsaw Channel,Two-person,5 Days,Tuesday|Friday
OX12,TKC25 Portsmouth,Jigsaw Channel,Two-person,5 Days,Tuesday|Friday
OX13,TKC25 Portsmouth,Jigsaw Channel,Two-person,5 Days,Tuesday|Friday
OX14,TKC25 Portsmouth,Jigsaw Channel,Two-person,5 Days,Tuesday|Friday
OX15,TKC25 Portsmouth,Jigsaw Channel,Two-person,5 Days,Tuesday|Friday
OX16,TKC25 Portsmouth,Jigsaw Channel,Two-person,5 Days,Tuesday|Friday
OX17,TKC25 Portsmouth,Jigsaw Channel,Two-person,5 Days,Tuesday|Friday
OX18,TKC25 Portsmouth,Jigsaw Channel,Two-person,5 Days,Tuesday|Friday
OX2,TKC25 Portsmouth,Jigsaw Channel,Two-person,5 Days,Tuesday|Friday
OX20,TKC25 Portsmouth,Jigsaw Channel,Two-person,5 Days,Tuesday|Friday
OX25,TKC25 Portsmouth,Jigsaw Channel,Two-person,5 Days,Tuesday|Friday
OX26,TKC25 Portsmouth,Jigsaw Channel,Two-person,5 Days,Tuesday|Friday
OX27,TKC25 Portsmouth,Jigsaw Channel,Two-person,5 Days,Tuesday|Friday
OX28,TKC25 Portsmouth,Jigsaw Channel,Two-person,5 Days,Tuesday|Friday
OX29,TKC25 Portsmouth,Jigsaw Channel,Two-person,5 Days,Tuesday|Friday
OX3,TKC25 Portsmouth,Jigsaw Channel,Two-person,5 Days,Tuesday|Friday
OX33,TKC25 Portsmouth,Jigsaw Channel,Two-person,5 Days,Tuesday|Friday
OX39,TKC25 Portsmouth,Jigsaw Channel,Two-person,5 Days,Tuesday|Friday
OX4,TKC25 Portsmouth,Jigsaw Channel,Two-person,5 Days,Tuesday|Friday
OX44,TKC25 Portsmouth,Jigsaw Channel,Two-person,5 Days,Tuesday|Friday
OX49,TKC25 Portsmouth,Jigsaw Channel,Two-person,5 Days,Tuesday|Friday
OX5,TKC25 Portsmouth,Jigsaw Channel,Two-person,5 Days,Tuesday|Friday
OX6,TKC25 Portsmouth,Jigsaw Channel,Two-person,5 Days,Tuesday|Friday
OX7,TKC25 Portsmouth,Jigsaw Channel,Two-person,5 Days,Tuesday|Friday
OX8,TKC25 Portsmouth,Jigsaw Channel,Two-person,5 Days,Tuesday|Friday
OX9,TKC25 Portsmouth,Jigsaw Channel,Two-person,5 Days,Tuesday|Friday
PO1,TKC25 Portsmouth,Jigsaw Channel,Two-person,5 Days,Tuesday|Friday
PO10,TKC25 Portsmouth,Jigsaw Channel,Two-person,5 Days,Tuesday|Friday
PO11,TKC25 Portsmouth,Jigsaw Channel,Two-person,5 Days,Tuesday|Friday
PO12,TKC25 Portsmouth,Jigsaw Channel,Two-person,5 Days,Tuesday|Friday
PO13,TKC25 Portsmouth,Jigsaw Channel,Two-person,5 Days,Tuesday|Friday
PO14,TKC25 Portsmouth,Jigsaw Channel,Two-person,5 Days,Tuesday|Friday
PO15,TKC25 Portsmouth,Jigsaw Channel,Two-person,5 Days,Tuesday|Friday
PO16,TKC25 Portsmouth,Jigsaw Channel,Two-person,5 Days,Tuesday|Friday
PO17,TKC25 Portsmouth,Jigsaw Channel,Two-person,5 Days,Tuesday|Friday
PO18,TKC25 Portsmouth,Jigsaw Channel,Two-person,5 Days,Tuesday|Friday
PO19,TKC25 Portsmouth,Jigsaw Channel,Two-person,5 Days,Tuesday|Friday
PO2,TKC25 Portsmouth,Jigsaw Channel,Two-person,5 Days,Tuesday|Friday
PO20,TKC25 Portsmouth,Jigsaw Channel,Two-person,5 Days,Tuesday|Friday
PO21,TKC25 Portsmouth,Jigsaw Channel,Two-person,5 Days,Tuesday|Friday
PO22,TKC25 Portsmouth,Jigsaw Channel,Two-person,5 Days,Tuesday|Friday
PO3,TKC25 Portsmouth,Jigsaw Channel,Two-person,5 Days,Tuesday|Friday
PO4,TKC25 Portsmouth,Jigsaw Channel,Two-person,5 Days,Tuesday|Friday
PO5,TKC25 Portsmouth,Jigsaw Channel,Two-person,5 Days,Tuesday|Friday
PO6,TKC25 Portsmouth,Jigsaw Channel,Two-person,5 Days,Tuesday|Friday
PO7,TKC25 Portsmouth,Jigsaw Channel,Two-person,5 Days,Tuesday|Friday
PO8,TKC25 Portsmouth,Jigsaw Channel,Two-person,5 Days,Tuesday|Friday
PO9,TKC25 Portsmouth,Jigsaw Channel,Two-person,5 Days,Tuesday|Friday
RG13,TKC25 Portsmouth,Jigsaw Channel,Two-person,5 Days,Tuesday|Friday
RG14,TKC25 Portsmouth,Jigsaw Channel,Two-person,5 Days,Tuesday|Friday
RG15,TKC25 Portsmouth,Jigsaw Channel,Two-person,5 Days,Tuesday|Friday
RG18,TKC25 Portsmouth,Jigsaw Channel,Two-person,5 Days,Tuesday|Friday
RG19,TKC25 Portsmouth,Jigsaw Channel,Two-person,5 Days,Tuesday|Friday
RG20,TKC25 Portsmouth,Jigsaw Channel,Two-person,5 Days,Tuesday|Friday
RG21,TKC25 Portsmouth,Jigsaw Channel,Two-person,5 Days,Tuesday|Friday
RG22,TKC25 Portsmouth,Jigsaw Channel,Two-person,5 Days,Tuesday|Friday
RG23,TKC25 Portsmouth,Jigsaw Channel,Two-person,5 Days,Tuesday|Friday
RG24,TKC25 Portsmouth,Jigsaw Channel,Two-person,5 Days,Tuesday|Friday
RG25,TKC25 Portsmouth,Jigsaw Channel,Two-person,5 Days,Tuesday|Friday
RG26,TKC25 Portsmouth,Jigsaw Channel,Two-person,5 Days,Tuesday|Friday
RG27,TKC25 Portsmouth,Jigsaw Channel,Two-person,5 Days,Tuesday|Friday
RG28,TKC25 Portsmouth,Jigsaw Channel,Two-person,5 Days,Tuesday|Friday
RG29,TKC25 Portsmouth,Jigsaw Channel,Two-person,5 Days,Tuesday|Friday
RG7,TKC25 Portsmouth,Jigsaw Channel,Two-person,5 Days,Tuesday|Friday
RG16,TKC25 Portsmouth,Jigsaw Channel,Two-person,5 Days,Tuesday|Friday
RG17,TKC25 Portsmouth,Jigsaw Channel,Two-person,5 Days,Tuesday|Friday
RG8,TKC25 Portsmouth,Jigsaw Channel,Two-person,5 Days,Tuesday|Friday
RG9,TKC25 Portsmouth,Jigsaw Channel,Two-person,5 Days,Tuesday|Friday
SN9,TKC25 Portsmouth,Jigsaw Channel,Two-person,5 Days,Tuesday|Friday
SN1,TKC25 Portsmouth,Jigsaw Channel,Two-person,5 Days,Tuesday|Friday
SN10,TKC25 Portsmouth,Jigsaw Channel,Two-person,5 Days,Tuesday|Friday
SN11,TKC25 Portsmouth,Jigsaw Channel,Two-person,5 Days,Tuesday|Friday
SN12,TKC25 Portsmouth,Jigsaw Channel,Two-person,5 Days,Tuesday|Friday
SN15,TKC25 Portsmouth,Jigsaw Channel,Two-person,5 Days,Tuesday|Friday
SN17,TKC25 Portsmouth,Jigsaw Channel,Two-person,5 Days,Tuesday|Friday
SN2,TKC25 Portsmouth,Jigsaw Channel,Two-person,5 Days,Tuesday|Friday
SN25,TKC25 Portsmouth,Jigsaw Channel,Two-person,5 Days,Tuesday|Friday
SN26,TKC25 Portsmouth,Jigsaw Channel,Two-person,5 Days,Tuesday|Friday
SN3,TKC25 Portsmouth,Jigsaw Channel,Two-person,5 Days,Tuesday|Friday
SN38,TKC25 Portsmouth,Jigsaw Channel,Two-person,5 Days,Tuesday|Friday
SN4,TKC25 Portsmouth,Jigsaw Channel,Two-person,5 Days,Tuesday|Friday
SN5,TKC25 Portsmouth,Jigsaw Channel,Two-person,5 Days,Tuesday|Friday
SN6,TKC25 Portsmouth,Jigsaw Channel,Two-person,5 Days,Tuesday|Friday
SN7,TKC25 Portsmouth,Jigsaw Channel,Two-person,5 Days,Tuesday|Friday
SN8,TKC25 Portsmouth,Jigsaw Channel,Two-person,5 Days,Tuesday|Friday
SO1,TKC25 Portsmouth,Jigsaw Channel,Two-person,5 Days,Tuesday|Friday
SO14,TKC25 Portsmouth,Jigsaw Channel,Two-person,5 Days,Tuesday|Friday
SO15,TKC25 Portsmouth,Jigsaw Channel,Two-person,5 Days,Tuesday|Friday
SO16,TKC25 Portsmouth,Jigsaw Channel,Two-person,5 Days,Tuesday|Friday
SO17,TKC25 Portsmouth,Jigsaw Channel,Two-person,5 Days,Tuesday|Friday
SO18,TKC25 Portsmouth,Jigsaw Channel,Two-person,5 Days,Tuesday|Friday
SO19,TKC25 Portsmouth,Jigsaw Channel,Two-person,5 Days,Tuesday|Friday
SO2,TKC25 Portsmouth,Jigsaw Channel,Two-person,5 Days,Tuesday|Friday
SO20,TKC25 Portsmouth,Jigsaw Channel,Two-person,5 Days,Tuesday|Friday
SO21,TKC25 Portsmouth,Jigsaw Channel,Two-person,5 Days,Tuesday|Friday
SO22,TKC25 Portsmouth,Jigsaw Channel,Two-person,5 Days,Tuesday|Friday
SO23,TKC25 Portsmouth,Jigsaw Channel,Two-person,5 Days,Tuesday|Friday
SO24,TKC25 Portsmouth,Jigsaw Channel,Two-person,5 Days,Tuesday|Friday
SO25,TKC25 Portsmouth,Jigsaw Channel,Two-person,5 Days,Tuesday|Friday
SO3,TKC25 Portsmouth,Jigsaw Channel,Two-person,5 Days,Tuesday|Friday
SO30,TKC25 Portsmouth,Jigsaw Channel,Two-person,5 Days,Tuesday|Friday
SO31,TKC25 Portsmouth,Jigsaw Channel,Two-person,5 Days,Tuesday|Friday
SO32,TKC25 Portsmouth,Jigsaw Channel,Two-person,5 Days,Tuesday|Friday
SO4,TKC25 Portsmouth,Jigsaw Channel,Two-person,5 Days,Tuesday|Friday
SO40,TKC25 Portsmouth,Jigsaw Channel,Two-person,5 Days,Tuesday|Friday
SO41,TKC25 Portsmouth,Jigsaw Channel,Two-person,5 Days,Tuesday|Friday
SO42,TKC25 Portsmouth,Jigsaw Channel,Two-person,5 Days,Tuesday|Friday
SO43,TKC25 Portsmouth,Jigsaw Channel,Two-person,5 Days,Tuesday|Friday
SO45,TKC25 Portsmouth,Jigsaw Channel,Two-person,5 Days,Tuesday|Friday
SO5,TKC25 Portsmouth,Jigsaw Channel,Two-person,5 Days,Tuesday|Friday
SO50,TKC25 Portsmouth,Jigsaw Channel,Two-person,5 Days,Tuesday|Friday
SO51,TKC25 Portsmouth,Jigsaw Channel,Two-person,5 Days,Tuesday|Friday
SO52,TKC25 Portsmouth,Jigsaw Channel,Two-person,5 Days,Tuesday|Friday
SO53,TKC25 Portsmouth,Jigsaw Channel,Two-person,5 Days,Tuesday|Friday
SO9,TKC25 Portsmouth,Jigsaw Channel,Two-person,5 Days,Tuesday|Friday
SO97,TKC25 Portsmouth,Jigsaw Channel,Two-person,5 Days,Tuesday|Friday
SP1,TKC25 Portsmouth,Jigsaw Channel,Two-person,5 Days,Tuesday|Friday
SP10,TKC25 Portsmouth,Jigsaw Channel,Two-person,5 Days,Tuesday|Friday
SP11,TKC25 Portsmouth,Jigsaw Channel,Two-person,5 Days,Tuesday|Friday
SP2,TKC25 Portsmouth,Jigsaw Channel,Two-person,5 Days,Tuesday|Friday
SP4,TKC25 Portsmouth,Jigsaw Channel,Two-person,5 Days,Tuesday|Friday
SP5,TKC25 Portsmouth,Jigsaw Channel,Two-person,5 Days,Tuesday|Friday
SP6,TKC25 Portsmouth,Jigsaw Channel,Two-person,5 Days,Tuesday|Friday
SP9,TKC25 Portsmouth,Jigsaw Channel,Two-person,5 Days,Tuesday|Friday
SP3,TKC25 Portsmouth,Jigsaw Channel,Two-person,5 Days,Tuesday|Friday
SP7,TKC25 Portsmouth,Jigsaw Channel,Two-person,5 Days,Tuesday|Friday
SP8,TKC25 Portsmouth,Jigsaw Channel,Two-person,5 Days,Tuesday|Friday
BH1,TKC25 Portsmouth,Merchant Channel,Two-person,5 Days,Tuesday|Friday
BH10,TKC25 Portsmouth,Merchant Channel,Two-person,5 Days,Tuesday|Friday
BH11,TKC25 Portsmouth,Merchant Channel,Two-person,5 Days,Tuesday|Friday
BH12,TKC25 Portsmouth,Merchant Channel,Two-person,5 Days,Tuesday|Friday
BH13,TKC25 Portsmouth,Merchant Channel,Two-person,5 Days,Tuesday|Friday
BH14,TKC25 Portsmouth,Merchant Channel,Two-person,5 Days,Tuesday|Friday
BH15,TKC25 Portsmouth,Merchant Channel,Two-person,5 Days,Tuesday|Friday
BH16,TKC25 Portsmouth,Merchant Channel,Two-person,5 Days,Tuesday|Friday
BH17,TKC25 Portsmouth,Merchant Channel,Two-person,5 Days,Tuesday|Friday
BH18,TKC25 Portsmouth,Merchant Channel,Two-person,5 Days,Tuesday|Friday
BH19,TKC25 Portsmouth,Merchant Channel,Two-person,5 Days,Tuesday|Friday
BH2,TKC25 Portsmouth,Merchant Channel,Two-person,5 Days,Tuesday|Friday
BH20,TKC25 Portsmouth,Merchant Channel,Two-person,5 Days,Tuesday|Friday
BH21,TKC25 Portsmouth,Merchant Channel,Two-person,5 Days,Tuesday|Friday
BH22,TKC25 Portsmouth,Merchant Channel,Two-person,5 Days,Tuesday|Friday
BH23,TKC25 Portsmouth,Merchant Channel,Two-person,5 Days,Tuesday|Friday
BH24,TKC25 Portsmouth,Merchant Channel,Two-person,5 Days,Tuesday|Friday
BH25,TKC25 Portsmouth,Merchant Channel,Two-person,5 Days,Tuesday|Friday
BH3,TKC25 Portsmouth,Merchant Channel,Two-person,5 Days,Tuesday|Friday
BH31,TKC25 Portsmouth,Merchant Channel,Two-person,5 Days,Tuesday|Friday
BH4,TKC25 Portsmouth,Merchant Channel,Two-person,5 Days,Tuesday|Friday
BH5,TKC25 Portsmouth,Merchant Channel,Two-person,5 Days,Tuesday|Friday
BH6,TKC25 Portsmouth,Merchant Channel,Two-person,5 Days,Tuesday|Friday
BH7,TKC25 Portsmouth,Merchant Channel,Two-person,5 Days,Tuesday|Friday
BH8,TKC25 Portsmouth,Merchant Channel,Two-person,5 Days,Tuesday|Friday
BH9,TKC25 Portsmouth,Merchant Channel,Two-person,5 Days,Tuesday|Friday
GU10,TKC25 Portsmouth,Merchant Channel,Two-person,5 Days,Tuesday|Friday
GU11,TKC25 Portsmouth,Merchant Channel,Two-person,5 Days,Tuesday|Friday
GU12,TKC25 Portsmouth,Merchant Channel,Two-person,5 Days,Tuesday|Friday
GU14,TKC25 Portsmouth,Merchant Channel,Two-person,5 Days,Tuesday|Friday
GU26,TKC25 Portsmouth,Merchant Channel,Two-person,5 Days,Tuesday|Friday
GU27,TKC25 Portsmouth,Merchant Channel,Two-person,5 Days,Tuesday|Friday
GU28,TKC25 Portsmouth,Merchant Channel,Two-person,5 Days,Tuesday|Friday
GU29,TKC25 Portsmouth,Merchant Channel,Two-person,5 Days,Tuesday|Friday
GU30,TKC25 Portsmouth,Merchant Channel,Two-person,5 Days,Tuesday|Friday
GU31,TKC25 Portsmouth,Merchant Channel,Two-person,5 Days,Tuesday|Friday
GU32,TKC25 Portsmouth,Merchant Channel,Two-person,5 Days,Tuesday|Friday
GU33,TKC25 Portsmouth,Merchant Channel,Two-person,5 Days,Tuesday|Friday
GU34,TKC25 Portsmouth,Merchant Channel,Two-person,5 Days,Tuesday|Friday
GU35,TKC25 Portsmouth,Merchant Channel,Two-person,5 Days,Tuesday|Friday
GU51,TKC25 Portsmouth,Merchant Channel,Two-person,5 Days,Tuesday|Friday
GU52,TKC25 Portsmouth,Merchant Channel,Two-person,5 Days,Tuesday|Friday
GU7,TKC25 Portsmouth,Merchant Channel,Two-person,5 Days,Tuesday|Friday
GU8,TKC25 Portsmouth,Merchant Channel,Two-person,5 Days,Tuesday|Friday
GU9,TKC25 Portsmouth,Merchant Channel,Two-person,5 Days,Tuesday|Friday
HP17,TKC25 Portsmouth,Merchant Channel,Two-person,5 Days,Tuesday|Friday
HP18,TKC25 Portsmouth,Merchant Channel,Two-person,5 Days,Tuesday|Friday
HP19,TKC25 Portsmouth,Merchant Channel,Two-person,5 Days,Tuesday|Friday
HP20,TKC25 Portsmouth,Merchant Channel,Two-person,5 Days,Tuesday|Friday
HP21,TKC25 Portsmouth,Merchant Channel,Two-person,5 Days,Tuesday|Friday
HP22,TKC25 Portsmouth,Merchant Channel,Two-person,5 Days,Tuesday|Friday
HP27,TKC25 Portsmouth,Merchant Channel,Two-person,5 Days,Tuesday|Friday
MK18,TKC25 Portsmouth,Merchant Channel,Two-person,5 Days,Tuesday|Friday
NN13,TKC25 Portsmouth,Merchant Channel,Two-person,5 Days,Tuesday|Friday
OX1,TKC25 Portsmouth,Merchant Channel,Two-person,5 Days,Tuesday|Friday
OX10,TKC25 Portsmouth,Merchant Channel,Two-person,5 Days,Tuesday|Friday
OX11,TKC25 Portsmouth,Merchant Channel,Two-person,5 Days,Tuesday|Friday
OX12,TKC25 Portsmouth,Merchant Channel,Two-person,5 Days,Tuesday|Friday
OX13,TKC25 Portsmouth,Merchant Channel,Two-person,5 Days,Tuesday|Friday
OX14,TKC25 Portsmouth,Merchant Channel,Two-person,5 Days,Tuesday|Friday
OX15,TKC25 Portsmouth,Merchant Channel,Two-person,5 Days,Tuesday|Friday
OX16,TKC25 Portsmouth,Merchant Channel,Two-person,5 Days,Tuesday|Friday
OX17,TKC25 Portsmouth,Merchant Channel,Two-person,5 Days,Tuesday|Friday
OX18,TKC25 Portsmouth,Merchant Channel,Two-person,5 Days,Tuesday|Friday
OX2,TKC25 Portsmouth,Merchant Channel,Two-person,5 Days,Tuesday|Friday
OX20,TKC25 Portsmouth,Merchant Channel,Two-person,5 Days,Tuesday|Friday
OX25,TKC25 Portsmouth,Merchant Channel,Two-person,5 Days,Tuesday|Friday
OX26,TKC25 Portsmouth,Merchant Channel,Two-person,5 Days,Tuesday|Friday
OX27,TKC25 Portsmouth,Merchant Channel,Two-person,5 Days,Tuesday|Friday
OX28,TKC25 Portsmouth,Merchant Channel,Two-person,5 Days,Tuesday|Friday
OX29,TKC25 Portsmouth,Merchant Channel,Two-person,5 Days,Tuesday|Friday
OX3,TKC25 Portsmouth,Merchant Channel,Two-person,5 Days,Tuesday|Friday
OX33,TKC25 Portsmouth,Merchant Channel,Two-person,5 Days,Tuesday|Friday
OX39,TKC25 Portsmouth,Merchant Channel,Two-person,5 Days,Tuesday|Friday
OX4,TKC25 Portsmouth,Merchant Channel,Two-person,5 Days,Tuesday|Friday
OX44,TKC25 Portsmouth,Merchant Channel,Two-person,5 Days,Tuesday|Friday
OX49,TKC25 Portsmouth,Merchant Channel,Two-person,5 Days,Tuesday|Friday
OX5,TKC25 Portsmouth,Merchant Channel,Two-person,5 Days,Tuesday|Friday
OX6,TKC25 Portsmouth,Merchant Channel,Two-person,5 Days,Tuesday|Friday
OX7,TKC25 Portsmouth,Merchant Channel,Two-person,5 Days,Tuesday|Friday
OX8,TKC25 Portsmouth,Merchant Channel,Two-person,5 Days,Tuesday|Friday
OX9,TKC25 Portsmouth,Merchant Channel,Two-person,5 Days,Tuesday|Friday
PO1,TKC25 Portsmouth,Merchant Channel,Two-person,5 Days,Tuesday|Friday
PO10,TKC25 Portsmouth,Merchant Channel,Two-person,5 Days,Tuesday|Friday
PO11,TKC25 Portsmouth,Merchant Channel,Two-person,5 Days,Tuesday|Friday
PO12,TKC25 Portsmouth,Merchant Channel,Two-person,5 Days,Tuesday|Friday
PO13,TKC25 Portsmouth,Merchant Channel,Two-person,5 Days,Tuesday|Friday
PO14,TKC25 Portsmouth,Merchant Channel,Two-person,5 Days,Tuesday|Friday
PO15,TKC25 Portsmouth,Merchant Channel,Two-person,5 Days,Tuesday|Friday
PO16,TKC25 Portsmouth,Merchant Channel,Two-person,5 Days,Tuesday|Friday
PO17,TKC25 Portsmouth,Merchant Channel,Two-person,5 Days,Tuesday|Friday
PO18,TKC25 Portsmouth,Merchant Channel,Two-person,5 Days,Tuesday|Friday
PO19,TKC25 Portsmouth,Merchant Channel,Two-person,5 Days,Tuesday|Friday
PO2,TKC25 Portsmouth,Merchant Channel,Two-person,5 Days,Tuesday|Friday
PO20,TKC25 Portsmouth,Merchant Channel,Two-person,5 Days,Tuesday|Friday
PO21,TKC25 Portsmouth,Merchant Channel,Two-person,5 Days,Tuesday|Friday
PO22,TKC25 Portsmouth,Merchant Channel,Two-person,5 Days,Tuesday|Friday
PO3,TKC25 Portsmouth,Merchant Channel,Two-person,5 Days,Tuesday|Friday
PO4,TKC25 Portsmouth,Merchant Channel,Two-person,5 Days,Tuesday|Friday
PO5,TKC25 Portsmouth,Merchant Channel,Two-person,5 Days,Tuesday|Friday
PO6,TKC25 Portsmouth,Merchant Channel,Two-person,5 Days,Tuesday|Friday
PO7,TKC25 Portsmouth,Merchant Channel,Two-person,5 Days,Tuesday|Friday
PO8,TKC25 Portsmouth,Merchant Channel,Two-person,5 Days,Tuesday|Friday
PO9,TKC25 Portsmouth,Merchant Channel,Two-person,5 Days,Tuesday|Friday
RG13,TKC25 Portsmouth,Merchant Channel,Two-person,5 Days,Tuesday|Friday
RG14,TKC25 Portsmouth,Merchant Channel,Two-person,5 Days,Tuesday|Friday
RG15,TKC25 Portsmouth,Merchant Channel,Two-person,5 Days,Tuesday|Friday
RG18,TKC25 Portsmouth,Merchant Channel,Two-person,5 Days,Tuesday|Friday
RG19,TKC25 Portsmouth,Merchant Channel,Two-person,5 Days,Tuesday|Friday
RG20,TKC25 Portsmouth,Merchant Channel,Two-person,5 Days,Tuesday|Friday
RG21,TKC25 Portsmouth,Merchant Channel,Two-person,5 Days,Tuesday|Friday
RG22,TKC25 Portsmouth,Merchant Channel,Two-person,5 Days,Tuesday|Friday
RG23,TKC25 Portsmouth,Merchant Channel,Two-person,5 Days,Tuesday|Friday
RG24,TKC25 Portsmouth,Merchant Channel,Two-person,5 Days,Tuesday|Friday
RG25,TKC25 Portsmouth,Merchant Channel,Two-person,5 Days,Tuesday|Friday
RG26,TKC25 Portsmouth,Merchant Channel,Two-person,5 Days,Tuesday|Friday
RG27,TKC25 Portsmouth,Merchant Channel,Two-person,5 Days,Tuesday|Friday
RG28,TKC25 Portsmouth,Merchant Channel,Two-person,5 Days,Tuesday|Friday
RG29,TKC25 Portsmouth,Merchant Channel,Two-person,5 Days,Tuesday|Friday
RG7,TKC25 Portsmouth,Merchant Channel,Two-person,5 Days,Tuesday|Friday
RG16,TKC25 Portsmouth,Merchant Channel,Two-person,5 Days,Tuesday|Friday
RG17,TKC25 Portsmouth,Merchant Channel,Two-person,5 Days,Tuesday|Friday
RG8,TKC25 Portsmouth,Merchant Channel,Two-person,5 Days,Tuesday|Friday
RG9,TKC25 Portsmouth,Merchant Channel,Two-person,5 Days,Tuesday|Friday
SN9,TKC25 Portsmouth,Merchant Channel,Two-person,5 Days,Tuesday|Friday
SN1,TKC25 Portsmouth,Merchant Channel,Two-person,5 Days,Tuesday|Friday
SN10,TKC25 Portsmouth,Merchant Channel,Two-person,5 Days,Tuesday|Friday
SN11,TKC25 Portsmouth,Merchant Channel,Two-person,5 Days,Tuesday|Friday
SN12,TKC25 Portsmouth,Merchant Channel,Two-person,5 Days,Tuesday|Friday
SN15,TKC25 Portsmouth,Merchant Channel,Two-person,5 Days,Tuesday|Friday
SN17,TKC25 Portsmouth,Merchant Channel,Two-person,5 Days,Tuesday|Friday
SN2,TKC25 Portsmouth,Merchant Channel,Two-person,5 Days,Tuesday|Friday
SN25,TKC25 Portsmouth,Merchant Channel,Two-person,5 Days,Tuesday|Friday
SN26,TKC25 Portsmouth,Merchant Channel,Two-person,5 Days,Tuesday|Friday
SN3,TKC25 Portsmouth,Merchant Channel,Two-person,5 Days,Tuesday|Friday
SN38,TKC25 Portsmouth,Merchant Channel,Two-person,5 Days,Tuesday|Friday
SN4,TKC25 Portsmouth,Merchant Channel,Two-person,5 Days,Tuesday|Friday
SN5,TKC25 Portsmouth,Merchant Channel,Two-person,5 Days,Tuesday|Friday
SN6,TKC25 Portsmouth,Merchant Channel,Two-person,5 Days,Tuesday|Friday
SN7,TKC25 Portsmouth,Merchant Channel,Two-person,5 Days,Tuesday|Friday
SN8,TKC25 Portsmouth,Merchant Channel,Two-person,5 Days,Tuesday|Friday
SO1,TKC25 Portsmouth,Merchant Channel,Two-person,5 Days,Tuesday|Friday
SO14,TKC25 Portsmouth,Merchant Channel,Two-person,5 Days,Tuesday|Friday
SO15,TKC25 Portsmouth,Merchant Channel,Two-person,5 Days,Tuesday|Friday
SO16,TKC25 Portsmouth,Merchant Channel,Two-person,5 Days,Tuesday|Friday
SO17,TKC25 Portsmouth,Merchant Channel,Two-person,5 Days,Tuesday|Friday
SO18,TKC25 Portsmouth,Merchant Channel,Two-person,5 Days,Tuesday|Friday
SO19,TKC25 Portsmouth,Merchant Channel,Two-person,5 Days,Tuesday|Friday
SO2,TKC25 Portsmouth,Merchant Channel,Two-person,5 Days,Tuesday|Friday
SO20,TKC25 Portsmouth,Merchant Channel,Two-person,5 Days,Tuesday|Friday
SO21,TKC25 Portsmouth,Merchant Channel,Two-person,5 Days,Tuesday|Friday
SO22,TKC25 Portsmouth,Merchant Channel,Two-person,5 Days,Tuesday|Friday
SO23,TKC25 Portsmouth,Merchant Channel,Two-person,5 Days,Tuesday|Friday
SO24,TKC25 Portsmouth,Merchant Channel,Two-person,5 Days,Tuesday|Friday
SO25,TKC25 Portsmouth,Merchant Channel,Two-person,5 Days,Tuesday|Friday
SO3,TKC25 Portsmouth,Merchant Channel,Two-person,5 Days,Tuesday|Friday
SO30,TKC25 Portsmouth,Merchant Channel,Two-person,5 Days,Tuesday|Friday
SO31,TKC25 Portsmouth,Merchant Channel,Two-person,5 Days,Tuesday|Friday
SO32,TKC25 Portsmouth,Merchant Channel,Two-person,5 Days,Tuesday|Friday
SO4,TKC25 Portsmouth,Merchant Channel,Two-person,5 Days,Tuesday|Friday
SO40,TKC25 Portsmouth,Merchant Channel,Two-person,5 Days,Tuesday|Friday
SO41,TKC25 Portsmouth,Merchant Channel,Two-person,5 Days,Tuesday|Friday
SO42,TKC25 Portsmouth,Merchant Channel,Two-person,5 Days,Tuesday|Friday
SO43,TKC25 Portsmouth,Merchant Channel,Two-person,5 Days,Tuesday|Friday
SO45,TKC25 Portsmouth,Merchant Channel,Two-person,5 Days,Tuesday|Friday
SO5,TKC25 Portsmouth,Merchant Channel,Two-person,5 Days,Tuesday|Friday
SO50,TKC25 Portsmouth,Merchant Channel,Two-person,5 Days,Tuesday|Friday
SO51,TKC25 Portsmouth,Merchant Channel,Two-person,5 Days,Tuesday|Friday
SO52,TKC25 Portsmouth,Merchant Channel,Two-person,5 Days,Tuesday|Friday
SO53,TKC25 Portsmouth,Merchant Channel,Two-person,5 Days,Tuesday|Friday
SO9,TKC25 Portsmouth,Merchant Channel,Two-person,5 Days,Tuesday|Friday
SO97,TKC25 Portsmouth,Merchant Channel,Two-person,5 Days,Tuesday|Friday
SP1,TKC25 Portsmouth,Merchant Channel,Two-person,5 Days,Tuesday|Friday
SP10,TKC25 Portsmouth,Merchant Channel,Two-person,5 Days,Tuesday|Friday
SP11,TKC25 Portsmouth,Merchant Channel,Two-person,5 Days,Tuesday|Friday
SP2,TKC25 Portsmouth,Merchant Channel,Two-person,5 Days,Tuesday|Friday
SP4,TKC25 Portsmouth,Merchant Channel,Two-person,5 Days,Tuesday|Friday
SP5,TKC25 Portsmouth,Merchant Channel,Two-person,5 Days,Tuesday|Friday
SP6,TKC25 Portsmouth,Merchant Channel,Two-person,5 Days,Tuesday|Friday
SP9,TKC25 Portsmouth,Merchant Channel,Two-person,5 Days,Tuesday|Friday
SP3,TKC25 Portsmouth,Merchant Channel,Two-person,5 Days,Tuesday|Friday
SP7,TKC25 Portsmouth,Merchant Channel,Two-person,5 Days,Tuesday|Friday
SP8,TKC25 Portsmouth,Merchant Channel,Two-person,5 Days,Tuesday|Friday
BH1,TKC25 Portsmouth,Retail Channel,Two-person,21 Days,Tuesday|Friday
BH10,TKC25 Portsmouth,Retail Channel,Two-person,21 Days,Tuesday|Friday
BH11,TKC25 Portsmouth,Retail Channel,Two-person,21 Days,Tuesday|Friday
BH12,TKC25 Portsmouth,Retail Channel,Two-person,21 Days,Tuesday|Friday
BH13,TKC25 Portsmouth,Retail Channel,Two-person,21 Days,Tuesday|Friday
BH14,TKC25 Portsmouth,Retail Channel,Two-person,21 Days,Tuesday|Friday
BH15,TKC25 Portsmouth,Retail Channel,Two-person,21 Days,Tuesday|Friday
BH16,TKC25 Portsmouth,Retail Channel,Two-person,21 Days,Tuesday|Friday
BH17,TKC25 Portsmouth,Retail Channel,Two-person,21 Days,Tuesday|Friday
BH18,TKC25 Portsmouth,Retail Channel,Two-person,21 Days,Tuesday|Friday
BH19,TKC25 Portsmouth,Retail Channel,Two-person,21 Days,Tuesday|Friday
BH2,TKC25 Portsmouth,Retail Channel,Two-person,21 Days,Tuesday|Friday
BH20,TKC25 Portsmouth,Retail Channel,Two-person,21 Days,Tuesday|Friday
BH21,TKC25 Portsmouth,Retail Channel,Two-person,21 Days,Tuesday|Friday
BH22,TKC25 Portsmouth,Retail Channel,Two-person,21 Days,Tuesday|Friday
BH23,TKC25 Portsmouth,Retail Channel,Two-person,21 Days,Tuesday|Friday
BH24,TKC25 Portsmouth,Retail Channel,Two-person,21 Days,Tuesday|Friday
BH25,TKC25 Portsmouth,Retail Channel,Two-person,21 Days,Tuesday|Friday
BH3,TKC25 Portsmouth,Retail Channel,Two-person,21 Days,Tuesday|Friday
BH31,TKC25 Portsmouth,Retail Channel,Two-person,21 Days,Tuesday|Friday
BH4,TKC25 Portsmouth,Retail Channel,Two-person,21 Days,Tuesday|Friday
BH5,TKC25 Portsmouth,Retail Channel,Two-person,21 Days,Tuesday|Friday
BH6,TKC25 Portsmouth,Retail Channel,Two-person,21 Days,Tuesday|Friday
BH7,TKC25 Portsmouth,Retail Channel,Two-person,21 Days,Tuesday|Friday
BH8,TKC25 Portsmouth,Retail Channel,Two-person,21 Days,Tuesday|Friday
BH9,TKC25 Portsmouth,Retail Channel,Two-person,21 Days,Tuesday|Friday
GU10,TKC25 Portsmouth,Retail Channel,Two-person,21 Days,Tuesday|Friday
GU11,TKC25 Portsmouth,Retail Channel,Two-person,21 Days,Tuesday|Friday
GU12,TKC25 Portsmouth,Retail Channel,Two-person,21 Days,Tuesday|Friday
GU14,TKC25 Portsmouth,Retail Channel,Two-person,21 Days,Tuesday|Friday
GU26,TKC25 Portsmouth,Retail Channel,Two-person,21 Days,Tuesday|Friday
GU27,TKC25 Portsmouth,Retail Channel,Two-person,21 Days,Tuesday|Friday
GU28,TKC25 Portsmouth,Retail Channel,Two-person,21 Days,Tuesday|Friday
GU29,TKC25 Portsmouth,Retail Channel,Two-person,21 Days,Tuesday|Friday
GU30,TKC25 Portsmouth,Retail Channel,Two-person,21 Days,Tuesday|Friday
GU31,TKC25 Portsmouth,Retail Channel,Two-person,21 Days,Tuesday|Friday
GU32,TKC25 Portsmouth,Retail Channel,Two-person,21 Days,Tuesday|Friday
GU33,TKC25 Portsmouth,Retail Channel,Two-person,21 Days,Tuesday|Friday
GU34,TKC25 Portsmouth,Retail Channel,Two-person,21 Days,Tuesday|Friday
GU35,TKC25 Portsmouth,Retail Channel,Two-person,21 Days,Tuesday|Friday
GU51,TKC25 Portsmouth,Retail Channel,Two-person,21 Days,Tuesday|Friday
GU52,TKC25 Portsmouth,Retail Channel,Two-person,21 Days,Tuesday|Friday
GU7,TKC25 Portsmouth,Retail Channel,Two-person,21 Days,Tuesday|Friday
GU8,TKC25 Portsmouth,Retail Channel,Two-person,21 Days,Tuesday|Friday
GU9,TKC25 Portsmouth,Retail Channel,Two-person,21 Days,Tuesday|Friday
HP17,TKC25 Portsmouth,Retail Channel,Two-person,21 Days,Tuesday|Friday
HP18,TKC25 Portsmouth,Retail Channel,Two-person,21 Days,Tuesday|Friday
HP19,TKC25 Portsmouth,Retail Channel,Two-person,21 Days,Tuesday|Friday
HP20,TKC25 Portsmouth,Retail Channel,Two-person,21 Days,Tuesday|Friday
HP21,TKC25 Portsmouth,Retail Channel,Two-person,21 Days,Tuesday|Friday
HP22,TKC25 Portsmouth,Retail Channel,Two-person,21 Days,Tuesday|Friday
HP27,TKC25 Portsmouth,Retail Channel,Two-person,21 Days,Tuesday|Friday
MK18,TKC25 Portsmouth,Retail Channel,Two-person,21 Days,Tuesday|Friday
NN13,TKC25 Portsmouth,Retail Channel,Two-person,21 Days,Tuesday|Friday
OX1,TKC25 Portsmouth,Retail Channel,Two-person,21 Days,Tuesday|Friday
OX10,TKC25 Portsmouth,Retail Channel,Two-person,21 Days,Tuesday|Friday
OX11,TKC25 Portsmouth,Retail Channel,Two-person,21 Days,Tuesday|Friday
OX12,TKC25 Portsmouth,Retail Channel,Two-person,21 Days,Tuesday|Friday
OX13,TKC25 Portsmouth,Retail Channel,Two-person,21 Days,Tuesday|Friday
OX14,TKC25 Portsmouth,Retail Channel,Two-person,21 Days,Tuesday|Friday
OX15,TKC25 Portsmouth,Retail Channel,Two-person,21 Days,Tuesday|Friday
OX16,TKC25 Portsmouth,Retail Channel,Two-person,21 Days,Tuesday|Friday
OX17,TKC25 Portsmouth,Retail Channel,Two-person,21 Days,Tuesday|Friday
OX18,TKC25 Portsmouth,Retail Channel,Two-person,21 Days,Tuesday|Friday
OX2,TKC25 Portsmouth,Retail Channel,Two-person,21 Days,Tuesday|Friday
OX20,TKC25 Portsmouth,Retail Channel,Two-person,21 Days,Tuesday|Friday
OX25,TKC25 Portsmouth,Retail Channel,Two-person,21 Days,Tuesday|Friday
OX26,TKC25 Portsmouth,Retail Channel,Two-person,21 Days,Tuesday|Friday
OX27,TKC25 Portsmouth,Retail Channel,Two-person,21 Days,Tuesday|Friday
OX28,TKC25 Portsmouth,Retail Channel,Two-person,21 Days,Tuesday|Friday
OX29,TKC25 Portsmouth,Retail Channel,Two-person,21 Days,Tuesday|Friday
OX3,TKC25 Portsmouth,Retail Channel,Two-person,21 Days,Tuesday|Friday
OX33,TKC25 Portsmouth,Retail Channel,Two-person,21 Days,Tuesday|Friday
OX39,TKC25 Portsmouth,Retail Channel,Two-person,21 Days,Tuesday|Friday
OX4,TKC25 Portsmouth,Retail Channel,Two-person,21 Days,Tuesday|Friday
OX44,TKC25 Portsmouth,Retail Channel,Two-person,21 Days,Tuesday|Friday
OX49,TKC25 Portsmouth,Retail Channel,Two-person,21 Days,Tuesday|Friday
OX5,TKC25 Portsmouth,Retail Channel,Two-person,21 Days,Tuesday|Friday
OX6,TKC25 Portsmouth,Retail Channel,Two-person,21 Days,Tuesday|Friday
OX7,TKC25 Portsmouth,Retail Channel,Two-person,21 Days,Tuesday|Friday
OX8,TKC25 Portsmouth,Retail Channel,Two-person,21 Days,Tuesday|Friday
OX9,TKC25 Portsmouth,Retail Channel,Two-person,21 Days,Tuesday|Friday
PO1,TKC25 Portsmouth,Retail Channel,Two-person,21 Days,Tuesday|Friday
PO10,TKC25 Portsmouth,Retail Channel,Two-person,21 Days,Tuesday|Friday
PO11,TKC25 Portsmouth,Retail Channel,Two-person,21 Days,Tuesday|Friday
PO12,TKC25 Portsmouth,Retail Channel,Two-person,21 Days,Tuesday|Friday
PO13,TKC25 Portsmouth,Retail Channel,Two-person,21 Days,Tuesday|Friday
PO14,TKC25 Portsmouth,Retail Channel,Two-person,21 Days,Tuesday|Friday
PO15,TKC25 Portsmouth,Retail Channel,Two-person,21 Days,Tuesday|Friday
PO16,TKC25 Portsmouth,Retail Channel,Two-person,21 Days,Tuesday|Friday
PO17,TKC25 Portsmouth,Retail Channel,Two-person,21 Days,Tuesday|Friday
PO18,TKC25 Portsmouth,Retail Channel,Two-person,21 Days,Tuesday|Friday
PO19,TKC25 Portsmouth,Retail Channel,Two-person,21 Days,Tuesday|Friday
PO2,TKC25 Portsmouth,Retail Channel,Two-person,21 Days,Tuesday|Friday
PO20,TKC25 Portsmouth,Retail Channel,Two-person,21 Days,Tuesday|Friday
PO21,TKC25 Portsmouth,Retail Channel,Two-person,21 Days,Tuesday|Friday
PO22,TKC25 Portsmouth,Retail Channel,Two-person,21 Days,Tuesday|Friday
PO3,TKC25 Portsmouth,Retail Channel,Two-person,21 Days,Tuesday|Friday
PO4,TKC25 Portsmouth,Retail Channel,Two-person,21 Days,Tuesday|Friday
PO5,TKC25 Portsmouth,Retail Channel,Two-person,21 Days,Tuesday|Friday
PO6,TKC25 Portsmouth,Retail Channel,Two-person,21 Days,Tuesday|Friday
PO7,TKC25 Portsmouth,Retail Channel,Two-person,21 Days,Tuesday|Friday
PO8,TKC25 Portsmouth,Retail Channel,Two-person,21 Days,Tuesday|Friday
PO9,TKC25 Portsmouth,Retail Channel,Two-person,21 Days,Tuesday|Friday
RG13,TKC25 Portsmouth,Retail Channel,Two-person,21 Days,Tuesday|Friday
RG14,TKC25 Portsmouth,Retail Channel,Two-person,21 Days,Tuesday|Friday
RG15,TKC25 Portsmouth,Retail Channel,Two-person,21 Days,Tuesday|Friday
RG18,TKC25 Portsmouth,Retail Channel,Two-person,21 Days,Tuesday|Friday
RG19,TKC25 Portsmouth,Retail Channel,Two-person,21 Days,Tuesday|Friday
RG20,TKC25 Portsmouth,Retail Channel,Two-person,21 Days,Tuesday|Friday
RG21,TKC25 Portsmouth,Retail Channel,Two-person,21 Days,Tuesday|Friday
RG22,TKC25 Portsmouth,Retail Channel,Two-person,21 Days,Tuesday|Friday
RG23,TKC25 Portsmouth,Retail Channel,Two-person,21 Days,Tuesday|Friday
RG24,TKC25 Portsmouth,Retail Channel,Two-person,21 Days,Tuesday|Friday
RG25,TKC25 Portsmouth,Retail Channel,Two-person,21 Days,Tuesday|Friday
RG26,TKC25 Portsmouth,Retail Channel,Two-person,21 Days,Tuesday|Friday
RG27,TKC25 Portsmouth,Retail Channel,Two-person,21 Days,Tuesday|Friday
RG28,TKC25 Portsmouth,Retail Channel,Two-person,21 Days,Tuesday|Friday
RG29,TKC25 Portsmouth,Retail Channel,Two-person,21 Days,Tuesday|Friday
RG7,TKC25 Portsmouth,Retail Channel,Two-person,21 Days,Tuesday|Friday
RG16,TKC25 Portsmouth,Retail Channel,Two-person,21 Days,Tuesday|Friday
RG17,TKC25 Portsmouth,Retail Channel,Two-person,21 Days,Tuesday|Friday
RG8,TKC25 Portsmouth,Retail Channel,Two-person,21 Days,Tuesday|Friday
RG9,TKC25 Portsmouth,Retail Channel,Two-person,21 Days,Tuesday|Friday
SN9,TKC25 Portsmouth,Retail Channel,Two-person,21 Days,Tuesday|Friday
SN1,TKC25 Portsmouth,Retail Channel,Two-person,21 Days,Tuesday|Friday
SN10,TKC25 Portsmouth,Retail Channel,Two-person,21 Days,Tuesday|Friday
SN11,TKC25 Portsmouth,Retail Channel,Two-person,21 Days,Tuesday|Friday
SN12,TKC25 Portsmouth,Retail Channel,Two-person,21 Days,Tuesday|Friday
SN15,TKC25 Portsmouth,Retail Channel,Two-person,21 Days,Tuesday|Friday
SN17,TKC25 Portsmouth,Retail Channel,Two-person,21 Days,Tuesday|Friday
SN2,TKC25 Portsmouth,Retail Channel,Two-person,21 Days,Tuesday|Friday
SN25,TKC25 Portsmouth,Retail Channel,Two-person,21 Days,Tuesday|Friday
SN26,TKC25 Portsmouth,Retail Channel,Two-person,21 Days,Tuesday|Friday
SN3,TKC25 Portsmouth,Retail Channel,Two-person,21 Days,Tuesday|Friday
SN38,TKC25 Portsmouth,Retail Channel,Two-person,21 Days,Tuesday|Friday
SN4,TKC25 Portsmouth,Retail Channel,Two-person,21 Days,Tuesday|Friday
SN5,TKC25 Portsmouth,Retail Channel,Two-person,21 Days,Tuesday|Friday
SN6,TKC25 Portsmouth,Retail Channel,Two-person,21 Days,Tuesday|Friday
SN7,TKC25 Portsmouth,Retail Channel,Two-person,21 Days,Tuesday|Friday
SN8,TKC25 Portsmouth,Retail Channel,Two-person,21 Days,Tuesday|Friday
SO1,TKC25 Portsmouth,Retail Channel,Two-person,21 Days,Tuesday|Friday
SO14,TKC25 Portsmouth,Retail Channel,Two-person,21 Days,Tuesday|Friday
SO15,TKC25 Portsmouth,Retail Channel,Two-person,21 Days,Tuesday|Friday
SO16,TKC25 Portsmouth,Retail Channel,Two-person,21 Days,Tuesday|Friday
SO17,TKC25 Portsmouth,Retail Channel,Two-person,21 Days,Tuesday|Friday
SO18,TKC25 Portsmouth,Retail Channel,Two-person,21 Days,Tuesday|Friday
SO19,TKC25 Portsmouth,Retail Channel,Two-person,21 Days,Tuesday|Friday
SO2,TKC25 Portsmouth,Retail Channel,Two-person,21 Days,Tuesday|Friday
SO20,TKC25 Portsmouth,Retail Channel,Two-person,21 Days,Tuesday|Friday
SO21,TKC25 Portsmouth,Retail Channel,Two-person,21 Days,Tuesday|Friday
SO22,TKC25 Portsmouth,Retail Channel,Two-person,21 Days,Tuesday|Friday
SO23,TKC25 Portsmouth,Retail Channel,Two-person,21 Days,Tuesday|Friday
SO24,TKC25 Portsmouth,Retail Channel,Two-person,21 Days,Tuesday|Friday
SO25,TKC25 Portsmouth,Retail Channel,Two-person,21 Days,Tuesday|Friday
SO3,TKC25 Portsmouth,Retail Channel,Two-person,21 Days,Tuesday|Friday
SO30,TKC25 Portsmouth,Retail Channel,Two-person,21 Days,Tuesday|Friday
SO31,TKC25 Portsmouth,Retail Channel,Two-person,21 Days,Tuesday|Friday
SO32,TKC25 Portsmouth,Retail Channel,Two-person,21 Days,Tuesday|Friday
SO4,TKC25 Portsmouth,Retail Channel,Two-person,21 Days,Tuesday|Friday
SO40,TKC25 Portsmouth,Retail Channel,Two-person,21 Days,Tuesday|Friday
SO41,TKC25 Portsmouth,Retail Channel,Two-person,21 Days,Tuesday|Friday
SO42,TKC25 Portsmouth,Retail Channel,Two-person,21 Days,Tuesday|Friday
SO43,TKC25 Portsmouth,Retail Channel,Two-person,21 Days,Tuesday|Friday
SO45,TKC25 Portsmouth,Retail Channel,Two-person,21 Days,Tuesday|Friday
SO5,TKC25 Portsmouth,Retail Channel,Two-person,21 Days,Tuesday|Friday
SO50,TKC25 Portsmouth,Retail Channel,Two-person,21 Days,Tuesday|Friday
SO51,TKC25 Portsmouth,Retail Channel,Two-person,21 Days,Tuesday|Friday
SO52,TKC25 Portsmouth,Retail Channel,Two-person,21 Days,Tuesday|Friday
SO53,TKC25 Portsmouth,Retail Channel,Two-person,21 Days,Tuesday|Friday
SO9,TKC25 Portsmouth,Retail Channel,Two-person,21 Days,Tuesday|Friday
SO97,TKC25 Portsmouth,Retail Channel,Two-person,21 Days,Tuesday|Friday
SP1,TKC25 Portsmouth,Retail Channel,Two-person,21 Days,Tuesday|Friday
SP10,TKC25 Portsmouth,Retail Channel,Two-person,21 Days,Tuesday|Friday
SP11,TKC25 Portsmouth,Retail Channel,Two-person,21 Days,Tuesday|Friday
SP2,TKC25 Portsmouth,Retail Channel,Two-person,21 Days,Tuesday|Friday
SP4,TKC25 Portsmouth,Retail Channel,Two-person,21 Days,Tuesday|Friday
SP5,TKC25 Portsmouth,Retail Channel,Two-person,21 Days,Tuesday|Friday
SP6,TKC25 Portsmouth,Retail Channel,Two-person,21 Days,Tuesday|Friday
SP9,TKC25 Portsmouth,Retail Channel,Two-person,21 Days,Tuesday|Friday
SP3,TKC25 Portsmouth,Retail Channel,Two-person,21 Days,Tuesday|Friday
SP7,TKC25 Portsmouth,Retail Channel,Two-person,21 Days,Tuesday|Friday
SP8,TKC25 Portsmouth,Retail Channel,Two-person,21 Days,Tuesday|Friday
BR5,TKC25 Tunbridge,Component Channel,One-person,2 Days,Thursday
BR6,TKC25 Tunbridge,Component Channel,One-person,2 Days,Thursday
BR8,TKC25 Tunbridge,Component Channel,One-person,2 Days,Thursday
CT1,TKC25 Tunbridge,Component Channel,One-person,2 Days,Thursday
CT2,TKC25 Tunbridge,Component Channel,One-person,2 Days,Thursday
CT3,TKC25 Tunbridge,Component Channel,One-person,2 Days,Thursday
CT4,TKC25 Tunbridge,Component Channel,One-person,2 Days,Thursday
CT5,TKC25 Tunbridge,Component Channel,One-person,2 Days,Thursday
CT6,TKC25 Tunbridge,Component Channel,One-person,2 Days,Thursday
CT7,TKC25 Tunbridge,Component Channel,One-person,2 Days,Thursday
CT8,TKC25 Tunbridge,Component Channel,One-person,2 Days,Thursday
CT9,TKC25 Tunbridge,Component Channel,One-person,2 Days,Thursday
CT10,TKC25 Tunbridge,Component Channel,One-person,2 Days,Thursday
CT11,TKC25 Tunbridge,Component Channel,One-person,2 Days,Thursday
CT12,TKC25 Tunbridge,Component Channel,One-person,2 Days,Thursday
CT13,TKC25 Tunbridge,Component Channel,One-person,2 Days,Thursday
CT14,TKC25 Tunbridge,Component Channel,One-person,2 Days,Thursday
CT15,TKC25 Tunbridge,Component Channel,One-person,2 Days,Thursday
CT16,TKC25 Tunbridge,Component Channel,One-person,2 Days,Thursday
CT17,TKC25 Tunbridge,Component Channel,One-person,2 Days,Thursday
CT18,TKC25 Tunbridge,Component Channel,One-person,2 Days,Thursday
CT19,TKC25 Tunbridge,Component Channel,One-person,2 Days,Thursday
CT20,TKC25 Tunbridge,Component Channel,One-person,2 Days,Thursday
CT21,TKC25 Tunbridge,Component Channel,One-person,2 Days,Thursday
DA1,TKC25 Tunbridge,Component Channel,One-person,2 Days,Thursday
DA10,TKC25 Tunbridge,Component Channel,One-person,2 Days,Thursday
DA11,TKC25 Tunbridge,Component Channel,One-person,2 Days,Thursday
DA12,TKC25 Tunbridge,Component Channel,One-person,2 Days,Thursday
DA13,TKC25 Tunbridge,Component Channel,One-person,2 Days,Thursday
DA2,TKC25 Tunbridge,Component Channel,One-person,2 Days,Thursday
DA3,TKC25 Tunbridge,Component Channel,One-person,2 Days,Thursday
DA4,TKC25 Tunbridge,Component Channel,One-person,2 Days,Thursday
DA9,TKC25 Tunbridge,Component Channel,One-person,2 Days,Thursday
ME1,TKC25 Tunbridge,Component Channel,One-person,2 Days,Thursday
ME10,TKC25 Tunbridge,Component Channel,One-person,2 Days,Thursday
ME11,TKC25 Tunbridge,Component Channel,One-person,2 Days,Thursday
ME12,TKC25 Tunbridge,Component Channel,One-person,2 Days,Thursday
ME13,TKC25 Tunbridge,Component Channel,One-person,2 Days,Thursday
ME14,TKC25 Tunbridge,Component Channel,One-person,2 Days,Thursday
ME15,TKC25 Tunbridge,Component Channel,One-person,2 Days,Thursday
ME16,TKC25 Tunbridge,Component Channel,One-person,2 Days,Thursday
ME17,TKC25 Tunbridge,Component Channel,One-person,2 Days,Thursday
ME18,TKC25 Tunbridge,Component Channel,One-person,2 Days,Thursday
ME19,TKC25 Tunbridge,Component Channel,One-person,2 Days,Thursday
ME2,TKC25 Tunbridge,Component Channel,One-person,2 Days,Thursday
ME20,TKC25 Tunbridge,Component Channel,One-person,2 Days,Thursday
ME3,TKC25 Tunbridge,Component Channel,One-person,2 Days,Thursday
ME4,TKC25 Tunbridge,Component Channel,One-person,2 Days,Thursday
ME5,TKC25 Tunbridge,Component Channel,One-person,2 Days,Thursday
ME6,TKC25 Tunbridge,Component Channel,One-person,2 Days,Thursday
ME7,TKC25 Tunbridge,Component Channel,One-person,2 Days,Thursday
ME8,TKC25 Tunbridge,Component Channel,One-person,2 Days,Thursday
ME9,TKC25 Tunbridge,Component Channel,One-person,2 Days,Thursday
ME99,TKC25 Tunbridge,Component Channel,One-person,2 Days,Thursday
RH18,TKC25 Tunbridge,Component Channel,One-person,2 Days,Thursday
RH19,TKC25 Tunbridge,Component Channel,One-person,2 Days,Thursday
RH7,TKC25 Tunbridge,Component Channel,One-person,2 Days,Thursday
RH8,TKC25 Tunbridge,Component Channel,One-person,2 Days,Thursday
RH9,TKC25 Tunbridge,Component Channel,One-person,2 Days,Thursday
TN1,TKC25 Tunbridge,Component Channel,One-person,2 Days,Thursday
TN10,TKC25 Tunbridge,Component Channel,One-person,2 Days,Thursday
TN11,TKC25 Tunbridge,Component Channel,One-person,2 Days,Thursday
TN12,TKC25 Tunbridge,Component Channel,One-person,2 Days,Thursday
TN13,TKC25 Tunbridge,Component Channel,One-person,2 Days,Thursday
TN14,TKC25 Tunbridge,Component Channel,One-person,2 Days,Thursday
TN15,TKC25 Tunbridge,Component Channel,One-person,2 Days,Thursday
TN16,TKC25 Tunbridge,Component Channel,One-person,2 Days,Thursday
TN17,TKC25 Tunbridge,Component Channel,One-person,2 Days,Thursday
TN18,TKC25 Tunbridge,Component Channel,One-person,2 Days,Thursday
TN19,TKC25 Tunbridge,Component Channel,One-person,2 Days,Thursday
TN2,TKC25 Tunbridge,Component Channel,One-person,2 Days,Thursday
TN20,TKC25 Tunbridge,Component Channel,One-person,2 Days,Thursday
TN21,TKC25 Tunbridge,Component Channel,One-person,2 Days,Thursday
TN22,TKC25 Tunbridge,Component Channel,One-person,2 Days,Thursday
TN23,TKC25 Tunbridge,Component Channel,One-person,2 Days,Thursday
TN24,TKC25 Tunbridge,Component Channel,One-person,2 Days,Thursday
TN25,TKC25 Tunbridge,Component Channel,One-person,2 Days,Thursday
TN26,TKC25 Tunbridge,Component Channel,One-person,2 Days,Thursday
TN27,TKC25 Tunbridge,Component Channel,One-person,2 Days,Thursday
TN28,TKC25 Tunbridge,Component Channel,One-person,2 Days,Thursday
TN29,TKC25 Tunbridge,Component Channel,One-person,2 Days,Thursday
TN3,TKC25 Tunbridge,Component Channel,One-person,2 Days,Thursday
TN30,TKC25 Tunbridge,Component Channel,One-person,2 Days,Thursday
TN31,TKC25 Tunbridge,Component Channel,One-person,2 Days,Thursday
TN32,TKC25 Tunbridge,Component Channel,One-person,2 Days,Thursday
TN33,TKC25 Tunbridge,Component Channel,One-person,2 Days,Thursday
TN34,TKC25 Tunbridge,Component Channel,One-person,2 Days,Thursday
TN35,TKC25 Tunbridge,Component Channel,One-person,2 Days,Thursday
TN36,TKC25 Tunbridge,Component Channel,One-person,2 Days,Thursday
TN37,TKC25 Tunbridge,Component Channel,One-person,2 Days,Thursday
TN38,TKC25 Tunbridge,Component Channel,One-person,2 Days,Thursday
TN39,TKC25 Tunbridge,Component Channel,One-person,2 Days,Thursday
TN4,TKC25 Tunbridge,Component Channel,One-person,2 Days,Thursday
TN40,TKC25 Tunbridge,Component Channel,One-person,2 Days,Thursday
TN5,TKC25 Tunbridge,Component Channel,One-person,2 Days,Thursday
TN6,TKC25 Tunbridge,Component Channel,One-person,2 Days,Thursday
TN7,TKC25 Tunbridge,Component Channel,One-person,2 Days,Thursday
TN8,TKC25 Tunbridge,Component Channel,One-person,2 Days,Thursday
TN9,TKC25 Tunbridge,Component Channel,One-person,2 Days,Thursday
BR5,TKC25 Tunbridge,Jigsaw Channel,Two-person,5 Days,Thursday
BR6,TKC25 Tunbridge,Jigsaw Channel,Two-person,5 Days,Thursday
BR8,TKC25 Tunbridge,Jigsaw Channel,Two-person,5 Days,Thursday
CT1,TKC25 Tunbridge,Jigsaw Channel,Two-person,5 Days,Thursday
CT2,TKC25 Tunbridge,Jigsaw Channel,Two-person,5 Days,Thursday
CT3,TKC25 Tunbridge,Jigsaw Channel,Two-person,5 Days,Thursday
CT4,TKC25 Tunbridge,Jigsaw Channel,Two-person,5 Days,Thursday
CT5,TKC25 Tunbridge,Jigsaw Channel,Two-person,5 Days,Thursday
CT6,TKC25 Tunbridge,Jigsaw Channel,Two-person,5 Days,Thursday
CT7,TKC25 Tunbridge,Jigsaw Channel,Two-person,5 Days,Thursday
CT8,TKC25 Tunbridge,Jigsaw Channel,Two-person,5 Days,Thursday
CT9,TKC25 Tunbridge,Jigsaw Channel,Two-person,5 Days,Thursday
CT10,TKC25 Tunbridge,Jigsaw Channel,Two-person,5 Days,Thursday
CT11,TKC25 Tunbridge,Jigsaw Channel,Two-person,5 Days,Thursday
CT12,TKC25 Tunbridge,Jigsaw Channel,Two-person,5 Days,Thursday
CT13,TKC25 Tunbridge,Jigsaw Channel,Two-person,5 Days,Thursday
CT14,TKC25 Tunbridge,Jigsaw Channel,Two-person,5 Days,Thursday
CT15,TKC25 Tunbridge,Jigsaw Channel,Two-person,5 Days,Thursday
CT16,TKC25 Tunbridge,Jigsaw Channel,Two-person,5 Days,Thursday
CT17,TKC25 Tunbridge,Jigsaw Channel,Two-person,5 Days,Thursday
CT18,TKC25 Tunbridge,Jigsaw Channel,Two-person,5 Days,Thursday
CT19,TKC25 Tunbridge,Jigsaw Channel,Two-person,5 Days,Thursday
CT20,TKC25 Tunbridge,Jigsaw Channel,Two-person,5 Days,Thursday
CT21,TKC25 Tunbridge,Jigsaw Channel,Two-person,5 Days,Thursday
DA1,TKC25 Tunbridge,Jigsaw Channel,Two-person,5 Days,Thursday
DA10,TKC25 Tunbridge,Jigsaw Channel,Two-person,5 Days,Thursday
DA11,TKC25 Tunbridge,Jigsaw Channel,Two-person,5 Days,Thursday
DA12,TKC25 Tunbridge,Jigsaw Channel,Two-person,5 Days,Thursday
DA13,TKC25 Tunbridge,Jigsaw Channel,Two-person,5 Days,Thursday
DA2,TKC25 Tunbridge,Jigsaw Channel,Two-person,5 Days,Thursday
DA3,TKC25 Tunbridge,Jigsaw Channel,Two-person,5 Days,Thursday
DA4,TKC25 Tunbridge,Jigsaw Channel,Two-person,5 Days,Thursday
DA9,TKC25 Tunbridge,Jigsaw Channel,Two-person,5 Days,Thursday
ME1,TKC25 Tunbridge,Jigsaw Channel,Two-person,5 Days,Thursday
ME10,TKC25 Tunbridge,Jigsaw Channel,Two-person,5 Days,Thursday
ME11,TKC25 Tunbridge,Jigsaw Channel,Two-person,5 Days,Thursday
ME12,TKC25 Tunbridge,Jigsaw Channel,Two-person,5 Days,Thursday
ME13,TKC25 Tunbridge,Jigsaw Channel,Two-person,5 Days,Thursday
ME14,TKC25 Tunbridge,Jigsaw Channel,Two-person,5 Days,Thursday
ME15,TKC25 Tunbridge,Jigsaw Channel,Two-person,5 Days,Thursday
ME16,TKC25 Tunbridge,Jigsaw Channel,Two-person,5 Days,Thursday
ME17,TKC25 Tunbridge,Jigsaw Channel,Two-person,5 Days,Thursday
ME18,TKC25 Tunbridge,Jigsaw Channel,Two-person,5 Days,Thursday
ME19,TKC25 Tunbridge,Jigsaw Channel,Two-person,5 Days,Thursday
ME2,TKC25 Tunbridge,Jigsaw Channel,Two-person,5 Days,Thursday
ME20,TKC25 Tunbridge,Jigsaw Channel,Two-person,5 Days,Thursday
ME3,TKC25 Tunbridge,Jigsaw Channel,Two-person,5 Days,Thursday
ME4,TKC25 Tunbridge,Jigsaw Channel,Two-person,5 Days,Thursday
ME5,TKC25 Tunbridge,Jigsaw Channel,Two-person,5 Days,Thursday
ME6,TKC25 Tunbridge,Jigsaw Channel,Two-person,5 Days,Thursday
ME7,TKC25 Tunbridge,Jigsaw Channel,Two-person,5 Days,Thursday
ME8,TKC25 Tunbridge,Jigsaw Channel,Two-person,5 Days,Thursday
ME9,TKC25 Tunbridge,Jigsaw Channel,Two-person,5 Days,Thursday
ME99,TKC25 Tunbridge,Jigsaw Channel,Two-person,5 Days,Thursday
RH18,TKC25 Tunbridge,Jigsaw Channel,Two-person,5 Days,Thursday
RH19,TKC25 Tunbridge,Jigsaw Channel,Two-person,5 Days,Thursday
RH7,TKC25 Tunbridge,Jigsaw Channel,Two-person,5 Days,Thursday
RH8,TKC25 Tunbridge,Jigsaw Channel,Two-person,5 Days,Thursday
RH9,TKC25 Tunbridge,Jigsaw Channel,Two-person,5 Days,Thursday
TN1,TKC25 Tunbridge,Jigsaw Channel,Two-person,5 Days,Thursday
TN10,TKC25 Tunbridge,Jigsaw Channel,Two-person,5 Days,Thursday
TN11,TKC25 Tunbridge,Jigsaw Channel,Two-person,5 Days,Thursday
TN12,TKC25 Tunbridge,Jigsaw Channel,Two-person,5 Days,Thursday
TN13,TKC25 Tunbridge,Jigsaw Channel,Two-person,5 Days,Thursday
TN14,TKC25 Tunbridge,Jigsaw Channel,Two-person,5 Days,Thursday
TN15,TKC25 Tunbridge,Jigsaw Channel,Two-person,5 Days,Thursday
TN16,TKC25 Tunbridge,Jigsaw Channel,Two-person,5 Days,Thursday
TN17,TKC25 Tunbridge,Jigsaw Channel,Two-person,5 Days,Thursday
TN18,TKC25 Tunbridge,Jigsaw Channel,Two-person,5 Days,Thursday
TN19,TKC25 Tunbridge,Jigsaw Channel,Two-person,5 Days,Thursday
TN2,TKC25 Tunbridge,Jigsaw Channel,Two-person,5 Days,Thursday
TN20,TKC25 Tunbridge,Jigsaw Channel,Two-person,5 Days,Thursday
TN21,TKC25 Tunbridge,Jigsaw Channel,Two-person,5 Days,Thursday
TN22,TKC25 Tunbridge,Jigsaw Channel,Two-person,5 Days,Thursday
TN23,TKC25 Tunbridge,Jigsaw Channel,Two-person,5 Days,Thursday
TN24,TKC25 Tunbridge,Jigsaw Channel,Two-person,5 Days,Thursday
TN25,TKC25 Tunbridge,Jigsaw Channel,Two-person,5 Days,Thursday
TN26,TKC25 Tunbridge,Jigsaw Channel,Two-person,5 Days,Thursday
TN27,TKC25 Tunbridge,Jigsaw Channel,Two-person,5 Days,Thursday
TN28,TKC25 Tunbridge,Jigsaw Channel,Two-person,5 Days,Thursday
TN29,TKC25 Tunbridge,Jigsaw Channel,Two-person,5 Days,Thursday
TN3,TKC25 Tunbridge,Jigsaw Channel,Two-person,5 Days,Thursday
TN30,TKC25 Tunbridge,Jigsaw Channel,Two-person,5 Days,Thursday
TN31,TKC25 Tunbridge,Jigsaw Channel,Two-person,5 Days,Thursday
TN32,TKC25 Tunbridge,Jigsaw Channel,Two-person,5 Days,Thursday
TN33,TKC25 Tunbridge,Jigsaw Channel,Two-person,5 Days,Thursday
TN34,TKC25 Tunbridge,Jigsaw Channel,Two-person,5 Days,Thursday
TN35,TKC25 Tunbridge,Jigsaw Channel,Two-person,5 Days,Thursday
TN36,TKC25 Tunbridge,Jigsaw Channel,Two-person,5 Days,Thursday
TN37,TKC25 Tunbridge,Jigsaw Channel,Two-person,5 Days,Thursday
TN38,TKC25 Tunbridge,Jigsaw Channel,Two-person,5 Days,Thursday
TN39,TKC25 Tunbridge,Jigsaw Channel,Two-person,5 Days,Thursday
TN4,TKC25 Tunbridge,Jigsaw Channel,Two-person,5 Days,Thursday
TN40,TKC25 Tunbridge,Jigsaw Channel,Two-person,5 Days,Thursday
TN5,TKC25 Tunbridge,Jigsaw Channel,Two-person,5 Days,Thursday
TN6,TKC25 Tunbridge,Jigsaw Channel,Two-person,5 Days,Thursday
TN7,TKC25 Tunbridge,Jigsaw Channel,Two-person,5 Days,Thursday
TN8,TKC25 Tunbridge,Jigsaw Channel,Two-person,5 Days,Thursday
TN9,TKC25 Tunbridge,Jigsaw Channel,Two-person,5 Days,Thursday
BR5,TKC25 Tunbridge,Merchant Channel,Two-person,5 Days,Thursday
BR6,TKC25 Tunbridge,Merchant Channel,Two-person,5 Days,Thursday
BR8,TKC25 Tunbridge,Merchant Channel,Two-person,5 Days,Thursday
CT1,TKC25 Tunbridge,Merchant Channel,Two-person,5 Days,Thursday
CT2,TKC25 Tunbridge,Merchant Channel,Two-person,5 Days,Thursday
CT3,TKC25 Tunbridge,Merchant Channel,Two-person,5 Days,Thursday
CT4,TKC25 Tunbridge,Merchant Channel,Two-person,5 Days,Thursday
CT5,TKC25 Tunbridge,Merchant Channel,Two-person,5 Days,Thursday
CT6,TKC25 Tunbridge,Merchant Channel,Two-person,5 Days,Thursday
CT7,TKC25 Tunbridge,Merchant Channel,Two-person,5 Days,Thursday
CT8,TKC25 Tunbridge,Merchant Channel,Two-person,5 Days,Thursday
CT9,TKC25 Tunbridge,Merchant Channel,Two-person,5 Days,Thursday
CT10,TKC25 Tunbridge,Merchant Channel,Two-person,5 Days,Thursday
CT11,TKC25 Tunbridge,Merchant Channel,Two-person,5 Days,Thursday
CT12,TKC25 Tunbridge,Merchant Channel,Two-person,5 Days,Thursday
CT13,TKC25 Tunbridge,Merchant Channel,Two-person,5 Days,Thursday
CT14,TKC25 Tunbridge,Merchant Channel,Two-person,5 Days,Thursday
CT15,TKC25 Tunbridge,Merchant Channel,Two-person,5 Days,Thursday
CT16,TKC25 Tunbridge,Merchant Channel,Two-person,5 Days,Thursday
CT17,TKC25 Tunbridge,Merchant Channel,Two-person,5 Days,Thursday
CT18,TKC25 Tunbridge,Merchant Channel,Two-person,5 Days,Thursday
CT19,TKC25 Tunbridge,Merchant Channel,Two-person,5 Days,Thursday
CT20,TKC25 Tunbridge,Merchant Channel,Two-person,5 Days,Thursday
CT21,TKC25 Tunbridge,Merchant Channel,Two-person,5 Days,Thursday
DA1,TKC25 Tunbridge,Merchant Channel,Two-person,5 Days,Thursday
DA10,TKC25 Tunbridge,Merchant Channel,Two-person,5 Days,Thursday
DA11,TKC25 Tunbridge,Merchant Channel,Two-person,5 Days,Thursday
DA12,TKC25 Tunbridge,Merchant Channel,Two-person,5 Days,Thursday
DA13,TKC25 Tunbridge,Merchant Channel,Two-person,5 Days,Thursday
DA2,TKC25 Tunbridge,Merchant Channel,Two-person,5 Days,Thursday
DA3,TKC25 Tunbridge,Merchant Channel,Two-person,5 Days,Thursday
DA4,TKC25 Tunbridge,Merchant Channel,Two-person,5 Days,Thursday
DA9,TKC25 Tunbridge,Merchant Channel,Two-person,5 Days,Thursday
ME1,TKC25 Tunbridge,Merchant Channel,Two-person,5 Days,Thursday
ME10,TKC25 Tunbridge,Merchant Channel,Two-person,5 Days,Thursday
ME11,TKC25 Tunbridge,Merchant Channel,Two-person,5 Days,Thursday
ME12,TKC25 Tunbridge,Merchant Channel,Two-person,5 Days,Thursday
ME13,TKC25 Tunbridge,Merchant Channel,Two-person,5 Days,Thursday
ME14,TKC25 Tunbridge,Merchant Channel,Two-person,5 Days,Thursday
ME15,TKC25 Tunbridge,Merchant Channel,Two-person,5 Days,Thursday
ME16,TKC25 Tunbridge,Merchant Channel,Two-person,5 Days,Thursday
ME17,TKC25 Tunbridge,Merchant Channel,Two-person,5 Days,Thursday
ME18,TKC25 Tunbridge,Merchant Channel,Two-person,5 Days,Thursday
ME19,TKC25 Tunbridge,Merchant Channel,Two-person,5 Days,Thursday
ME2,TKC25 Tunbridge,Merchant Channel,Two-person,5 Days,Thursday
ME20,TKC25 Tunbridge,Merchant Channel,Two-person,5 Days,Thursday
ME3,TKC25 Tunbridge,Merchant Channel,Two-person,5 Days,Thursday
ME4,TKC25 Tunbridge,Merchant Channel,Two-person,5 Days,Thursday
ME5,TKC25 Tunbridge,Merchant Channel,Two-person,5 Days,Thursday
ME6,TKC25 Tunbridge,Merchant Channel,Two-person,5 Days,Thursday
ME7,TKC25 Tunbridge,Merchant Channel,Two-person,5 Days,Thursday
ME8,TKC25 Tunbridge,Merchant Channel,Two-person,5 Days,Thursday
ME9,TKC25 Tunbridge,Merchant Channel,Two-person,5 Days,Thursday
ME99,TKC25 Tunbridge,Merchant Channel,Two-person,5 Days,Thursday
RH18,TKC25 Tunbridge,Merchant Channel,Two-person,5 Days,Thursday
RH19,TKC25 Tunbridge,Merchant Channel,Two-person,5 Days,Thursday
RH7,TKC25 Tunbridge,Merchant Channel,Two-person,5 Days,Thursday
RH8,TKC25 Tunbridge,Merchant Channel,Two-person,5 Days,Thursday
RH9,TKC25 Tunbridge,Merchant Channel,Two-person,5 Days,Thursday
TN1,TKC25 Tunbridge,Merchant Channel,Two-person,5 Days,Thursday
TN10,TKC25 Tunbridge,Merchant Channel,Two-person,5 Days,Thursday
TN11,TKC25 Tunbridge,Merchant Channel,Two-person,5 Days,Thursday
TN12,TKC25 Tunbridge,Merchant Channel,Two-person,5 Days,Thursday
TN13,TKC25 Tunbridge,Merchant Channel,Two-person,5 Days,Thursday
TN14,TKC25 Tunbridge,Merchant Channel,Two-person,5 Days,Thursday
TN15,TKC25 Tunbridge,Merchant Channel,Two-person,5 Days,Thursday
TN16,TKC25 Tunbridge,Merchant Channel,Two-person,5 Days,Thursday
TN17,TKC25 Tunbridge,Merchant Channel,Two-person,5 Days,Thursday
TN18,TKC25 Tunbridge,Merchant Channel,Two-person,5 Days,Thursday
TN19,TKC25 Tunbridge,Merchant Channel,Two-person,5 Days,Thursday
TN2,TKC25 Tunbridge,Merchant Channel,Two-person,5 Days,Thursday
TN20,TKC25 Tunbridge,Merchant Channel,Two-person,5 Days,Thursday
TN21,TKC25 Tunbridge,Merchant Channel,Two-person,5 Days,Thursday
TN22,TKC25 Tunbridge,Merchant Channel,Two-person,5 Days,Thursday
TN23,TKC25 Tunbridge,Merchant Channel,Two-person,5 Days,Thursday
TN24,TKC25 Tunbridge,Merchant Channel,Two-person,5 Days,Thursday
TN25,TKC25 Tunbridge,Merchant Channel,Two-person,5 Days,Thursday
TN26,TKC25 Tunbridge,Merchant Channel,Two-person,5 Days,Thursday
TN27,TKC25 Tunbridge,Merchant Channel,Two-person,5 Days,Thursday
TN28,TKC25 Tunbridge,Merchant Channel,Two-person,5 Days,Thursday
TN29,TKC25 Tunbridge,Merchant Channel,Two-person,5 Days,Thursday
TN3,TKC25 Tunbridge,Merchant Channel,Two-person,5 Days,Thursday
TN30,TKC25 Tunbridge,Merchant Channel,Two-person,5 Days,Thursday
TN31,TKC25 Tunbridge,Merchant Channel,Two-person,5 Days,Thursday
TN32,TKC25 Tunbridge,Merchant Channel,Two-person,5 Days,Thursday
TN33,TKC25 Tunbridge,Merchant Channel,Two-person,5 Days,Thursday
TN34,TKC25 Tunbridge,Merchant Channel,Two-person,5 Days,Thursday
TN35,TKC25 Tunbridge,Merchant Channel,Two-person,5 Days,Thursday
TN36,TKC25 Tunbridge,Merchant Channel,Two-person,5 Days,Thursday
TN37,TKC25 Tunbridge,Merchant Channel,Two-person,5 Days,Thursday
TN38,TKC25 Tunbridge,Merchant Channel,Two-person,5 Days,Thursday
TN39,TKC25 Tunbridge,Merchant Channel,Two-person,5 Days,Thursday
TN4,TKC25 Tunbridge,Merchant Channel,Two-person,5 Days,Thursday
TN40,TKC25 Tunbridge,Merchant Channel,Two-person,5 Days,Thursday
TN5,TKC25 Tunbridge,Merchant Channel,Two-person,5 Days,Thursday
TN6,TKC25 Tunbridge,Merchant Channel,Two-person,5 Days,Thursday
TN7,TKC25 Tunbridge,Merchant Channel,Two-person,5 Days,Thursday
TN8,TKC25 Tunbridge,Merchant Channel,Two-person,5 Days,Thursday
TN9,TKC25 Tunbridge,Merchant Channel,Two-person,5 Days,Thursday
BR5,TKC25 Tunbridge,Retail Channel,Two-person,21 Days,Thursday
BR6,TKC25 Tunbridge,Retail Channel,Two-person,21 Days,Thursday
BR8,TKC25 Tunbridge,Retail Channel,Two-person,21 Days,Thursday
CT1,TKC25 Tunbridge,Retail Channel,Two-person,21 Days,Thursday
CT2,TKC25 Tunbridge,Retail Channel,Two-person,21 Days,Thursday
CT3,TKC25 Tunbridge,Retail Channel,Two-person,21 Days,Thursday
CT4,TKC25 Tunbridge,Retail Channel,Two-person,21 Days,Thursday
CT5,TKC25 Tunbridge,Retail Channel,Two-person,21 Days,Thursday
CT6,TKC25 Tunbridge,Retail Channel,Two-person,21 Days,Thursday
CT7,TKC25 Tunbridge,Retail Channel,Two-person,21 Days,Thursday
CT8,TKC25 Tunbridge,Retail Channel,Two-person,21 Days,Thursday
CT9,TKC25 Tunbridge,Retail Channel,Two-person,21 Days,Thursday
CT10,TKC25 Tunbridge,Retail Channel,Two-person,21 Days,Thursday
CT11,TKC25 Tunbridge,Retail Channel,Two-person,21 Days,Thursday
CT12,TKC25 Tunbridge,Retail Channel,Two-person,21 Days,Thursday
CT13,TKC25 Tunbridge,Retail Channel,Two-person,21 Days,Thursday
CT14,TKC25 Tunbridge,Retail Channel,Two-person,21 Days,Thursday
CT15,TKC25 Tunbridge,Retail Channel,Two-person,21 Days,Thursday
CT16,TKC25 Tunbridge,Retail Channel,Two-person,21 Days,Thursday
CT17,TKC25 Tunbridge,Retail Channel,Two-person,21 Days,Thursday
CT18,TKC25 Tunbridge,Retail Channel,Two-person,21 Days,Thursday
CT19,TKC25 Tunbridge,Retail Channel,Two-person,21 Days,Thursday
CT20,TKC25 Tunbridge,Retail Channel,Two-person,21 Days,Thursday
CT21,TKC25 Tunbridge,Retail Channel,Two-person,21 Days,Thursday
DA1,TKC25 Tunbridge,Retail Channel,Two-person,21 Days,Thursday
DA10,TKC25 Tunbridge,Retail Channel,Two-person,21 Days,Thursday
DA11,TKC25 Tunbridge,Retail Channel,Two-person,21 Days,Thursday
DA12,TKC25 Tunbridge,Retail Channel,Two-person,21 Days,Thursday
DA13,TKC25 Tunbridge,Retail Channel,Two-person,21 Days,Thursday
DA2,TKC25 Tunbridge,Retail Channel,Two-person,21 Days,Thursday
DA3,TKC25 Tunbridge,Retail Channel,Two-person,21 Days,Thursday
DA4,TKC25 Tunbridge,Retail Channel,Two-person,21 Days,Thursday
DA9,TKC25 Tunbridge,Retail Channel,Two-person,21 Days,Thursday
ME1,TKC25 Tunbridge,Retail Channel,Two-person,21 Days,Thursday
ME10,TKC25 Tunbridge,Retail Channel,Two-person,21 Days,Thursday
ME11,TKC25 Tunbridge,Retail Channel,Two-person,21 Days,Thursday
ME12,TKC25 Tunbridge,Retail Channel,Two-person,21 Days,Thursday
ME13,TKC25 Tunbridge,Retail Channel,Two-person,21 Days,Thursday
ME14,TKC25 Tunbridge,Retail Channel,Two-person,21 Days,Thursday
ME15,TKC25 Tunbridge,Retail Channel,Two-person,21 Days,Thursday
ME16,TKC25 Tunbridge,Retail Channel,Two-person,21 Days,Thursday
ME17,TKC25 Tunbridge,Retail Channel,Two-person,21 Days,Thursday
ME18,TKC25 Tunbridge,Retail Channel,Two-person,21 Days,Thursday
ME19,TKC25 Tunbridge,Retail Channel,Two-person,21 Days,Thursday
ME2,TKC25 Tunbridge,Retail Channel,Two-person,21 Days,Thursday
ME20,TKC25 Tunbridge,Retail Channel,Two-person,21 Days,Thursday
ME3,TKC25 Tunbridge,Retail Channel,Two-person,21 Days,Thursday
ME4,TKC25 Tunbridge,Retail Channel,Two-person,21 Days,Thursday
ME5,TKC25 Tunbridge,Retail Channel,Two-person,21 Days,Thursday
ME6,TKC25 Tunbridge,Retail Channel,Two-person,21 Days,Thursday
ME7,TKC25 Tunbridge,Retail Channel,Two-person,21 Days,Thursday
ME8,TKC25 Tunbridge,Retail Channel,Two-person,21 Days,Thursday
ME9,TKC25 Tunbridge,Retail Channel,Two-person,21 Days,Thursday
ME99,TKC25 Tunbridge,Retail Channel,Two-person,21 Days,Thursday
RH18,TKC25 Tunbridge,Retail Channel,Two-person,21 Days,Thursday
RH19,TKC25 Tunbridge,Retail Channel,Two-person,21 Days,Thursday
RH7,TKC25 Tunbridge,Retail Channel,Two-person,21 Days,Thursday
RH8,TKC25 Tunbridge,Retail Channel,Two-person,21 Days,Thursday
RH9,TKC25 Tunbridge,Retail Channel,Two-person,21 Days,Thursday
TN1,TKC25 Tunbridge,Retail Channel,Two-person,21 Days,Thursday
TN10,TKC25 Tunbridge,Retail Channel,Two-person,21 Days,Thursday
TN11,TKC25 Tunbridge,Retail Channel,Two-person,21 Days,Thursday
TN12,TKC25 Tunbridge,Retail Channel,Two-person,21 Days,Thursday
TN13,TKC25 Tunbridge,Retail Channel,Two-person,21 Days,Thursday
TN14,TKC25 Tunbridge,Retail Channel,Two-person,21 Days,Thursday
TN15,TKC25 Tunbridge,Retail Channel,Two-person,21 Days,Thursday
TN16,TKC25 Tunbridge,Retail Channel,Two-person,21 Days,Thursday
TN17,TKC25 Tunbridge,Retail Channel,Two-person,21 Days,Thursday
TN18,TKC25 Tunbridge,Retail Channel,Two-person,21 Days,Thursday
TN19,TKC25 Tunbridge,Retail Channel,Two-person,21 Days,Thursday
TN2,TKC25 Tunbridge,Retail Channel,Two-person,21 Days,Thursday
TN20,TKC25 Tunbridge,Retail Channel,Two-person,21 Days,Thursday
TN21,TKC25 Tunbridge,Retail Channel,Two-person,21 Days,Thursday
TN22,TKC25 Tunbridge,Retail Channel,Two-person,21 Days,Thursday
TN23,TKC25 Tunbridge,Retail Channel,Two-person,21 Days,Thursday
TN24,TKC25 Tunbridge,Retail Channel,Two-person,21 Days,Thursday
TN25,TKC25 Tunbridge,Retail Channel,Two-person,21 Days,Thursday
TN26,TKC25 Tunbridge,Retail Channel,Two-person,21 Days,Thursday
TN27,TKC25 Tunbridge,Retail Channel,Two-person,21 Days,Thursday
TN28,TKC25 Tunbridge,Retail Channel,Two-person,21 Days,Thursday
TN29,TKC25 Tunbridge,Retail Channel,Two-person,21 Days,Thursday
TN3,TKC25 Tunbridge,Retail Channel,Two-person,21 Days,Thursday
TN30,TKC25 Tunbridge,Retail Channel,Two-person,21 Days,Thursday
TN31,TKC25 Tunbridge,Retail Channel,Two-person,21 Days,Thursday
TN32,TKC25 Tunbridge,Retail Channel,Two-person,21 Days,Thursday
TN33,TKC25 Tunbridge,Retail Channel,Two-person,21 Days,Thursday
TN34,TKC25 Tunbridge,Retail Channel,Two-person,21 Days,Thursday
TN35,TKC25 Tunbridge,Retail Channel,Two-person,21 Days,Thursday
TN36,TKC25 Tunbridge,Retail Channel,Two-person,21 Days,Thursday
TN37,TKC25 Tunbridge,Retail Channel,Two-person,21 Days,Thursday
TN38,TKC25 Tunbridge,Retail Channel,Two-person,21 Days,Thursday
TN39,TKC25 Tunbridge,Retail Channel,Two-person,21 Days,Thursday
TN4,TKC25 Tunbridge,Retail Channel,Two-person,21 Days,Thursday
TN40,TKC25 Tunbridge,Retail Channel,Two-person,21 Days,Thursday
TN5,TKC25 Tunbridge,Retail Channel,Two-person,21 Days,Thursday
TN6,TKC25 Tunbridge,Retail Channel,Two-person,21 Days,Thursday
TN7,TKC25 Tunbridge,Retail Channel,Two-person,21 Days,Thursday
TN8,TKC25 Tunbridge,Retail Channel,Two-person,21 Days,Thursday
TN9,TKC25 Tunbridge,Retail Channel,Two-person,21 Days,Thursday
